# WaveFront *.obj file (generated by Cinema 4D)

mtllib Forklift.mtl

v -77.322606 59.531996 24.704675 1.000000 0.480000 0.480000
v -77.323159 59.531839 0.000000 1.000000 0.480000 0.480000
v -75.488308 53.625579 0.000000 1.000000 0.480000 0.480000
v -73.731769 54.609076 23.300408 1.000000 0.480000 0.480000
v -73.732629 54.612511 0.000000 1.000000 0.480000 0.480000
v -75.290933 59.628392 0.000000 1.000000 0.480000 0.480000
v -75.290392 59.628546 23.561273 1.000000 0.480000 0.480000
v -74.670122 53.855505 24.397504 1.000000 0.480000 0.480000
v -74.671130 53.859375 0.000000 1.000000 0.480000 0.480000
v -76.505981 59.765635 0.000000 1.000000 0.480000 0.480000
v -76.505428 59.765792 24.704667 1.000000 0.480000 0.480000
v -75.487300 53.621709 24.397513 1.000000 0.480000 0.480000
v -77.322606 59.531996 -24.704675 1.000000 0.480000 0.480000
v -77.742281 60.474059 -24.397513 1.000000 0.480000 0.480000
v -78.760409 66.618142 -24.704666 1.000000 0.480000 0.480000
v -73.731769 54.609076 -23.300408 1.000000 0.480000 0.480000
v -76.925103 60.707855 -24.397504 1.000000 0.480000 0.480000
v -77.545372 66.480896 -23.561273 1.000000 0.480000 0.480000
v -75.290392 59.628546 -23.561273 1.000000 0.480000 0.480000
v -74.670122 53.855505 -24.397504 1.000000 0.480000 0.480000
v -75.986749 61.461425 -23.300408 1.000000 0.480000 0.480000
v -79.577587 66.384345 -24.704675 1.000000 0.480000 0.480000
v -76.505428 59.765792 -24.704666 1.000000 0.480000 0.480000
v -75.487300 53.621709 -24.397513 1.000000 0.480000 0.480000
v -62.637265 51.844098 25.616621 1.000000 0.480000 0.480000
v -61.447873 50.654706 21.342822 1.000000 0.480000 0.480000
v -60.955210 51.844098 25.036035 1.000000 0.480000 0.480000
v -60.955210 51.844098 21.342822 1.000000 0.480000 0.480000
v -61.447873 53.033490 25.036035 1.000000 0.480000 0.480000
v -61.447873 53.033490 21.342822 1.000000 0.480000 0.480000
v -62.637265 53.526153 25.036035 1.000000 0.480000 0.480000
v -62.637265 53.526153 21.342822 1.000000 0.480000 0.480000
v -63.826657 53.033490 25.036035 1.000000 0.480000 0.480000
v -63.826657 53.033490 21.342822 1.000000 0.480000 0.480000
v -64.319319 51.844098 25.036035 1.000000 0.480000 0.480000
v -64.319319 51.844098 21.342822 0.000000 0.000000 0.000000
v -63.826657 50.654706 25.036035 1.000000 0.984314 0.000000
v -63.826657 50.654706 21.342822 1.000000 0.984314 0.000000
v -62.637265 50.162044 25.036035 1.000000 0.984314 0.000000
v -62.637265 50.162044 21.342822 1.000000 0.984314 0.000000
v -61.447873 50.654706 25.036035 1.000000 0.984314 0.000000
v -92.581128 25.045363 -31.711056 1.000000 0.984314 0.000000
v -185.310073 9.289081 26.016068 1.000000 0.984314 0.000000
v -185.310073 13.688837 26.617041 1.000000 0.984314 0.000000
v -184.849731 21.241630 31.016718 1.000000 0.984314 0.000000
v -185.310073 9.894087 26.610928 1.000000 0.984314 0.000000
v -179.800329 27.384601 31.002205 1.000000 0.984314 0.000000
v -172.832882 34.115432 31.006482 1.000000 0.984314 0.000000
v -185.310073 9.289137 19.693840 1.000000 0.984314 0.000000
v -96.138838 71.111824 -1.312150 1.000000 0.984314 0.000000
v -99.077199 69.183477 -2.096712 1.000000 0.984314 0.000000
v -98.031330 69.235295 -1.315081 1.000000 0.984314 0.000000
v -191.191246 47.091567 -25.998352 1.000000 0.984314 0.000000
v -97.084229 70.173559 -1.865580 1.000000 0.984314 0.000000
v -99.019012 72.126527 -2.971679 1.000000 0.984314 0.000000
v -100.520494 70.639053 -2.098947 1.000000 0.984314 0.000000
v -105.627449 71.094621 -5.416162 1.000000 0.984314 0.000000
v -148.631840 65.791564 -24.137456 1.000000 0.984314 0.000000
v -193.498494 27.328225 32.109886 1.000000 0.984314 0.000000
v -194.642088 24.340283 33.165477 1.000000 0.984314 0.000000
v -187.605153 27.494886 32.109886 1.000000 0.984314 0.000000
v -194.642088 24.340283 21.145079 1.000000 0.984314 0.000000
v -193.498494 24.340283 20.911999 1.000000 0.984314 0.000000
v -193.902539 21.352341 32.484282 1.000000 0.984314 0.000000
v -187.605153 24.340283 30.981532 1.000000 0.984314 0.000000
v -187.605153 21.185679 32.109886 1.000000 0.984314 0.000000
v -193.902539 27.328225 32.484282 1.000000 0.984314 0.000000
v -193.902539 21.352341 21.145079 1.000000 0.984314 0.000000
v -193.498494 21.352341 21.145079 1.000000 0.984314 0.000000
v -193.902539 27.328225 21.145079 1.000000 0.984314 0.000000
v -193.498494 21.352341 32.109886 1.000000 0.984314 0.000000
v -187.605153 24.340283 32.109886 1.000000 0.984314 0.000000
v -193.498494 27.328225 21.145079 1.000000 0.984314 0.000000
v -192.549683 24.340283 20.911999 1.000000 0.984314 0.000000
v -187.756947 21.351973 32.484282 1.000000 0.984314 0.000000
v -187.756947 27.328592 32.484282 1.000000 0.984314 0.000000
v -187.756947 21.352341 32.109886 1.000000 0.984314 0.000000
v -192.534036 21.185679 30.986457 1.000000 0.984314 0.000000
v -193.498494 24.340283 21.145079 1.000000 0.984314 0.000000
v -187.756947 27.328225 32.109886 1.000000 0.984314 0.000000
v -187.756947 24.340283 32.109886 1.000000 0.984314 0.000000
v -187.756947 24.340283 33.162153 1.000000 0.984314 0.000000
v -193.498494 27.494886 32.109886 1.000000 0.984314 0.000000
v -192.534036 27.494886 30.986457 1.000000 0.984314 0.000000
v -192.549683 21.185680 20.911999 1.000000 0.984314 0.000000
v -193.498494 21.185680 20.911999 1.000000 0.984314 0.000000
v -192.549683 27.494886 20.911999 1.000000 0.984314 0.000000
v -187.605153 21.185679 30.981516 1.000000 0.984314 0.000000
v -193.498494 21.185679 32.109886 1.000000 0.984314 0.000000
v -187.605153 27.494886 30.981516 1.000000 0.984314 0.000000
v -193.498494 27.494886 20.911999 1.000000 0.984314 0.000000
v -97.927361 78.729763 -5.404237 1.000000 0.984314 0.000000
v -101.773927 74.912192 -7.656011 1.000000 0.984314 0.000000
v -98.121639 79.215406 -5.608301 1.000000 0.984314 0.000000
v -88.508744 61.525109 -1.852299 1.000000 0.984314 0.000000
v -187.035940 45.871881 -28.892973 1.000000 0.984314 0.000000
v -97.577425 70.670952 -1.866344 1.000000 0.984314 0.000000
v -144.819944 40.049856 -30.334565 1.000000 0.984314 0.000000
v -87.563353 62.463373 -1.298869 1.000000 0.984314 0.000000
v -98.524526 69.732687 -1.315844 1.000000 0.984314 0.000000
v -166.652156 40.533806 -31.002987 0.310000 1.000000 0.517000
v -96.076945 72.158426 -2.092066 0.310000 1.000000 0.517000
v -93.726012 10.175711 -19.783941 0.310000 1.000000 0.517000
v -105.671206 41.831140 -23.931926 0.310000 1.000000 0.517000
v -142.096280 87.493961 -15.221268 1.000000 0.984314 0.000000
v -104.988910 33.181301 -23.931926 1.000000 0.984314 0.000000
v -104.988910 33.181301 0.000000 1.000000 0.984314 0.000000
v -142.018750 89.283291 -10.611770 1.000000 0.984314 0.000000
v -143.177686 33.181301 -23.931926 1.000000 0.988235 0.003922
v -116.448872 38.915121 -25.460673 1.000000 0.988235 0.003922
v -166.656038 45.785750 -28.870122 1.000000 0.988235 0.003922
v -92.581128 25.045363 -31.115091 1.000000 0.988235 0.003922
v -161.060099 39.202866 -31.740523 1.000000 0.984314 0.000000
v -177.308731 25.175867 -31.771065 1.000000 0.984314 0.000000
v -171.006781 32.378136 -31.757614 1.000000 0.984314 0.000000
v -161.060099 35.024845 -31.740523 1.000000 0.984314 0.000000
v -150.554399 31.984618 -31.722231 0.310000 1.000000 0.517000
v -173.095848 35.996511 -31.761443 0.310000 1.000000 0.517000
v -143.886373 25.420291 -31.711055 0.310000 1.000000 0.517000
v -141.647443 29.525829 -31.705906 0.310000 1.000000 0.517000
v -180.834275 27.211344 -31.777527 1.000000 0.984314 0.000000
v -94.370665 25.045364 -31.115091 1.000000 0.984314 0.000000
v -94.370665 25.045364 -31.711056 1.000000 0.984314 0.000000
v -116.448872 44.932054 -25.460673 1.000000 0.984314 0.000000
v -60.640949 48.774362 21.745053 1.000000 0.988235 0.003922
v -60.273274 55.185420 21.320709 1.000000 0.988235 0.003922
v -60.273274 48.621795 21.320709 1.000000 0.988235 0.003922
v -60.274598 48.621795 20.465656 1.000000 0.988235 0.003922
v -64.899705 48.621795 21.327874 1.000000 0.984314 0.000000
v -61.677979 47.737331 21.746659 1.000000 0.984314 0.000000
v -64.899704 55.185420 21.327874 1.000000 0.984314 0.000000
v -62.587813 47.368999 20.469238 1.000000 0.984314 0.000000
v -60.274598 55.185420 20.465656 1.000000 0.984314 0.000000
v -61.527392 56.438215 20.467596 1.000000 0.984314 0.000000
v -62.587813 56.438215 20.469238 1.000000 0.984314 0.000000
v -62.585833 56.069884 21.748065 1.000000 0.984314 0.000000
v -63.648235 56.438215 20.470880 1.000000 0.984314 0.000000
v -62.585833 47.737331 21.748065 1.000000 0.984314 0.000000
v -64.530717 55.032852 21.751077 1.000000 0.984314 0.000000
v -63.493686 56.069884 21.749471 1.000000 0.984314 0.000000
v -61.526067 56.438215 21.322649 1.000000 0.480000 0.480000
v -61.526068 47.368999 21.322649 1.000000 0.480000 0.480000
v -62.586489 47.368999 21.324291 1.000000 0.480000 0.480000
v -63.646910 56.438215 21.325934 1.000000 0.480000 0.480000
v -62.586489 56.438215 21.324291 0.881000 0.490000 1.000000
v -61.527392 47.368999 20.467596 0.881000 0.490000 1.000000
v -60.640948 55.032852 21.745053 0.881000 0.490000 1.000000
v -61.677979 56.069884 21.746659 0.881000 0.490000 1.000000
v -64.530717 48.774362 21.751077 1.000000 0.000000 0.000000
v -63.648235 47.368999 20.470880 1.000000 0.000000 0.000000
v -63.646911 47.368999 21.325934 1.000000 0.000000 0.000000
v -63.493687 47.737331 21.749471 1.000000 0.000000 0.000000
v -64.901028 55.185420 20.472820 1.000000 0.000000 0.000000
v -64.901029 48.621795 20.472820 1.000000 0.000000 0.000000
v -140.596167 67.754026 -10.653245 1.000000 0.000000 0.000000
v -143.177686 33.181301 0.000000 1.000000 0.000000 0.000000
v -142.011183 74.302123 -10.654450 1.000000 0.984314 0.000000
v -143.419576 80.819575 -10.655648 1.000000 0.984314 0.000000
v -144.669472 44.932054 -23.931926 1.000000 0.984314 0.000000
v -143.411321 80.820374 -16.010999 0.000000 0.000000 0.000000
v -143.409472 53.087122 -25.460673 1.000000 0.984314 0.000000
v -97.845774 123.315480 -24.181072 1.000000 0.984314 0.000000
v -72.641409 41.191724 0.000000 1.000000 0.984314 0.000000
v -142.914035 89.728187 -10.613084 1.000000 0.984314 0.000000
v -104.988910 38.915121 -23.931926 1.000000 0.984314 0.000000
v -138.134869 81.961587 -10.606875 1.000000 0.984314 0.000000
v -93.643112 109.358720 -21.523012 1.000000 0.984314 0.000000
v -83.296832 73.055778 -21.503842 1.000000 0.984314 0.000000
v -144.669472 38.915121 -23.931926 1.000000 0.984314 0.000000
v -148.910077 104.638660 -20.810212 1.000000 0.984314 0.000000
v -145.280239 89.429648 -10.616776 1.000000 0.984314 0.000000
v -108.023099 45.654441 -23.931926 1.000000 0.984314 0.000000
v -140.222760 81.509548 -15.252048 1.000000 0.988235 0.003922
v -92.783380 110.696508 -24.181071 1.000000 0.988235 0.003922
v -136.185962 75.524504 -10.605091 1.000000 0.988235 0.003922
v -141.047885 81.331138 -15.818796 0.000000 0.000000 -0.000000
v -116.448872 50.153697 -23.931926 1.000000 0.988235 0.003922
v -95.312214 119.559661 -24.181071 1.000000 0.988235 0.003922
v -139.181214 61.205923 -10.611584 1.000000 0.988235 0.003922
v -146.787854 83.178824 -18.714156 1.000000 0.988235 0.003922
v -147.354790 83.178824 -18.714156 1.000000 0.988235 0.003922
v -140.587912 67.754825 -16.008596 1.000000 0.988235 0.003922
v -142.002927 74.302922 -16.009800 1.000000 0.988235 0.003922
v -135.311460 68.896037 -10.604472 1.000000 0.988235 0.003922
v -65.957079 52.294585 13.766231 1.000000 0.988235 0.003922
v -55.512639 52.294585 13.753215 1.000000 0.988235 0.003922
v -55.505623 36.114136 17.494479 1.000000 0.988235 0.003922
v -55.505622 52.294585 17.494479 0.000000 0.000000 -0.000000
v -65.950063 36.114136 17.507495 1.000000 0.988235 0.003922
v -65.950062 52.294585 17.507494 1.000000 0.988235 0.003922
v -55.512640 36.114136 13.753215 1.000000 0.988235 0.003922
v -65.281100 52.964585 17.065655 1.000000 0.988235 0.003922
v -65.957079 36.114136 13.766231 1.000000 0.988235 0.003922
v -54.836539 35.444259 17.052477 1.000000 0.988235 0.003922
v -54.841725 52.964708 14.193849 1.000000 0.988235 0.003922
v -54.841726 35.444013 14.193850 0.000000 0.000000 0.000000
v -65.286042 52.964585 14.207027 1.000000 0.988235 0.003922
v -65.281101 35.444136 17.065655 1.000000 0.988235 0.003922
v -54.836538 52.964462 17.052477 1.000000 0.988235 0.003922
v -65.286042 35.444136 14.207027 0.000000 0.000000 -0.000000
v -145.271603 124.839794 -24.181072 1.000000 0.988235 0.003922
v -140.003849 126.145676 -24.181072 1.000000 0.988235 0.003922
v -144.819714 87.337826 -16.012198 1.000000 0.988235 0.003922
v -75.540615 41.190263 0.000000 1.000000 0.988235 0.003922
v -104.988910 38.915121 0.000000 1.000000 0.988235 0.003922
v -102.415471 126.119379 -24.181072 1.000000 0.988235 0.003922
v -139.172896 61.206727 -16.007391 1.000000 0.988235 0.003922
v -97.988553 117.994396 -24.181071 1.000000 0.988235 0.003922
v -148.910077 80.868011 -20.793586 1.000000 0.988235 0.003922
v -100.356991 121.432101 -24.181071 1.000000 0.988235 0.003922
v -192.527067 42.418337 -26.000421 1.000000 0.988235 0.003922
v -136.934566 63.575551 -14.390495 0.000000 0.000000 -0.000000
v -72.643806 41.191737 -24.181071 1.000000 0.988235 0.003922
v -145.709985 104.638660 -20.809792 1.000000 0.988235 0.003922
v -145.709985 119.004786 -24.181071 1.000000 0.988235 0.003922
v -145.709985 56.013552 -24.181071 1.000000 0.988235 0.003922
v -92.169530 117.222579 20.711489 1.000000 0.988235 0.003922
v -92.337700 118.581293 20.543838 1.000000 0.988235 0.003922
v -89.520033 122.209212 25.207646 1.000000 0.988235 0.003922
v -89.527449 122.631043 23.410770 0.000000 0.000000 0.000000
v -92.169530 119.940008 20.711489 1.000000 0.988235 0.003922
v -89.525598 122.209212 21.613880 1.000000 0.988235 0.003922
v -89.520033 114.953375 25.207646 1.000000 0.988235 0.003922
v -89.527449 114.531543 23.410770 0.000000 0.000000 -0.000000
v -89.525598 114.953375 21.613880 1.000000 0.988235 0.003922
v -62.606279 24.506668 33.450643 1.000000 0.988235 0.003922
v -61.482320 18.278176 33.976082 1.000000 0.988235 0.003922
v -60.937362 18.278176 33.448059 1.000000 0.988235 0.003922
v -63.078118 12.322572 33.978553 1.000000 0.988235 0.003922
v -160.958846 7.843040 29.431729 1.000000 0.988235 0.003922
v -155.721523 6.803301 34.049156 1.000000 0.988235 0.003922
v -164.969388 8.917663 29.439079 1.000000 0.988235 0.003922
v -89.528434 116.784408 19.782849 1.000000 0.988235 0.003922
v -91.806378 120.922073 21.073517 1.000000 0.988235 0.003922
v -167.905308 11.853587 29.444460 1.000000 0.988235 0.003922
v -168.979930 15.864133 29.446430 0.000000 0.000000 -0.000000
v -155.482542 6.388130 33.500714 1.000000 0.480000 0.480000
v -167.905308 19.874680 29.444460 1.000000 0.480000 0.480000
v -89.523325 115.717883 20.547349 1.000000 0.480000 0.480000
v -164.969388 22.810604 29.439079 1.000000 0.480000 0.480000
v -92.167447 115.877924 22.056142 0.881000 0.490000 1.000000
v -160.952791 5.401585 34.058743 0.881000 0.490000 1.000000
v -160.958846 23.885227 29.431729 0.881000 0.490000 1.000000
v -156.948304 22.810604 29.424378 0.881000 0.490000 1.000000
v -160.953508 4.922187 33.510741 0.881000 0.490000 1.000000
v -92.786599 116.934395 21.768917 0.881000 0.490000 1.000000
v -154.012384 19.874680 29.418998 0.881000 0.490000 1.000000
v -93.103594 118.581293 21.614664 0.881000 0.490000 1.000000
v -166.184059 6.803301 34.068331 1.000000 0.480000 0.480000
v -92.786599 120.228191 21.768917 1.000000 0.480000 0.480000
v -92.167447 121.284663 22.056142 1.000000 0.480000 0.480000
v -152.937762 15.864133 29.417028 1.000000 0.480000 0.480000
v -154.012384 11.853587 29.418998 0.881000 0.490000 1.000000
v -93.223862 117.907756 22.742956 0.881000 0.490000 1.000000
v -92.333254 115.710013 23.415115 0.881000 0.490000 1.000000
v -93.100804 116.779651 23.416304 0.881000 0.490000 1.000000
v -116.448872 33.181301 25.460674 1.000000 0.480000 0.480000
v -89.464580 115.219651 21.729850 1.000000 0.480000 0.480000
v -93.100804 120.382935 23.416304 1.000000 0.480000 0.480000
v -92.333253 121.452574 23.415115 1.000000 0.480000 0.480000
v -92.163239 115.877924 24.773568 1.000000 0.480000 0.480000
v -91.111423 115.259217 21.766323 1.000000 0.480000 0.480000
v -93.342537 118.581293 22.449752 1.000000 0.480000 0.480000
v -93.223862 119.254831 22.742956 1.000000 0.480000 0.480000
v -92.781498 116.934395 25.062710 1.000000 0.988235 0.003922
v -93.098014 118.581293 25.217944 1.000000 0.988235 0.003922
v -166.424475 6.388130 33.520768 1.000000 0.988235 0.003922
v -92.781498 120.228191 25.062710 1.000000 0.988235 0.003922
v -92.163239 121.284663 24.773568 0.881000 0.490000 1.000000
v -91.799128 116.240514 25.755070 0.881000 0.490000 1.000000
v -92.161156 117.222579 26.118222 0.881000 0.490000 1.000000
v -170.013613 10.632859 34.075350 0.881000 0.490000 1.000000
v -93.341400 117.580627 23.416677 0.881000 0.490000 1.000000
v -92.328807 118.581293 26.286392 0.881000 0.490000 1.000000
v -93.341400 119.581960 23.416677 0.881000 0.490000 1.000000
v -89.533721 118.581293 19.361025 0.881000 0.490000 1.000000
v -93.221776 117.907756 24.090030 0.881000 0.490000 1.000000
v -93.340263 118.581293 24.382953 0.881000 0.490000 1.000000
v -93.221776 119.254831 24.090030 0.881000 0.490000 1.000000
v -95.265074 117.907756 22.745217 0.881000 0.490000 1.000000
v -95.247380 118.581293 22.452451 1.000000 0.480000 0.480000
v -95.265073 119.254831 22.745217 1.000000 0.480000 0.480000
v -92.161156 119.940008 26.118222 1.000000 0.480000 0.480000
v -156.948304 8.917663 29.424379 1.000000 0.480000 0.480000
v -91.799128 120.922073 25.755070 0.881000 0.490000 1.000000
v -95.246243 117.580627 23.418727 0.881000 0.490000 1.000000
v -95.246243 119.581960 23.418727 0.881000 0.490000 1.000000
v -90.816503 115.877924 26.116139 0.881000 0.490000 1.000000
v -91.103728 116.934395 26.735291 0.881000 0.490000 1.000000
v -95.262987 117.907756 24.092291 0.881000 0.490000 1.000000
v -95.245106 118.581293 24.385652 0.881000 0.490000 1.000000
v -95.262987 119.254831 24.092291 0.881000 0.490000 1.000000
v -170.429500 10.393160 33.528108 1.000000 0.480000 0.480000
v -91.257981 118.581293 27.052286 1.000000 0.480000 0.480000
v -93.500919 117.907756 24.090462 1.000000 0.480000 0.480000
v -93.619405 118.581293 24.383522 1.000000 0.480000 0.480000
v -93.500919 119.254831 24.090462 0.881000 0.490000 1.000000
v -91.103728 120.228191 26.735291 0.881000 0.490000 1.000000
v -93.620542 119.581960 23.417109 0.881000 0.490000 1.000000
v -171.415327 15.864133 34.077918 0.881000 0.490000 1.000000
v -89.528434 120.378179 19.782849 0.490196 0.898039 1.000000
v -171.895441 15.864133 33.530795 0.490196 0.898039 1.000000
v -165.729196 7.596344 31.775432 0.490196 0.898039 1.000000
v -160.955791 6.317312 31.766684 0.490196 0.898039 1.000000
v -90.816503 121.284663 26.116139 0.490196 0.898039 1.000000
v -156.182386 7.596344 31.757935 0.490196 0.898039 1.000000
v -152.688011 11.090723 31.751531 0.490196 0.898039 1.000000
v -151.408980 15.864133 31.749187 0.490196 0.898039 1.000000
v -152.688010 20.637544 31.751531 0.490196 0.898039 1.000000
v -156.182385 24.131923 31.757935 0.490196 0.898039 1.000000
v -160.955790 25.410955 31.766684 0.490196 0.898039 1.000000
v -165.729195 24.131923 31.775432 0.490196 0.898039 1.000000
v -169.223570 20.637544 31.781837 0.490196 0.898039 1.000000
v -170.502600 15.864133 31.784181 0.490196 0.898039 1.000000
v -169.223570 11.090723 31.781837 0.490196 0.898039 1.000000
v -148.631840 65.791564 0.000000 0.490196 0.898039 1.000000
v -160.957521 7.181264 30.444503 0.490196 0.898039 1.000000
v -165.298950 8.344548 30.452460 0.490196 0.898039 1.000000
v -89.456770 116.900472 26.772307 0.490196 0.898039 1.000000
v -89.466092 115.923682 20.753060 0.490196 0.898039 1.000000
v -148.631840 65.791564 24.137456 0.490196 0.898039 1.000000
v -89.456156 118.581293 27.169094 0.490196 0.898039 1.000000
v -168.477097 11.522699 30.458284 0.490196 0.898039 1.000000
v -93.503005 119.254831 22.743388 0.490196 0.898039 1.000000
v -169.640380 15.864133 30.460416 0.490196 0.898039 1.000000
v -168.477097 20.205568 30.458284 0.490196 0.898039 1.000000
v -89.521177 118.581293 27.460515 0.490196 0.898039 1.000000
v -93.621679 118.581293 22.450321 0.490196 0.898039 1.000000
v -89.467183 116.900472 -20.049030 0.490196 0.898039 1.000000
v -165.298950 23.383719 30.452459 0.490196 0.898039 1.000000
v -93.503005 117.907756 22.743388 0.490196 0.898039 1.000000
v -93.620542 117.580627 23.417109 0.490196 0.898039 1.000000
v -94.467572 117.907756 24.091959 0.490196 0.898039 1.000000
v -89.939235 67.465672 -21.854541 0.490196 0.898039 1.000000
v -94.475586 117.580627 23.418433 0.490196 0.898039 1.000000
v -160.957520 24.547003 30.444502 0.490196 0.898039 1.000000
v -156.616091 23.383719 30.436546 0.490196 0.898039 1.000000
v -94.469658 117.907756 22.744885 0.490196 0.898039 1.000000
v -153.437944 20.205568 30.430721 0.490196 0.898039 1.000000
v -152.274662 15.864133 30.428589 0.490196 0.898039 1.000000
v -94.476723 118.581293 22.452064 0.490196 0.898039 1.000000
v -93.220879 37.914235 -23.287390 0.490196 0.898039 1.000000
v -94.469658 119.254831 22.744885 0.490196 0.898039 1.000000
v -91.263617 114.942461 23.413459 0.490196 0.898039 1.000000
v -153.437944 11.522699 30.430721 0.490196 0.898039 1.000000
v -89.514456 121.444704 26.274164 0.490196 0.898039 1.000000
v -156.616091 8.344548 30.436546 0.490196 0.898039 1.000000
v -94.475586 119.581960 23.418433 0.490196 0.898039 1.000000
v -94.467572 119.254831 24.091959 0.490196 0.898039 1.000000
v -89.517197 120.378178 27.038677 0.490196 0.898039 1.000000
v -158.220684 11.122708 29.427489 0.490196 0.898039 1.000000
v -89.517197 116.784408 27.038677 0.490196 0.898039 1.000000
v -160.958144 10.389207 29.431729 0.490196 0.898039 1.000000
v -94.474449 118.581293 24.385265 0.490196 0.898039 1.000000
v -89.459373 121.942936 25.091488 0.490196 0.898039 1.000000
v -91.106322 121.903369 25.060115 0.490196 0.898039 1.000000
v -163.695604 11.122708 29.435968 0.490196 0.898039 1.000000
v -91.806378 116.240514 21.073517 0.490196 0.898039 1.000000
v -90.824876 121.284663 20.709406 0.490196 0.898039 1.000000
v -94.049702 38.915121 -22.157390 0.490196 0.898039 1.000000
v -91.114017 120.228192 20.091147 0.490196 0.898039 1.000000
v -91.269252 118.581293 19.774631 0.490196 0.898039 1.000000
v -91.263616 122.220125 23.413459 0.490196 0.898039 1.000000
v -165.699563 13.126670 29.439072 0.490196 0.898039 1.000000
v -166.433063 15.864133 29.440208 0.490196 0.898039 1.000000
v -84.227063 67.625772 -22.157391 0.490196 0.898039 1.000000
v -91.114018 116.934395 20.091147 0.490196 0.898039 1.000000
v -91.111423 121.903369 21.766323 0.490196 0.898039 1.000000
v -165.699563 18.601597 29.439072 0.490196 0.898039 1.000000
v -89.514456 115.717883 26.274164 0.490196 0.898039 1.000000
v -83.894824 66.495772 -23.287391 0.490196 0.898039 1.000000
v -90.824876 115.877924 20.709406 0.490196 0.898039 1.000000
v -89.466092 121.238905 20.753060 0.490196 0.898039 1.000000
v -104.988910 38.915121 -22.157390 0.490196 0.898039 1.000000
v -163.695603 20.605559 29.435968 0.490196 0.898039 1.000000
v -91.106322 115.259217 25.060115 0.490196 0.898039 1.000000
v -104.988910 37.785121 -23.287390 0.490196 0.898039 1.000000
v -89.523325 121.444704 20.547349 0.490196 0.898039 1.000000
v -84.222333 70.490419 -24.181071 0.490196 0.898039 1.000000
v -148.910077 65.760521 -24.181071 0.490196 0.898039 1.000000
v -148.993985 119.769109 -24.181071 0.490196 0.898039 1.000000
v -92.771120 110.651787 -22.655641 0.490196 0.898039 1.000000
v -138.837976 61.515335 -16.005144 0.490196 0.898039 1.000000
v -143.318905 122.481891 -24.181072 0.490196 0.898039 1.000000
v -112.165610 49.270282 -23.931926 0.490196 0.898039 1.000000
v -75.540615 41.190263 -24.181071 0.490196 0.898039 1.000000
v -104.111970 123.602576 -24.181072 0.490196 0.898039 1.000000
v -112.640537 48.012352 -25.460673 0.490196 0.898039 1.000000
v -138.831512 123.567043 -24.181072 0.490196 0.898039 1.000000
v -145.709985 80.868011 -20.831490 0.490196 0.898039 1.000000
v -141.506984 87.050133 -14.398065 0.490196 0.898039 1.000000
v -143.916660 87.646433 -16.009950 0.490196 0.898039 1.000000
v -146.786006 102.317358 -18.714156 0.490196 0.898039 1.000000
v -147.354968 102.317358 -18.714156 0.490196 0.898039 1.000000
v -136.867271 68.559130 -14.428887 0.490196 0.898039 1.000000
v -81.430388 70.725597 -24.181071 0.490196 0.898039 1.000000
v -81.835673 72.138621 -22.640544 0.490196 0.898039 1.000000
v -139.159809 68.063432 -16.006348 0.490196 0.898039 1.000000
v -83.751678 72.918198 -21.504388 0.490196 0.898039 1.000000
v -140.406225 74.611529 -16.007553 0.490196 0.898039 1.000000
v -138.031269 75.125027 -14.484716 0.490196 0.898039 1.000000
v -116.448872 41.614753 -25.460673 0.490196 0.898039 1.000000
v -135.911207 63.561718 -10.606192 0.490196 0.898039 1.000000
v -95.869355 111.089504 -24.181071 0.490196 0.898039 1.000000
v -94.069439 109.251782 -21.523558 0.490196 0.898039 1.000000
v -116.451634 48.893697 -25.460673 0.490196 0.898039 1.000000
v -137.753111 61.514530 -10.609337 0.490196 0.898039 1.000000
v -108.995954 44.831134 -25.460673 0.490196 0.898039 1.000000
v -144.669472 54.347122 -23.931926 0.490196 0.898039 1.000000
v -143.409472 39.083545 -25.460673 0.490196 0.898039 1.000000
v -143.409472 41.707610 -25.460673 0.490196 0.898039 1.000000
v -143.852136 89.738255 -10.614528 0.490196 0.898039 1.000000
v -141.417013 88.528162 -10.610955 1.000000 0.480000 0.480000
v -141.983218 81.128981 -16.008751 1.000000 0.480000 0.480000
v -105.671206 41.831140 0.000000 1.000000 0.480000 0.480000
v -139.692260 81.624337 -14.435175 1.000000 0.480000 0.480000
v -87.524941 30.676682 -19.732775 0.881000 0.490000 1.000000
v -106.248910 38.769676 -25.460673 0.881000 0.490000 1.000000
v -144.669472 41.614753 23.931927 0.881000 0.490000 1.000000
v -63.212359 51.046351 -22.544289 0.881000 0.490000 1.000000
v -68.255372 50.088639 -20.768114 0.881000 0.490000 1.000000
v -187.035940 45.785750 -28.892973 0.881000 0.490000 1.000000
v -63.413322 51.672232 -24.133418 0.881000 0.490000 1.000000
v -68.788198 51.731417 -21.484440 0.881000 0.490000 1.000000
v -63.210321 51.046351 -23.860506 0.881000 0.490000 1.000000
v -69.006686 52.411878 -23.212150 0.881000 0.490000 1.000000
v -63.127079 50.787103 -23.202267 0.881000 0.490000 1.000000
v -68.782848 51.731417 -24.939175 0.881000 0.490000 1.000000
v -68.247805 50.088639 -25.653847 1.000000 0.480000 0.480000
v -63.416205 51.672232 -22.272006 1.000000 0.480000 0.480000
v -67.714979 48.445861 -24.937521 1.000000 0.480000 0.480000
v -63.619206 52.298113 -22.544919 1.000000 0.480000 0.480000
v -67.496491 47.765400 -23.209811 0.881000 0.490000 1.000000
v -63.702448 52.557361 -23.203158 0.881000 0.490000 1.000000
v -67.720329 48.445861 -21.482786 0.881000 0.490000 1.000000
v -75.002018 50.494928 -23.220757 0.881000 0.490000 1.000000
v -167.039025 57.499095 -30.963859 0.881000 0.490000 1.000000
v -74.783530 49.814467 -21.493047 0.881000 0.490000 1.000000
v -74.250704 48.171689 -20.776721 0.881000 0.490000 1.000000
v -73.715661 46.528911 -21.491393 0.881000 0.490000 1.000000
v -137.398593 68.444163 -15.247780 0.881000 0.490000 1.000000
v -138.224286 68.265630 -15.815927 0.881000 0.490000 1.000000
v -73.491823 45.848450 -23.218419 0.881000 0.490000 1.000000
v -73.710311 46.528911 -24.946129 0.881000 0.490000 1.000000
v -74.243137 48.171689 -25.662455 0.881000 0.490000 1.000000
v -67.187061 50.436307 -22.278542 0.881000 0.490000 1.000000
v -67.390062 51.062188 -22.551455 0.881000 0.490000 1.000000
v -67.473304 51.321436 -23.209694 0.881000 0.490000 1.000000
v -67.388024 51.062188 -23.867672 1.000000 0.480000 0.480000
v -67.184178 50.436307 -24.139954 1.000000 0.480000 0.480000
v -66.981177 49.810426 -23.867042 1.000000 0.480000 0.480000
v -66.897936 49.551178 -23.208803 1.000000 0.480000 0.480000
v -66.983216 49.810426 -22.550825 0.881000 0.490000 1.000000
v -74.778180 49.814467 -24.947783 0.881000 0.490000 1.000000
v -63.617168 52.298113 -23.861136 0.881000 0.490000 1.000000
v -90.727237 27.236649 -30.335260 0.881000 0.490000 1.000000
v -137.963862 61.905997 -15.806556 0.881000 0.490000 1.000000
v -137.265120 62.662303 -15.213818 0.881000 0.490000 1.000000
v -152.170173 30.340645 -18.540557 0.881000 0.490000 1.000000
v -136.879254 61.903301 -10.607932 0.881000 0.490000 1.000000
v -154.151872 15.300859 -18.502941 1.000000 0.480000 0.480000
v -136.209350 62.647867 -10.606788 1.000000 0.480000 0.480000
v -91.449549 27.226773 -31.154912 1.000000 0.480000 0.480000
v -138.606555 75.000564 -15.280728 1.000000 0.480000 0.480000
v -192.520225 47.550348 -30.336411 0.881000 0.490000 1.000000
v -195.505424 9.289227 0.000000 0.881000 0.490000 1.000000
v -195.505424 13.688838 0.000000 0.881000 0.490000 1.000000
v -139.455471 74.817017 -15.825058 0.881000 0.490000 1.000000
v -166.656038 45.871995 -28.870123 1.000000 0.480000 0.480000
v -187.035939 50.458429 -28.892973 1.000000 0.480000 0.480000
v -142.979422 87.712504 -15.812021 1.000000 0.480000 0.480000
v -166.656037 50.458429 -28.870122 1.000000 0.480000 0.480000
v -138.325615 58.046988 -10.490896 0.881000 0.490000 1.000000
v -187.035939 50.691868 -28.892973 0.881000 0.490000 1.000000
v -187.032225 43.625859 -30.962333 0.881000 0.490000 1.000000
v -166.656037 50.691868 -28.870122 0.881000 0.490000 1.000000
v -187.035904 42.842653 -29.012769 0.881000 0.490000 1.000000
v -191.920242 47.547463 -30.945369 0.881000 0.490000 1.000000
v -166.656002 42.843623 -28.990001 0.881000 0.490000 1.000000
v -137.457468 59.258815 -10.489328 0.881000 0.490000 1.000000
v -187.035904 42.561369 -29.012810 1.000000 0.480000 0.480000
v -178.953366 9.289227 -19.204167 1.000000 0.480000 0.480000
v -166.656002 42.561369 -28.989959 1.000000 0.480000 0.480000
v -146.727831 45.084239 -31.025549 1.000000 0.480000 0.480000
v -146.109673 45.089226 -30.334565 0.881000 0.490000 1.000000
v -146.498815 24.912976 -18.491692 0.881000 0.490000 1.000000
v -187.032205 48.794939 -30.950606 0.881000 0.490000 1.000000
v -191.191246 46.871363 -25.998352 0.881000 0.490000 1.000000
v -166.652148 42.653963 -30.998177 1.000000 0.480000 0.480000
v -143.452114 10.183192 -19.826378 1.000000 0.480000 0.480000
v -83.573668 23.568637 -19.725790 1.000000 0.480000 0.480000
v -161.401929 45.792755 -31.000098 1.000000 0.480000 0.480000
v -167.062841 58.105190 -30.335577 0.881000 0.490000 1.000000
v -87.834264 23.568637 -19.732389 0.881000 0.490000 1.000000
v -161.401938 43.228750 -31.005914 0.881000 0.490000 1.000000
v -176.969098 24.307084 -31.018513 0.881000 0.490000 1.000000
v -176.285172 23.892060 -30.333961 0.881000 0.490000 1.000000
v -91.964097 10.175436 -19.782382 0.881000 0.490000 1.000000
v -132.202473 57.271137 -15.995356 0.881000 0.490000 1.000000
v -191.191247 36.549274 -25.998353 0.881000 0.490000 1.000000
v -192.527067 45.206624 -26.000421 0.881000 0.490000 1.000000
v -93.239908 15.452401 -19.741696 0.881000 0.490000 1.000000
v -146.082040 42.560904 -31.032340 0.881000 0.490000 1.000000
v -145.464808 42.569541 -30.334565 0.881000 0.490000 1.000000
v -75.047020 23.568637 -19.712585 1.000000 0.984314 0.000000
v -132.204895 59.630773 -14.431090 1.000000 0.984314 0.000000
v -118.838590 55.818991 -13.887290 1.000000 0.984314 0.000000
v -145.436350 40.037965 -31.039129 1.000000 0.984314 0.000000
v -138.876993 55.996181 -10.609876 1.000000 0.984314 0.000000
v -112.154974 55.818991 -15.964280 1.000000 0.984314 0.000000
v -138.876993 55.818991 -16.005683 1.000000 0.984314 0.000000
v -118.843713 60.452097 -10.578848 1.000000 0.984314 0.000000
v -112.915959 59.029385 -10.569679 1.000000 0.984314 0.000000
v -112.339310 58.137889 -10.568774 1.000000 0.984314 0.000000
v -125.534591 55.818991 -15.985030 1.000000 0.984314 0.000000
v -125.537824 55.818991 -13.897665 1.000000 0.984314 0.000000
v -118.835357 55.818991 -15.974655 0.016667 0.000000 1.000000
v -136.791346 55.818991 -10.606643 0.016667 0.000000 1.000000
v -112.154974 55.818991 -10.568473 0.016667 0.000000 1.000000
v -112.915959 59.029385 -15.205974 0.016667 0.000000 1.000000
v -125.542948 60.491842 -10.589223 0.016667 0.000000 1.000000
v -112.338812 58.137889 -15.774703 0.016667 0.000000 1.000000
v -138.876993 55.818991 -10.609876 0.016667 0.000000 1.000000
v -132.210829 60.305951 -10.599549 0.016667 0.000000 1.000000
v -118.835648 58.237587 -15.786821 1.000000 0.988235 0.003922
v -132.202473 55.818991 -15.995356 1.000000 0.988235 0.003922
v -132.205706 55.818991 -13.907991 1.000000 0.988235 0.003922
v -136.786223 55.818991 -13.915085 1.000000 0.988235 0.003922
v -138.731847 57.231066 -10.311471 1.000000 0.988235 0.003922
v -118.836520 59.086486 -15.223321 1.000000 0.988235 0.003922
v -87.508609 30.676681 -30.334802 1.000000 0.988235 0.003922
v -92.426419 21.655710 -19.741750 1.000000 0.988235 0.003922
v -112.197621 57.236572 -10.568473 1.000000 0.988235 0.003922
v -113.740519 59.594815 -10.570960 1.000000 0.988235 0.003922
v -90.727237 27.236649 -19.737921 1.000000 0.988235 0.003922
v -125.534591 57.286839 -15.985030 1.000000 0.988235 0.003922
v -118.838590 50.560883 -13.887290 1.000000 0.988235 0.003922
v -114.228071 55.818991 -10.460290 1.000000 0.988235 0.003922
v -125.537824 50.872844 -13.897665 1.000000 0.988235 0.003922
v -136.791347 53.045312 -10.606643 1.000000 0.988235 0.003922
v -132.205706 51.669098 -13.907991 1.000000 0.988235 0.003922
v -107.896816 72.807353 5.825649 1.000000 0.988235 0.003922
v -107.840955 70.468763 0.000000 1.000000 0.988235 0.003922
v -114.228071 49.504860 -10.571705 1.000000 0.988235 0.003922
v -114.228071 55.818991 -13.880148 1.000000 0.988235 0.003922
v -114.228071 49.504860 -13.880148 1.000000 0.988235 0.003922
v -136.786223 53.045312 -13.915085 1.000000 0.988235 0.003922
v -108.447183 69.924873 0.000000 1.000000 0.988235 0.003922
v -89.467797 118.581293 -19.652243 1.000000 0.988235 0.003922
v -132.202764 58.236234 -15.807558 1.000000 0.988235 0.003922
v -125.536944 59.719013 -14.465934 1.000000 0.988235 0.003922
v -102.107553 75.254363 11.310023 1.000000 0.988235 0.003922
v -98.489088 82.133292 7.400478 1.000000 0.988235 0.003922
v -95.072883 64.266025 0.000000 1.000000 0.988235 0.003922
v -98.070613 82.547334 7.987870 1.000000 0.988235 0.003922
v -148.441081 35.644997 -31.718357 1.000000 0.988235 0.003922
v -148.441081 35.644997 -31.115091 1.000000 0.988235 0.003922
v -89.467183 120.262115 -20.049030 1.000000 0.988235 0.003922
v -102.112766 75.254364 7.944701 1.000000 0.988235 0.003922
v -111.216104 69.525010 0.000000 1.000000 0.988235 0.003922
v -89.466092 115.923682 -20.753060 1.000000 0.988235 0.003922
v -142.214816 33.181301 25.460674 1.000000 0.988235 0.003922
v -112.165610 49.270282 0.000000 1.000000 0.988235 0.003922
v -87.888200 66.495772 -23.287391 1.000000 0.988235 0.003922
v -90.983558 67.344451 0.000000 1.000000 0.988235 0.003922
v -89.456770 116.900472 -26.772307 1.000000 0.988235 0.003922
v -97.088292 59.609964 0.000000 1.000000 0.988235 0.003922
v -96.428180 80.890927 7.985327 1.000000 0.988235 0.003922
v -106.724008 71.624565 5.823832 1.000000 0.988235 0.003922
v -116.448872 50.153697 0.000000 1.000000 0.988235 0.003922
v -107.797198 69.617800 8.002934 1.000000 0.988235 0.003922
v -89.304567 66.843735 0.000000 1.000000 0.988235 0.003922
v -88.266098 67.625772 -22.157391 1.000000 0.988235 0.003922
v -84.227063 67.625772 0.000000 1.000000 0.988235 0.003922
v -106.276637 71.988231 5.248772 1.000000 0.988235 0.003922
v -89.696209 42.116896 -22.157390 1.000000 0.988235 0.003922
v -106.851503 41.345055 25.460674 1.000000 0.988235 0.003922
v -106.248910 33.181301 25.460674 1.000000 0.988235 0.003922
v -98.121639 79.215406 5.608301 1.000000 0.988235 0.003922
v -97.693100 82.490045 0.000000 1.000000 0.988235 0.003922
v -99.620171 81.014189 5.812831 1.000000 0.988235 0.003922
v -97.031307 60.856693 0.000000 1.000000 0.988235 0.003922
v -103.754755 76.910771 8.233210 1.000000 0.988235 0.003922
v -97.201619 60.223602 0.000000 1.000000 0.988235 0.003922
v -88.266098 67.625772 0.000000 1.000000 0.988235 0.003922
v -103.749986 76.910771 11.312567 1.000000 0.988235 0.003922
v -143.409472 44.932054 25.460674 1.000000 0.988235 0.003922
v -88.308071 41.735056 -23.287390 1.000000 0.988235 0.003922
v -77.264131 44.566570 0.000000 1.000000 0.988235 0.003922
v -192.559338 45.206624 0.000000 1.000000 0.988235 0.003922
v -96.144002 60.278588 -23.287391 1.000000 0.988235 0.003922
v -84.057303 67.048389 23.143045 1.000000 0.988235 0.003922
v -104.988910 38.337738 23.143045 1.000000 0.988235 0.003922
v -109.439630 71.274208 8.005478 1.000000 0.988235 0.003922
v -104.988910 38.770775 22.710008 1.000000 0.988235 0.003922
v -98.447362 79.831402 5.811015 1.000000 0.988235 0.003922
v -102.581947 75.727983 8.231394 1.000000 0.988235 0.003922
v -109.022977 71.688250 7.416791 1.000000 0.988235 0.003922
v -107.674869 72.583517 5.825305 1.000000 0.988235 0.003922
v -93.943829 38.787268 22.710008 1.000000 0.988235 0.003922
v -180.834275 27.211344 -31.115091 1.000000 0.988235 0.003922
v -102.554595 75.699128 7.417915 1.000000 0.988235 0.003922
v -97.088295 59.609963 -22.157391 1.000000 0.988235 0.003922
v -93.626208 38.403710 23.143045 1.000000 0.988235 0.003922
v -99.398224 80.790354 5.812487 0.016667 0.000000 1.000000
v -103.751274 76.910771 10.480954 0.016667 0.000000 1.000000
v -103.532808 76.686935 8.232866 0.016667 0.000000 1.000000
v -96.742238 81.531093 0.000000 0.016667 0.000000 1.000000
v -89.456770 120.262114 -26.772307 0.016667 0.000000 1.000000
v -98.815702 79.386238 5.237217 0.016667 0.000000 1.000000
v -96.710654 60.430998 23.093631 0.016667 0.000000 1.000000
v -110.164196 67.283059 0.000000 0.016667 0.000000 1.000000
v -192.559338 47.338150 0.000000 0.016667 0.000000 1.000000
v -94.085977 83.225668 0.000000 0.016667 0.000000 1.000000
v -97.115270 60.153027 22.606526 0.016667 0.000000 1.000000
v -109.619992 71.107661 0.000000 0.016667 0.000000 1.000000
v -97.291243 80.929494 0.000000 0.016667 0.000000 1.000000
v -95.728410 84.882075 0.000000 0.016667 0.000000 1.000000
v -192.559338 53.167095 0.000000 0.016667 0.000000 1.000000
v -161.060099 39.202866 -31.115091 0.016667 0.000000 1.000000
v -96.475678 80.856123 0.000000 0.016667 0.000000 1.000000
v -97.915047 82.713881 0.000000 0.016667 0.000000 1.000000
v -177.308731 25.175867 -31.115091 0.016667 0.000000 1.000000
v -171.006781 32.378136 -31.115091 0.016667 0.000000 1.000000
v -96.921206 60.874428 22.606523 0.016667 0.000000 1.000000
v -161.060099 35.024845 -31.115091 0.016667 0.000000 1.000000
v -96.318935 84.296531 0.000000 0.016667 0.000000 1.000000
v -111.806629 68.939466 0.000000 0.016667 0.000000 1.000000
v -150.554399 31.984618 -31.115091 0.016667 0.000000 1.000000
v -173.095848 35.996511 -31.115091 0.016667 0.000000 1.000000
v -89.456156 118.581293 -27.169094 0.016667 0.000000 1.000000
v -146.163074 45.144991 0.000000 0.016667 0.000000 1.000000
v -109.398044 70.883825 0.000000 0.016667 0.000000 1.000000
v -102.184740 75.314524 0.000000 0.016667 0.000000 1.000000
v -143.886373 25.420291 -31.115091 0.016667 0.000000 1.000000
v -141.647443 29.525829 -31.115091 0.016667 0.000000 1.000000
v -91.809483 28.050890 -31.704501 0.016667 0.000000 1.000000
v -88.461803 31.417311 -31.701544 0.016667 0.000000 1.000000
v -66.981763 40.071382 -31.717139 0.016667 0.000000 1.000000
v -84.694463 37.091585 -31.694544 0.016667 0.000000 1.000000
v -96.625398 61.330647 -22.157391 0.016667 0.000000 1.000000
v -83.606376 35.622921 -31.699672 0.016667 0.000000 1.000000
v -66.981769 38.294385 -31.721171 0.016667 0.000000 1.000000
v -75.317145 40.043447 -31.703445 0.016667 0.000000 1.000000
v -89.651115 32.428892 -31.697314 0.016667 0.000000 1.000000
v -92.966571 29.075795 -31.701476 0.016667 0.000000 1.000000
v -75.297296 38.286108 -31.707464 0.016667 0.000000 1.000000
v -97.031307 60.856692 -22.157391 0.016667 0.000000 1.000000
v -107.774496 69.652604 0.000000 0.016667 0.000000 1.000000
v -91.809483 28.050890 -31.115091 0.016667 0.000000 1.000000
v -191.223517 47.091567 0.000000 0.016667 0.000000 1.000000
v -88.461803 31.417311 -31.115091 0.016667 0.000000 1.000000
v -66.981763 40.071382 -31.115091 0.016667 0.000000 1.000000
v -51.889455 28.617505 17.438064 0.016667 0.000000 1.000000
v -53.926653 28.618328 14.537296 0.016667 0.000000 1.000000
v -53.922335 28.618460 17.438064 0.016667 0.000000 1.000000
v -54.753470 29.447983 14.537295 0.016667 0.000000 1.000000
v -54.753240 29.447983 17.438064 0.016667 0.000000 1.000000
v -51.060513 33.247306 14.537295 0.016667 0.000000 1.000000
v -51.060513 33.247306 17.438064 0.016667 0.000000 1.000000
v -51.893773 34.077651 14.537296 1.000000 0.984314 0.000000
v -51.889455 34.077783 17.438064 1.000000 0.984314 0.000000
v -54.139332 34.075615 17.438064 1.000000 0.984314 0.000000
v -54.143651 34.076084 14.537296 1.000000 0.984314 0.000000
v -54.753252 33.457735 17.438064 0.016667 0.000000 1.000000
v -54.753479 33.459557 14.537295 0.016667 0.000000 1.000000
v -1.273190 1.277549 17.399085 0.016667 0.000000 1.000000
v -1.278958 0.778966 21.456430 0.016667 0.000000 1.000000
v -0.006718 0.409201 18.215997 0.016667 0.000000 1.000000
v -54.752619 63.969734 21.576780 0.016667 0.000000 1.000000
v -0.012543 0.415393 20.589574 0.016667 0.000000 1.000000
v -53.907599 63.969734 22.405447 0.016667 0.000000 1.000000
v -84.694463 37.091585 -31.115091 0.016667 0.000000 1.000000
v -51.893773 28.617638 14.537296 0.016667 0.000000 1.000000
v -54.134144 47.922559 16.429504 0.016667 0.000000 1.000000
v -0.004346 0.008705 18.254253 0.016667 0.000000 1.000000
v -51.060513 63.969734 21.572069 1.000000 0.984314 0.000000
v -66.367864 29.447940 14.538675 1.000000 0.984314 0.000000
v -83.606376 35.622921 -31.115091 1.000000 0.984314 0.000000
v -51.884263 47.921418 16.430577 1.000000 0.984314 0.000000
v -66.367645 33.457692 17.439444 1.000000 0.984314 0.000000
v -54.752619 0.008705 21.571938 1.000000 0.984314 0.000000
v -51.060513 29.447983 14.537295 1.000000 0.984314 0.000000
v -54.752983 48.535055 17.042940 1.000000 0.984314 0.000000
v -53.902071 0.844188 22.405439 1.000000 0.984314 0.000000
v -51.060513 3.820261 21.576863 1.000000 0.984314 0.000000
v -51.884263 52.583383 16.430577 1.000000 0.984314 0.000000
v -51.859971 3.004963 22.403379 1.000000 0.984314 0.000000
v -51.060513 48.752055 17.259940 1.000000 0.984314 0.000000
v -51.884264 34.077942 16.430577 1.000000 0.984314 0.000000
v -51.060513 48.752055 0.000000 1.000000 0.984314 0.000000
v -51.060513 33.247305 17.259939 1.000000 0.984314 0.000000
v -0.774029 0.778388 17.418947 1.000000 0.984314 0.000000
v -51.874719 34.077305 22.403402 1.000000 0.984314 0.000000
v -54.134140 34.075051 16.429567 1.000000 0.984314 0.000000
v -54.752979 33.455544 17.042941 1.000000 0.984314 0.000000
v -51.905028 47.922055 0.000000 1.000000 0.984314 0.000000
v -54.752964 29.447983 17.259939 1.000000 0.984314 0.000000
v -1.793814 1.293915 21.398273 1.000000 0.984314 0.000000
v -1.656892 1.649846 20.586805 1.000000 0.984314 0.000000
v -51.060513 34.077305 21.572070 1.000000 0.984314 0.000000
v -51.884264 28.617346 16.430577 1.000000 0.984314 0.000000
v -1.657626 1.649846 18.185624 1.000000 0.984314 0.000000
v -51.060513 29.447983 17.259939 1.000000 0.984314 0.000000
v -53.907573 34.077305 22.405447 1.000000 0.984314 0.000000
v -54.752613 34.077305 21.576753 1.000000 0.984314 0.000000
v -53.917144 52.582110 16.429304 1.000000 0.984314 0.000000
v -54.752966 51.752747 17.259940 1.000000 0.984314 0.000000
v -66.981769 38.294385 -31.115091 1.000000 0.984314 0.000000
v -51.874719 28.617983 22.403402 1.000000 0.984314 0.000000
v -75.317145 40.043447 -31.115091 1.000000 0.984314 0.000000
v -51.874718 47.922055 22.403402 1.000000 0.984314 0.000000
v -51.060513 28.617983 21.572070 1.000000 0.984314 0.000000
v -51.905028 52.582747 0.000000 1.000000 0.984314 0.000000
v -53.917145 28.618619 16.429304 1.000000 0.984314 0.000000
v -0.004346 0.008705 20.593114 1.000000 0.984314 0.000000
v -51.060513 3.820261 17.254765 1.000000 0.984314 0.000000
v -51.060513 51.752747 0.000000 1.000000 0.984314 0.000000
v -66.367634 29.447940 17.439444 1.000000 0.984314 0.000000
v -51.876003 64.799734 21.573402 1.000000 0.984314 0.000000
v -53.907600 47.922055 22.405447 1.000000 0.984314 0.000000
v -54.752619 47.922055 21.576780 1.000000 0.984314 0.000000
v -51.874718 52.582747 22.403402 1.000000 0.984314 0.000000
v -51.060513 52.582747 21.572070 1.000000 0.984314 0.000000
v -53.907600 52.582747 22.405447 1.000000 0.984314 0.000000
v -54.752619 52.582747 21.576780 1.000000 0.984314 0.000000
v -51.874718 63.969734 22.403401 1.000000 0.984314 0.000000
v -54.752965 0.008705 17.265169 1.000000 0.984314 0.000000
v -53.911264 0.844587 16.429940 1.000000 0.984314 0.000000
v -53.908885 64.799734 21.575448 1.000000 0.984314 0.000000
v -51.869092 3.005434 16.429940 1.000000 0.984314 0.000000
v -89.651115 32.428892 -31.115091 1.000000 0.984314 0.000000
v -51.060513 29.447983 17.438064 1.000000 0.984314 0.000000
v -92.896859 29.113348 -31.115091 1.000000 0.984314 0.000000
v -51.882931 64.799734 17.259941 1.000000 0.984314 0.000000
v -51.882931 63.969734 16.429941 1.000000 0.984314 0.000000
v -51.060513 47.922055 21.572070 1.000000 0.984314 0.000000
v -51.060513 51.752747 17.259940 1.000000 0.984314 0.000000
v -51.060513 63.969734 17.258608 1.000000 0.984314 0.000000
v -54.754070 48.535055 0.000000 1.000000 0.984314 0.000000
v -53.915810 64.799734 17.259941 0.016667 0.000000 1.000000
v -53.907573 28.617983 22.405447 0.016667 0.000000 1.000000
v -54.154907 47.922055 0.000000 0.016667 0.000000 1.000000
v -75.297296 38.286108 -31.115091 0.016667 0.000000 1.000000
v -54.752965 63.969734 17.261273 0.016667 0.000000 1.000000
v -53.915810 63.969734 16.429941 0.016667 0.000000 1.000000
v -53.937907 52.582747 0.000000 0.016667 0.000000 1.000000
v -66.367872 33.459514 14.538675 0.016667 0.000000 1.000000
v -54.752619 28.617983 21.576753 0.016667 0.000000 1.000000
v -118.837780 59.630895 -14.410096 0.016667 0.000000 1.000000
v -54.754070 51.752747 0.000000 0.016667 0.000000 1.000000
v -118.835357 57.273925 -15.974655 0.016667 0.000000 1.000000
v -137.271105 58.629323 -14.427686 0.016667 0.000000 1.000000
v -138.876993 55.996181 -16.005683 0.016667 0.000000 1.000000
v -113.740519 59.594815 -14.387451 0.016667 0.000000 1.000000
v -112.197621 57.236572 -15.851738 0.016667 0.000000 1.000000
v -195.505424 13.688838 20.221522 0.016667 0.000000 1.000000
v -195.505424 9.289040 20.220963 0.016667 0.000000 1.000000
v -195.673489 13.688873 25.849907 0.016667 0.000000 1.000000
v -195.673489 9.288951 25.848975 0.016667 0.000000 1.000000
v -66.285157 41.091616 20.174018 1.000000 0.480000 0.480000
v -75.350731 41.091616 20.173891 1.000000 0.480000 0.480000
v -85.311317 37.916111 20.174199 1.000000 0.480000 0.480000
v -90.625019 33.263221 20.174145 1.000000 0.480000 0.480000
v -149.387715 68.155729 -24.533475 1.000000 0.480000 0.480000
v -149.164780 67.422389 -24.308529 1.000000 0.480000 0.480000
v -95.797502 119.281988 27.753138 1.000000 0.480000 0.480000
v -143.251288 33.263221 20.173612 1.000000 0.480000 0.480000
v -138.731847 57.231066 -15.816280 1.000000 0.480000 0.480000
v -144.207434 37.595387 20.173249 1.000000 0.480000 0.480000
v -144.848639 40.100774 20.173270 1.000000 0.480000 0.480000
v -145.489844 42.606162 20.173270 1.000000 0.480000 0.480000
v -146.131050 45.111549 20.173270 1.000000 0.480000 0.480000
v -97.638337 118.189643 27.755217 1.000000 0.480000 0.480000
v -146.772255 47.616937 20.173271 1.000000 0.480000 0.480000
v -149.551279 58.105190 20.173542 1.000000 0.480000 0.480000
v -154.510285 58.105190 20.173809 1.000000 0.480000 0.480000
v -161.190585 58.105190 20.173809 1.000000 0.480000 0.480000
v -167.078505 58.105190 20.173877 1.000000 0.480000 0.480000
v -192.535736 53.167423 20.220963 1.000000 0.480000 0.480000
v -192.539985 47.338149 17.621288 1.000000 0.480000 0.480000
v -191.204165 47.091567 17.619220 1.000000 0.480000 0.480000
v -191.204165 46.871363 17.619220 1.000000 0.480000 0.480000
v -192.539986 45.206624 17.621288 1.000000 0.480000 0.480000
v -192.539986 42.418337 17.621288 1.000000 0.480000 0.480000
v -191.204165 42.321355 17.619220 1.000000 0.480000 0.480000
v -191.204165 42.120846 17.619220 1.000000 0.480000 0.480000
v -192.539986 40.582749 17.621288 1.000000 0.480000 0.480000
v -192.539986 37.063770 17.621289 1.000000 0.480000 0.480000
v -191.204165 36.840298 17.619220 1.000000 0.480000 0.480000
v -148.879779 65.791564 -24.137456 1.000000 0.480000 0.480000
v -191.204165 36.549274 17.619220 1.000000 0.480000 0.480000
v -192.539986 34.988691 17.621289 1.000000 0.480000 0.480000
v -192.535878 20.821617 20.220963 1.000000 0.480000 0.480000
v -192.535875 13.688838 20.221522 1.000000 0.480000 0.480000
v -192.535503 9.289040 20.220963 1.000000 0.480000 0.480000
v -144.970053 53.573689 -24.137456 1.000000 0.000941 0.000941
v -144.970053 53.573689 -26.690060 1.000000 0.000941 0.000941
v -75.230247 37.720805 31.157875 1.000000 0.000941 0.000941
v -75.213397 37.102159 30.335330 1.000000 0.000941 0.000941
v -138.102542 57.931015 -15.248074 1.000000 0.000941 0.000941
v -178.287194 21.321756 30.333733 1.000000 0.000941 0.000941
v -179.110630 21.307083 31.026292 1.000000 0.000941 0.000941
v -141.881508 15.452401 26.617041 1.000000 0.000941 0.000941
v -142.756167 15.445765 26.017539 1.000000 0.480000 0.480000
v -178.936011 9.289227 26.015213 1.000000 0.480000 0.480000
v -179.892974 9.894248 26.610312 1.000000 0.480000 0.480000
v -92.426419 21.655710 30.335638 1.000000 0.480000 0.480000
v -93.152859 21.730944 31.165761 1.000000 0.000941 0.000941
v -90.601708 33.263221 30.336024 1.000000 0.000941 0.000941
v -90.069636 32.756831 31.147725 1.000000 0.000941 0.000941
v -144.159855 21.730422 30.336390 1.000000 0.000941 0.000941
v -143.221280 21.730758 31.083881 1.000000 0.000941 0.000941
v -87.942932 31.092269 -31.151954 1.000000 0.000941 0.000941
v -192.520225 42.509646 30.336411 1.000000 0.000941 0.000941
v -191.920261 42.513613 30.956789 1.000000 0.000941 0.000941
v -192.520212 13.688838 26.017973 1.000000 0.000941 0.000941
v -191.920213 13.688837 26.617041 1.000000 0.000941 0.000941
v -192.519592 9.288916 26.017041 1.000000 0.000941 0.000941
v -191.901319 9.893904 26.611629 1.000000 0.000941 0.000941
v -192.520225 39.986513 30.336412 1.000000 0.000941 0.000941
v -191.920272 39.938551 30.962631 1.000000 0.000941 0.000941
v -192.520218 21.162911 30.335465 1.000000 0.000941 0.000941
v -191.919396 21.163069 31.005228 1.000000 0.000941 0.000941
v -192.520225 45.078275 30.336411 1.000000 0.000941 0.000941
v -191.920251 45.096315 30.950930 1.000000 0.000941 0.000941
v -170.590159 31.481083 31.019511 1.000000 0.000941 0.000941
v -169.902078 30.648531 30.532835 1.000000 0.000941 0.000941
v -161.174921 58.105190 30.335464 0.470000 0.000000 0.266333
v -161.401829 57.505276 30.973526 0.470000 0.000000 0.266333
v -149.535615 58.105190 30.335019 0.470000 0.000000 0.266333
v -149.996508 57.505318 30.991975 0.470000 0.000000 0.266333
v -93.223578 15.452401 26.016118 1.000000 0.000941 0.000941
v -93.832237 15.452401 26.617041 1.000000 0.000941 0.000941
v -161.184970 32.833649 30.335464 1.000000 0.000941 0.000941
v -67.883431 60.276153 0.000000 1.000000 0.000941 0.000941
v -66.256391 89.389873 0.000000 1.000000 0.000941 0.000941
v -160.950860 33.915028 31.028091 1.000000 0.000941 0.000941
v -66.256391 85.375921 0.000000 1.000000 0.000941 0.000941
v -67.807195 115.867208 0.000001 1.000000 0.000941 0.000941
v -58.266844 110.929017 18.028362 0.470000 0.000000 0.266333
v -58.812844 110.383017 17.482362 0.470000 0.000000 0.266333
v -143.435803 10.183192 26.015944 0.470000 0.000000 0.266333
v -180.234519 13.688837 -26.617041 0.470000 0.000000 0.266333
v -66.256391 89.389873 17.482362 0.470000 0.000000 0.266333
v -58.812286 26.665926 20.783783 0.470000 0.000000 0.266333
v -58.266844 27.194869 20.219627 0.470000 0.000000 0.266333
v -58.812844 110.382459 20.783225 0.470000 0.000000 0.266333
v -58.266844 110.929017 20.236667 1.000000 0.000941 0.000941
v -58.266844 115.321208 17.482362 1.000000 0.000941 0.000941
v -58.812844 115.867208 17.600312 1.000000 0.000941 0.000941
v -67.883431 89.389873 17.482362 1.000000 0.000941 0.000941
v -68.429431 88.843873 17.482362 0.470000 0.000000 0.266333
v -58.266844 65.960123 20.236668 0.470000 0.000000 0.266333
v -58.812844 66.506681 20.783226 0.470000 0.000000 0.266333
v -66.256391 26.665926 20.794035 0.470000 0.000000 0.266333
v -58.266844 89.389873 18.028362 0.470000 0.000000 0.266333
v -58.812844 89.389873 17.482362 0.470000 0.000000 0.266333
v -68.429431 65.960123 17.482362 0.470000 0.000000 0.266333
v -66.256391 85.375921 17.482362 0.470000 0.000000 0.266333
v -67.883431 66.506123 17.482362 1.000000 0.000941 0.000941
v -66.256391 85.375921 20.794035 1.000000 0.000941 0.000941
v -58.266844 60.822153 20.236668 1.000000 0.000941 0.000941
v -58.812844 60.275595 20.783226 1.000000 0.000941 0.000941
v -66.256391 89.389872 20.794034 1.000000 0.000941 0.000941
v -68.429431 60.822153 22.829921 1.000000 0.000941 0.000941
v -67.865039 60.276153 22.301152 1.000000 0.000941 0.000941
v -58.266844 85.375921 18.028362 1.000000 0.000941 0.000941
v -58.812844 85.375921 17.482362 1.000000 0.000941 0.000941
v -68.429431 65.960123 22.829921 1.000000 0.000941 0.000941
v -67.865039 66.506123 22.301152 1.000000 0.000941 0.000941
v -98.636938 117.598130 -26.616344 1.000000 0.000941 0.000941
v -58.266844 65.960123 22.283921 1.000000 0.000941 0.000941
v -66.256391 60.276153 17.482362 1.000000 0.000941 0.000941
v -58.812844 66.506123 22.283921 1.000000 0.000941 0.000941
v -58.812844 65.960123 22.829921 1.000000 0.000941 0.000941
v -66.256391 66.506123 17.482362 1.000000 0.000941 0.000941
v -66.256391 66.506123 20.794035 1.000000 0.000941 0.000941
v -67.883431 85.375921 17.482362 1.000000 0.000941 0.000941
v -66.256391 66.506123 0.000000 1.000000 0.000941 0.000941
v -66.256391 60.276153 0.000000 1.000000 0.000941 0.000941
v -66.256391 29.766364 17.482362 1.000000 0.000941 0.000941
v -67.807195 110.383017 0.000001 1.000000 0.000941 0.000941
v -68.429431 85.921921 17.482362 1.000000 0.000941 0.000941
v -66.256391 115.867208 20.800838 1.000000 0.000941 0.000941
v -58.812844 60.276153 22.283921 1.000000 0.000941 0.000941
v -58.266844 60.822153 22.283921 1.000000 0.000941 0.000941
v -67.787650 110.383017 19.039875 1.000000 0.000941 0.000941
v -58.812844 60.822153 22.829921 1.000000 0.000941 0.000941
v -144.860005 40.245549 -26.690060 1.000000 0.000941 0.000941
v -58.266844 88.843872 20.236667 1.000000 0.000941 0.000941
v -58.812844 89.390431 20.783225 1.000000 0.000941 0.000941
v -66.256391 60.276153 20.794035 1.000000 0.000941 0.000941
v -58.266844 85.921921 22.283922 1.000000 0.000941 0.000941
v -67.788484 115.867208 19.014588 1.000000 0.000941 0.000941
v -66.256391 110.383017 20.794034 1.000000 0.000941 0.000941
v -58.812844 85.921921 22.829922 0.470000 0.000000 0.266333
v -66.256391 110.383017 17.482362 0.470000 0.000000 0.266333
v -67.019960 110.929558 23.610748 0.470000 0.000000 0.266333
v -66.849348 110.383017 22.981381 0.470000 0.000000 0.266333
v -58.812844 115.867208 20.784451 1.000000 0.000941 0.000941
v -58.266844 115.321208 20.782667 1.000000 0.000941 0.000941
v -69.753893 115.321439 19.317823 1.000000 0.000941 0.000941
v -69.186370 115.867208 19.228472 1.000000 0.000941 0.000941
v -69.753893 110.929017 0.000001 1.000000 0.000941 0.000941
v -142.487289 10.783088 26.617041 1.000000 0.000941 0.000941
v -69.753893 110.929250 19.338075 1.000000 0.000941 0.000941
v -69.185278 110.383017 19.253630 1.000000 0.000941 0.000941
v -91.947832 10.175436 26.016591 1.000000 0.000941 0.000941
v -68.429431 65.960123 0.000000 1.000000 0.000941 0.000941
v -67.883431 60.276153 17.482362 1.000000 0.000941 0.000941
v -68.429431 60.822153 17.482362 1.000000 0.000941 0.000941
v -58.812844 110.383017 23.047246 0.470000 0.000000 0.266333
v -58.811191 110.929017 23.593243 0.470000 0.000000 0.266333
v -58.266844 110.929017 23.047246 0.470000 0.000000 0.266333
v -58.812844 29.766364 17.482362 0.470000 0.000000 0.266333
v -58.266844 29.236897 18.045960 1.000000 0.480000 0.480000
v -67.883431 89.389873 0.000000 1.000000 0.480000 0.480000
v -92.709274 10.775552 26.617041 1.000000 0.480000 0.480000
v -58.812844 110.383017 0.000001 1.000000 0.480000 0.480000
v -58.266844 110.929017 0.000001 1.000000 0.000941 0.000941
v -58.812844 60.276153 17.482362 1.000000 0.000941 0.000941
v -58.266844 60.276153 18.028362 1.000000 0.000941 0.000941
v -68.429431 85.921921 0.000000 1.000000 0.000941 0.000941
v -192.520225 37.301651 30.336413 1.000000 0.000941 0.000941
v -58.812844 66.506123 17.482362 1.000000 0.000941 0.000941
v -58.266844 66.506123 18.028362 1.000000 0.000941 0.000941
v -67.865039 89.389872 22.301152 1.000000 0.000941 0.000941
v -68.429431 88.843872 22.829922 1.000000 0.000941 0.000941
v -67.019960 115.321746 23.610748 1.000000 0.000941 0.000941
v -66.849009 115.867208 22.981654 1.000000 0.000941 0.000941
v -69.753893 115.321208 0.000001 1.000000 0.000941 0.000941
v -69.207893 115.867208 0.000001 1.000000 0.000941 0.000941
v -58.266844 115.321208 23.047246 1.000000 0.000941 0.000941
v -58.811191 115.321208 23.593243 1.000000 0.000941 0.000941
v -58.812844 115.867208 23.047246 1.000000 0.000941 0.000941
v -68.429431 85.921921 22.829922 1.000000 0.000941 0.000941
v -67.865039 85.375921 22.301152 1.000000 0.000941 0.000941
v -67.883431 66.506123 0.000000 1.000000 0.000941 0.000941
v -191.920283 37.300820 30.968615 1.000000 0.000941 0.000941
v -58.812844 88.843872 22.829922 1.000000 0.000941 0.000941
v -58.812844 89.389872 22.283922 1.000000 0.000941 0.000941
v -58.266844 88.843872 22.283922 1.000000 0.000941 0.000941
v -58.812844 85.375363 20.783225 1.000000 0.000941 0.000941
v -58.266844 85.921921 20.236667 1.000000 0.000941 0.000941
v -58.812844 85.375921 22.283922 1.000000 0.000941 0.000941
v -145.988640 44.457672 -27.831019 1.000000 0.000941 0.000941
v -73.075162 41.075862 -27.718348 1.000000 0.000941 0.000941
v -147.374429 47.608073 31.018757 0.470000 0.000000 0.266333
v -191.191246 42.321355 25.998353 0.470000 0.000000 0.266333
v -68.429431 60.822153 0.000000 0.470000 0.000000 0.266333
v -65.974635 110.383017 0.000001 0.470000 0.000000 0.266333
v -66.285157 23.568637 19.698805 0.470000 0.000000 0.266333
v -144.788498 37.515385 31.045922 0.470000 0.000000 0.266333
v -71.894355 41.075862 -26.576745 0.470000 0.000000 0.266333
v -76.185992 41.075862 -26.582164 0.470000 0.000000 0.266333
v -191.191246 42.120845 25.998353 0.470000 0.000000 0.266333
v -144.175079 37.530171 30.334530 0.470000 0.000000 0.266333
v -192.519980 53.167642 30.335464 0.470000 0.000000 0.266333
v -166.652378 43.625936 30.995971 0.470000 0.000000 0.266333
v -191.919277 52.698164 30.933685 1.000000 0.000941 0.000941
v -75.335067 41.091616 30.335601 1.000000 0.000941 0.000941
v -161.204290 32.833649 18.513863 1.000000 0.000941 0.000941
v -169.752708 30.761452 18.723925 1.000000 0.000941 0.000941
v -74.991694 41.075862 -27.720555 0.470000 0.000000 0.266333
v -75.317145 40.483010 31.153856 0.470000 0.000000 0.266333
v -166.652370 45.849653 30.990927 0.470000 0.000000 0.266333
v -154.132742 43.228701 31.017537 0.470000 0.000000 0.266333
v -154.132732 45.792781 31.011720 0.470000 0.000000 0.266333
v -143.732185 32.674406 31.058648 0.470000 0.000000 0.266333
v -187.032003 40.533730 30.969349 0.470000 0.000000 0.266333
v -143.235624 33.263221 30.335136 0.470000 0.000000 0.266333
v -154.132722 48.356861 31.005903 0.470000 0.000000 0.266333
v -66.914721 37.729082 31.171582 0.470000 0.000000 0.266333
v -66.218109 37.091071 30.334322 0.470000 0.000000 0.266333
v -191.920293 34.521917 30.974919 0.470000 0.000000 0.266333
v -192.559338 42.418337 0.000000 1.000000 0.000941 0.000941
v -166.652351 50.691639 30.979942 1.000000 0.000941 0.000941
v -146.754538 47.608910 30.334567 1.000000 0.000941 0.000941
v -187.032198 50.691563 30.946304 1.000000 0.000941 0.000941
v -144.178245 21.730422 18.487495 1.000000 0.000941 0.000941
v -187.031995 42.654857 30.964537 1.000000 0.000941 0.000941
v -166.652359 48.795015 30.984245 1.000000 0.000941 0.000941
v -192.527067 40.582749 26.000421 1.000000 0.000941 0.000941
v -98.306843 122.968418 -27.757244 1.000000 0.000941 0.000941
v -161.401919 48.356760 30.994281 1.000000 0.000941 0.000941
v -192.520225 34.537339 30.336412 1.000000 0.000941 0.000941
v -149.154287 34.292676 31.036718 1.000000 0.000941 0.000941
v -146.474269 24.904640 30.336482 0.470000 0.000000 0.266333
v -145.785972 25.558264 31.071247 0.470000 0.000000 0.266333
v -83.700614 34.992937 31.150083 0.470000 0.000000 0.266333
v -83.262235 34.542714 30.334985 0.470000 0.000000 0.266333
v -154.132713 50.920941 31.000086 0.470000 0.000000 0.266333
v -176.303556 23.892060 18.533231 0.470000 0.000000 0.266333
v -160.954611 38.386852 31.016899 0.470000 0.000000 0.266333
v -178.276264 21.374522 18.539368 0.470000 0.000000 0.266333
v -97.363530 123.676413 -26.616288 1.000000 0.000941 0.000941
v -146.798797 47.628960 0.000000 1.000000 0.000941 0.000941
v -79.998428 68.227515 -26.580535 1.000000 0.000941 0.000941
v -174.235462 15.300859 18.534045 1.000000 0.000941 0.000941
v -179.580060 14.042074 18.578293 0.470000 0.000000 0.266333
v -81.162636 68.156038 -27.722083 0.470000 0.000000 0.266333
v -67.883431 85.375921 0.000000 0.470000 0.000000 0.266333
v -151.410591 31.125869 31.079740 0.470000 0.000000 0.266333
v -152.151785 30.340644 30.373430 0.470000 0.000000 0.266333
v -192.527067 37.063770 26.000421 0.470000 0.000000 0.266333
v -142.757266 15.314363 18.465039 0.470000 0.000000 0.266333
v -83.102431 68.054554 -27.724283 0.470000 0.000000 0.266333
v -154.468903 57.505301 30.984593 1.000000 0.000941 0.000941
v -187.032216 45.849691 30.957288 1.000000 0.000941 0.000941
v -148.173120 15.300859 18.493682 1.000000 0.000941 0.000941
v -161.204291 20.685015 18.513864 1.000000 0.000941 0.000941
v -168.256710 15.300859 18.524785 0.470000 0.000000 0.266333
v -145.527350 42.661022 0.000000 0.470000 0.000000 0.266333
v -161.401909 50.898681 30.988514 0.470000 0.000000 0.266333
v -154.490375 58.105190 30.335464 0.470000 0.000000 0.266333
v -84.855749 37.466467 31.144955 0.470000 0.000000 0.266333
v -125.534872 58.259825 -15.804032 0.470000 0.000000 0.266333
v -69.207893 110.383017 0.000001 0.470000 0.000000 0.266333
v -66.218109 37.091071 19.699192 0.470000 0.000000 0.266333
v -75.229732 37.102159 19.712972 0.470000 0.000000 0.266333
v -58.266844 115.321208 0.000001 0.470000 0.000000 0.266333
v -58.812844 115.867208 0.000001 0.470000 0.000000 0.266333
v -83.278567 34.542714 19.726177 0.470000 0.000000 0.266333
v -191.191247 36.840298 25.998353 1.000000 0.000941 0.000941
v -192.527067 47.338149 26.000421 1.000000 0.000941 0.000941
v -167.101971 58.105190 0.000000 1.000000 0.000941 0.000941
v -192.527068 34.988691 26.000422 1.000000 0.000941 0.000941
v -85.295652 37.916111 30.336114 1.000000 0.000941 0.000941
v -66.981763 40.510945 31.167550 1.000000 0.000941 0.000941
v -66.285157 41.091616 30.335813 1.000000 0.000941 0.000941
v -68.429431 88.843873 0.000000 1.000000 0.000941 0.000941
v -161.214050 58.105190 0.000000 0.470000 0.000000 0.266333
v -179.476727 13.706084 26.013697 0.470000 0.000000 0.266333
v -134.371442 52.319760 10.602973 0.470000 0.000000 0.266333
v -134.371442 52.319760 11.672387 0.470000 0.000000 0.266333
v -132.209376 51.669098 11.538004 0.470000 0.000000 0.266333
v -125.541494 50.872844 11.527678 0.470000 0.000000 0.266333
v -118.842260 50.560883 11.517303 0.470000 0.000000 0.266333
v -116.662544 50.055740 11.733413 0.470000 0.000000 0.266333
v -112.339820 58.137889 0.000000 1.000000 0.000941 0.000941
v -116.662544 50.055740 10.572594 1.000000 0.000941 0.000941
v -132.203636 59.086093 15.244163 1.000000 0.000941 0.000941
v -125.535712 59.129193 15.261039 1.000000 0.000941 0.000941
v -125.534872 58.259825 15.804032 0.470000 0.000000 0.266333
v -180.234519 13.688837 26.617041 0.470000 0.000000 0.266333
v -87.942932 31.092269 31.151954 0.470000 0.000000 0.266333
v -138.102542 57.931015 15.248074 0.470000 0.000000 0.266333
v -138.731847 57.231066 15.816281 1.000000 0.000941 0.000941
v -112.197621 57.236572 15.851738 1.000000 0.000941 0.000941
v -113.740519 59.594815 14.387451 1.000000 0.000941 0.000941
v -138.876993 55.996181 16.005683 1.000000 0.000941 0.000941
v -137.271105 58.629323 14.427687 1.000000 0.000941 0.000941
v -118.835357 57.273925 15.974655 1.000000 0.000941 0.000941
v -118.837780 59.630895 14.410097 1.000000 0.000941 0.000941
v -125.536944 59.719013 14.465934 1.000000 0.000941 0.000941
v -125.534591 57.286839 15.985030 0.470000 0.000000 0.266333
v -113.740519 59.594815 10.570960 0.470000 0.000000 0.266333
v -112.197621 57.236572 10.568473 0.470000 0.000000 0.266333
v -87.508609 30.676681 30.334803 0.470000 0.000000 0.266333
v -138.731847 57.231066 10.311471 0.470000 0.000000 0.266333
v -138.876993 55.996181 10.609876 0.470000 0.000000 0.266333
v -132.204895 59.630773 14.431090 0.470000 0.000000 0.266333
v -132.202473 57.271137 15.995356 0.470000 0.000000 0.266333
v -87.834264 23.568637 19.732389 1.000000 0.000941 0.000941
v -112.197621 57.236572 0.000000 1.000000 0.000941 0.000941
v -167.062841 58.105190 30.335577 1.000000 0.000941 0.000941
v -137.457468 59.258815 10.489328 1.000000 0.000941 0.000941
v -187.032225 43.625859 30.962334 1.000000 0.000941 0.000941
v -138.325615 58.046988 10.490896 1.000000 0.000941 0.000941
v -142.979422 87.712504 15.812021 1.000000 0.000941 0.000941
v -139.455471 74.817017 15.825059 1.000000 0.000941 0.000941
v -138.606555 75.000564 15.280728 1.000000 0.000941 0.000941
v -136.209350 62.647867 10.606788 1.000000 0.000941 0.000941
v -136.879254 61.903301 10.607932 1.000000 0.000941 0.000941
v -137.265120 62.662303 15.213818 1.000000 0.000941 0.000941
v -137.963862 61.905997 15.806556 0.470000 0.000000 0.266333
v -138.224286 68.265630 15.815927 0.470000 0.000000 0.266333
v -137.398593 68.444163 15.247780 0.470000 0.000000 0.266333
v -167.039025 57.499095 30.963860 0.470000 0.000000 0.266333
v -137.762908 61.513581 0.000000 1.000000 0.000941 0.000941
v -187.035940 45.785750 28.892974 1.000000 0.000941 0.000941
v -87.524941 30.676682 19.732776 1.000000 0.000941 0.000941
v -139.692260 81.624337 14.435175 1.000000 0.000941 0.000941
v -141.983218 81.128981 16.008752 1.000000 0.000941 0.000941
v -141.417013 88.528162 10.610955 1.000000 0.000941 0.000941
v -143.852136 89.738255 10.614528 1.000000 0.000941 0.000941
v -137.753111 61.514530 10.609337 1.000000 0.000941 0.000941
v -135.911207 63.561718 10.606192 1.000000 0.000941 0.000941
v -138.031269 75.125027 14.484716 1.000000 0.000941 0.000941
v -140.406225 74.611529 16.007553 1.000000 0.000941 0.000941
v -139.159809 68.063432 16.006349 1.000000 0.000941 0.000941
v -136.867271 68.559130 14.428887 0.470000 0.000000 0.266333
v -143.916660 87.646433 16.009950 0.470000 0.000000 0.266333
v -141.506984 87.050133 14.398066 0.470000 0.000000 0.266333
v -138.837976 61.515335 16.005144 0.470000 0.000000 0.266333
v -136.934566 63.575551 14.390496 1.000000 0.000941 0.000941
v -192.527067 42.418337 26.000421 1.000000 0.000941 0.000941
v -136.875245 61.899673 0.000000 1.000000 0.000941 0.000941
v -139.172896 61.206727 16.007392 1.000000 0.000941 0.000941
v -144.819714 87.337826 16.012198 1.000000 0.000941 0.000941
v -135.311460 68.896037 10.604472 1.000000 0.000941 0.000941
v -142.987353 90.052009 0.000000 1.000000 0.000941 0.000941
v -142.090801 89.635955 0.000000 1.000000 0.000941 0.000941
v -142.002927 74.302922 16.009800 1.000000 0.000941 0.000941
v -140.587912 67.754825 16.008596 1.000000 0.000941 0.000941
v -139.181214 61.205923 10.611585 1.000000 0.000941 0.000941
v -141.047885 81.331138 15.818796 1.000000 0.000941 0.000941
v -136.185962 75.524504 10.605091 1.000000 0.000941 0.000941
v -140.222760 81.509548 15.252048 1.000000 0.000941 0.000941
v -145.280239 89.429648 10.616776 1.000000 0.000941 0.000941
v -138.134869 81.961587 10.606875 1.000000 0.000941 0.000941
v -142.914035 89.728187 10.613084 1.000000 0.000941 0.000941
v -143.411321 80.820374 16.010999 1.000000 0.000941 0.000941
v -143.419576 80.819575 10.655648 1.000000 0.000941 0.000941
v -142.011183 74.302123 10.654450 1.000000 0.000941 0.000941
v -140.596167 67.754026 10.653245 0.470000 0.000000 0.266333
v -166.656038 45.785750 28.870122 0.470000 0.000000 0.266333
v -142.018750 89.283291 10.611770 0.470000 0.000000 0.266333
v -142.096280 87.493961 15.221268 0.470000 0.000000 0.266333
v -137.810854 82.032774 0.000000 0.470000 0.000000 0.266333
v -166.652156 40.533806 31.002987 0.470000 0.000000 0.266333
v -134.987445 68.967225 0.000000 0.470000 0.000000 0.266333
v -135.861946 75.595691 0.000000 0.470000 0.000000 0.266333
v -144.819944 40.049856 30.334565 0.470000 0.000000 0.266333
v -187.035940 45.871881 28.892973 0.470000 0.000000 0.266333
v -191.191246 47.091567 25.998353 0.470000 0.000000 0.266333
v -114.228071 49.504860 0.000000 0.470000 0.000000 0.266333
v -132.202764 58.236234 15.807558 1.000000 0.000941 0.000941
v -136.786223 53.045312 13.915085 1.000000 0.000941 0.000941
v -114.228071 49.504860 13.880148 1.000000 0.000941 0.000941
v -114.228071 55.818991 13.880148 1.000000 0.000941 0.000941
v -114.228071 49.504860 10.571705 0.470000 0.000000 0.266333
v -132.205706 51.669098 13.907992 0.470000 0.000000 0.266333
v -136.791347 53.045312 10.606643 0.470000 0.000000 0.266333
v -125.537824 50.872844 13.897665 0.470000 0.000000 0.266333
v -114.228071 55.818991 10.460290 1.000000 0.000941 0.000941
v -118.838590 50.560883 13.887290 1.000000 0.000941 0.000941
v -114.228071 55.818991 0.000000 1.000000 0.000941 0.000941
v -90.727237 27.236649 19.737921 1.000000 0.000941 0.000941
v -125.552787 60.833357 0.000000 1.000000 0.000941 0.000941
v -118.853552 60.793611 0.000000 1.000000 0.000941 0.000941
v -92.426419 21.655710 19.741750 1.000000 0.000941 0.000941
v -132.220668 60.647465 0.000000 1.000000 0.000941 0.000941
v -118.836520 59.086486 15.223321 1.000000 0.000941 0.000941
v -138.731847 57.231066 0.000000 1.000000 0.000941 0.000941
v -136.786223 55.818991 13.915085 1.000000 0.000941 0.000941
v -132.205706 55.818991 13.907992 1.000000 0.000941 0.000941
v -132.202473 55.818991 15.995356 0.470000 0.000000 0.266333
v -118.835648 58.237587 15.786821 0.470000 0.000000 0.266333
v -132.210829 60.305951 10.599549 0.470000 0.000000 0.266333
v -138.876993 55.818991 10.609876 0.470000 0.000000 0.266333
v -112.338812 58.137889 15.774703 0.470000 0.000000 0.266333
v -125.542948 60.491842 10.589223 0.470000 0.000000 0.266333
v -112.915959 59.029385 15.205974 0.470000 0.000000 0.266333
v -112.154974 55.818991 10.568473 0.470000 0.000000 0.266333
v -136.791346 55.818991 10.606643 1.000000 0.000941 0.000941
v -118.835357 55.818991 15.974655 1.000000 0.000941 0.000941
v -125.537824 55.818991 13.897665 1.000000 0.000941 0.000941
v -125.534591 55.818991 15.985030 1.000000 0.000941 0.000941
v -112.339310 58.137889 10.568774 1.000000 0.000941 0.000941
v -112.915959 59.029385 10.569679 1.000000 0.000941 0.000941
v -118.843713 60.452097 10.578848 1.000000 0.000941 0.000941
v -138.876993 55.818991 16.005683 1.000000 0.000941 0.000941
v -112.154974 55.818991 15.964280 1.000000 0.000941 0.000941
v -112.915959 59.029385 0.000000 1.000000 0.000941 0.000941
v -145.436350 40.037965 31.039130 1.000000 0.000941 0.000941
v -118.838590 55.818991 13.887290 1.000000 0.000941 0.000941
v -136.791348 53.045311 0.000000 1.000000 0.000941 0.000941
v -75.047020 23.568637 19.712585 1.000000 0.000941 0.000941
v -145.464808 42.569541 30.334565 1.000000 0.000941 0.000941
v -146.082040 42.560904 31.032340 1.000000 0.000941 0.000941
v -93.239908 15.452401 19.741696 1.000000 0.000941 0.000941
v -192.527067 45.206624 26.000421 1.000000 0.000941 0.000941
v -191.191247 36.549274 25.998353 1.000000 0.000941 0.000941
v -116.662544 50.055740 0.000000 1.000000 0.000941 0.000941
v -91.964097 10.175436 19.782382 1.000000 0.000941 0.000941
v -176.285172 23.892060 30.333961 1.000000 0.000941 0.000941
v -176.969098 24.307084 31.018513 1.000000 0.000941 0.000941
v -161.401938 43.228750 31.005915 1.000000 0.000941 0.000941
v -138.876993 55.996181 0.000000 1.000000 0.000941 0.000941
v -136.791347 55.818991 0.000000 1.000000 0.000941 0.000941
v -161.401929 45.792755 31.000098 1.000000 0.000941 0.000941
v -83.573668 23.568637 19.725791 1.000000 0.000941 0.000941
v -143.452114 10.183192 19.826378 0.470000 0.000000 0.266333
v -166.652148 42.653963 30.998177 0.470000 0.000000 0.266333
v -191.191246 46.871363 25.998353 0.470000 0.000000 0.266333
v -187.032205 48.794939 30.950607 0.470000 0.000000 0.266333
v -146.498815 24.912976 18.491692 0.470000 0.000000 0.266333
v -146.109673 45.089226 30.334565 0.470000 0.000000 0.266333
v -146.727831 45.084239 31.025550 0.470000 0.000000 0.266333
v -166.656002 42.561369 28.989959 0.470000 0.000000 0.266333
v -178.953366 9.289227 19.204167 0.470000 0.000000 0.266333
v -187.035904 42.561369 29.012811 0.470000 0.000000 0.266333
v -134.371442 52.319760 0.000000 0.470000 0.000000 0.266333
v -166.656002 42.843623 28.990001 0.470000 0.000000 0.266333
v -191.920242 47.547463 30.945369 1.000000 0.000941 0.000941
v -187.035904 42.842653 29.012769 1.000000 0.000941 0.000941
v -166.656037 50.691868 28.870122 1.000000 0.000941 0.000941
v -113.740519 59.594815 0.000000 1.000000 0.000941 0.000941
v -187.035939 50.691868 28.892973 1.000000 0.000941 0.000941
v -137.130104 59.791094 0.000000 1.000000 0.000941 0.000941
v -166.656037 50.458429 28.870122 1.000000 0.000941 0.000941
v -138.170649 58.121163 0.000000 1.000000 0.000941 0.000941
v -187.035939 50.458429 28.892973 0.470000 0.000000 0.266333
v -166.656038 45.871995 28.870123 0.470000 0.000000 0.266333
v -191.223517 46.871364 0.000000 0.470000 0.000000 0.266333
v -84.271730 67.982983 -26.585836 0.470000 0.000000 0.266333
v -140.211802 126.527084 -27.237920 1.000000 0.000941 0.000941
v -192.520225 47.550348 30.336411 1.000000 0.000941 0.000941
v -154.540111 58.105190 0.000000 1.000000 0.000941 0.000941
v -91.449549 27.226773 31.154912 1.000000 0.000941 0.000941
v -149.574744 58.105190 0.000000 0.470000 0.000000 0.266333
v -154.151872 15.300859 18.502942 0.470000 0.000000 0.266333
v -135.846690 63.540170 0.000000 0.470000 0.000000 0.266333
v -152.170173 30.340645 18.540557 0.470000 0.000000 0.266333
v -143.929852 90.051604 0.000000 0.470000 0.000000 0.266333
v -141.481670 88.915499 0.000000 0.470000 0.000000 0.266333
v -90.727237 27.236649 30.335261 0.470000 0.000000 0.266333
v -63.617168 52.298113 23.861136 0.470000 0.000000 0.266333
v -74.778180 49.814467 24.947783 0.470000 0.000000 0.266333
v -66.983216 49.810426 22.550825 0.470000 0.000000 0.266333
v -66.897936 49.551178 23.208803 0.470000 0.000000 0.266333
v -66.981177 49.810426 23.867042 0.470000 0.000000 0.266333
v -67.184178 50.436307 24.139955 0.470000 0.000000 0.266333
v -67.388024 51.062188 23.867672 0.470000 0.000000 0.266333
v -67.473304 51.321436 23.209694 0.470000 0.000000 0.266333
v -67.390062 51.062188 22.551455 0.470000 0.000000 0.266333
v -67.187061 50.436307 22.278542 0.470000 0.000000 0.266333
v -74.243137 48.171689 25.662455 0.470000 0.000000 0.266333
v -73.710311 46.528911 24.946129 0.470000 0.000000 0.266333
v -73.491823 45.848450 23.218419 0.470000 0.000000 0.266333
v -136.182659 62.632151 0.000000 1.000000 0.000941 0.000941
v -138.876993 55.818991 0.000000 1.000000 0.000941 0.000941
v -73.715661 46.528911 21.491394 1.000000 0.000941 0.000941
v -74.250704 48.171689 20.776721 1.000000 0.000941 0.000941
v -74.783530 49.814467 21.493047 1.000000 0.000941 0.000941
v -112.154974 55.818991 0.000000 1.000000 0.000941 0.000941
v -75.002018 50.494928 23.220758 1.000000 0.000941 0.000941
v -67.720329 48.445861 21.482786 1.000000 0.000941 0.000941
v -63.702448 52.557361 23.203158 1.000000 0.000941 0.000941
v -67.496491 47.765400 23.209811 1.000000 0.000941 0.000941
v -63.619206 52.298113 22.544919 1.000000 0.000941 0.000941
v -67.714979 48.445861 24.937522 1.000000 0.000941 0.000941
v -63.416205 51.672232 22.272006 1.000000 0.000941 0.000941
v -68.247805 50.088639 25.653848 1.000000 0.000941 0.000941
v -68.782848 51.731417 24.939175 1.000000 0.000941 0.000941
v -63.127079 50.787103 23.202267 1.000000 0.000941 0.000941
v -69.006686 52.411878 23.212150 1.000000 0.000941 0.000941
v -63.210321 51.046351 23.860506 1.000000 0.000941 0.000941
v -68.788198 51.731417 21.484440 1.000000 0.000941 0.000941
v -63.413322 51.672232 24.133418 1.000000 0.000941 0.000941
v -143.429432 80.818621 0.000000 1.000000 0.000941 0.000941
v -68.255372 50.088639 20.768114 1.000000 0.000941 0.000941
v -63.212359 51.046351 22.544289 1.000000 0.000941 0.000941
v -106.248910 38.769676 25.460674 1.000000 0.000941 0.000941
v -145.357951 89.742998 0.000000 1.000000 0.000941 0.000941
v -108.023099 45.654441 0.000000 1.000000 0.000941 0.000941
v -140.013512 126.101851 -27.674576 1.000000 0.000941 0.000941
v -139.191007 61.204975 0.000000 1.000000 0.000941 0.000941
v -142.021039 74.301170 0.000000 0.470000 0.000000 0.266333
v -140.606023 67.753072 0.000000 0.470000 0.000000 0.266333
v -143.409472 41.707610 25.460674 0.470000 0.000000 0.266333
v -143.409472 39.083545 25.460674 0.470000 0.000000 0.266333
v -144.669472 54.347122 23.931927 1.000000 0.000941 0.000941
v -108.995954 44.831134 25.460674 1.000000 0.000941 0.000941
v -144.669472 54.347122 0.000000 1.000000 0.000941 0.000941
v -116.451634 48.893697 25.460674 1.000000 0.000941 0.000941
v -94.069439 109.251782 21.523558 1.000000 0.000941 0.000941
v -95.869355 111.089504 24.181072 1.000000 0.000941 0.000941
v -146.788795 83.178824 0.000000 1.000000 0.000941 0.000941
v -116.448872 41.614753 25.460674 1.000000 0.000941 0.000941
v -94.069439 109.251782 0.000001 0.470000 0.000000 0.266333
v -148.993985 119.769109 0.000001 0.470000 0.000000 0.266333
v -83.751678 72.918198 21.504388 0.470000 0.000000 0.266333
v -143.318905 122.481891 0.000001 0.470000 0.000000 0.266333
v -81.835673 72.138621 22.640544 1.000000 0.000941 0.000941
v -81.430388 70.725597 24.181071 1.000000 0.000941 0.000941
v -138.831512 123.567043 0.000001 1.000000 0.000941 0.000941
v -147.354968 102.317358 18.714156 1.000000 0.000941 0.000941
v -146.786006 102.317358 18.714156 1.000000 0.000941 0.000941
v -145.709985 80.868011 0.000000 1.000000 0.000941 0.000941
v -100.356991 121.432101 0.000001 1.000000 0.000941 0.000941
v -145.709985 80.868011 20.831490 1.000000 0.000941 0.000941
v -138.831512 123.567043 24.181072 1.000000 0.000941 0.000941
v -112.640537 48.012352 25.460674 1.000000 0.000941 0.000941
v -104.111970 123.602576 24.181072 1.000000 0.000941 0.000941
v -75.540615 41.190263 24.181071 1.000000 0.000941 0.000941
v -112.165610 49.270282 23.931927 0.470000 0.000000 0.266333
v -143.318905 122.481891 24.181072 0.470000 0.000000 0.266333
v -148.910077 65.760514 0.000000 0.470000 0.000000 0.266333
v -92.771120 110.651787 22.655641 0.470000 0.000000 0.266333
v -148.993985 119.769109 24.181072 0.470000 0.000000 0.266333
v -148.910077 65.760521 24.181071 0.470000 0.000000 0.266333
v -84.222333 70.490419 24.181071 0.470000 0.000000 0.266333
v -145.709985 56.013552 24.181071 0.470000 0.000000 0.266333
v -145.709985 119.004786 24.181072 1.000000 0.480000 0.480000
v -145.709985 104.638660 20.809792 1.000000 0.480000 0.480000
v -72.643806 41.191737 24.181071 1.000000 0.480000 0.480000
v -148.910077 104.638660 0.000001 1.000000 0.480000 0.480000
v -97.845774 123.315480 0.000001 0.470000 0.000000 0.266333
v -100.356991 121.432101 24.181072 0.470000 0.000000 0.266333
v -148.910077 80.868011 20.793586 0.470000 0.000000 0.266333
v -97.988553 117.994396 24.181072 0.470000 0.000000 0.266333
v -84.222333 70.490419 0.000000 0.470000 0.000000 0.266333
v -102.415471 126.119379 24.181072 0.470000 0.000000 0.266333
v -102.408603 126.103199 -27.617597 0.470000 0.000000 0.266333
v -102.141370 126.503210 -27.180428 0.470000 0.000000 0.266333
v -95.869355 111.089504 0.000001 1.000000 0.000941 0.000941
v -140.003849 126.145676 24.181072 1.000000 0.000941 0.000941
v -145.271603 124.839794 24.181072 1.000000 0.000941 0.000941
v -81.833462 72.138863 0.000000 1.000000 0.000941 0.000941
v -97.988553 117.994396 0.000001 1.000000 0.000941 0.000941
v -147.352145 83.178824 0.000000 1.000000 0.000941 0.000941
v -147.354790 83.178824 18.714156 1.000000 0.000941 0.000941
v -146.787854 83.178824 18.714156 1.000000 0.000941 0.000941
v -148.910077 80.868011 0.000000 0.470000 0.000000 0.266333
v -95.312214 119.559661 24.181072 0.470000 0.000000 0.266333
v -116.448872 50.153697 23.931927 0.470000 0.000000 0.266333
v -104.111970 123.602576 0.000001 0.470000 0.000000 0.266333
v -147.352145 102.317358 0.000001 0.470000 0.000000 0.266333
v -92.783380 110.696508 24.181072 0.470000 0.000000 0.266333
v -93.643112 109.358720 0.000001 0.470000 0.000000 0.266333
v -108.023099 45.654441 23.931927 0.470000 0.000000 0.266333
v -146.788795 102.317358 0.000001 1.000000 0.000941 0.000941
v -148.910077 104.638660 20.810212 1.000000 0.000941 0.000941
v -144.669472 38.915121 23.931926 1.000000 0.000941 0.000941
v -83.296832 73.055778 21.503842 1.000000 0.000941 0.000941
v -93.643112 109.358720 21.523012 0.470000 0.000000 0.266333
v -140.003849 126.145676 0.000001 0.470000 0.000000 0.266333
v -104.988910 38.915121 23.931926 0.470000 0.000000 0.266333
v -95.309930 119.560317 0.000001 0.470000 0.000000 0.266333
v -125.535712 59.129193 -15.261039 0.470000 0.000000 0.266333
v -97.845774 123.315480 24.181072 0.470000 0.000000 0.266333
v -143.409472 53.087122 25.460674 0.470000 0.000000 0.266333
v -144.669472 49.990113 0.000000 0.470000 0.000000 0.266333
v -144.669472 44.932054 23.931927 1.000000 0.000941 0.000941
v -145.271603 124.839795 0.000001 1.000000 0.000941 0.000941
v -102.415471 126.119379 0.000001 1.000000 0.000941 0.000941
v -138.800990 123.501589 -27.673409 1.000000 0.000941 0.000941
v -145.709985 104.638660 0.000001 0.470000 0.000000 0.266333
v -116.448872 44.932054 25.460674 0.470000 0.000000 0.266333
v -83.751678 72.918199 0.000000 0.470000 0.000000 0.266333
v -116.448872 38.915121 25.460674 0.470000 0.000000 0.266333
v -143.177686 33.181301 23.931926 0.470000 0.000000 0.266333
v -92.768909 110.652029 0.000001 0.470000 0.000000 0.266333
v -138.601998 123.074849 -27.236327 0.470000 0.000000 0.266333
v -104.988910 33.181301 23.931926 0.470000 0.000000 0.266333
v -145.709985 119.004786 0.000001 1.000000 0.000941 0.000941
v -105.671206 41.831140 23.931926 1.000000 0.000941 0.000941
v -93.726012 10.175711 19.783942 1.000000 0.000941 0.000941
v -96.632035 71.609216 -1.312914 1.000000 0.000941 0.000941
v -83.296832 73.055778 0.000000 1.000000 0.480000 0.480000
v -89.455844 60.586844 -1.301800 1.000000 0.480000 0.480000
v -97.201621 60.223602 -22.157391 1.000000 0.480000 0.480000
v -81.428103 70.726252 0.000000 1.000000 0.480000 0.480000
v -97.575717 70.670952 -2.969444 0.470000 0.000000 0.266333
v -145.709985 56.013554 0.000000 0.470000 0.000000 0.266333
v -97.520240 73.614001 -2.094301 0.470000 0.000000 0.266333
v -96.967647 59.695383 -22.710015 0.470000 0.000000 0.266333
v -89.849856 60.198202 0.000000 0.470000 0.000000 0.266333
v -98.918537 69.344045 0.000000 0.470000 0.000000 0.266333
v -95.458844 72.774558 0.000000 0.470000 0.000000 0.266333
v -99.701844 68.567345 0.000000 0.470000 0.000000 0.266333
v -96.605780 59.951609 -23.143047 1.000000 0.000941 0.000941
v -87.173469 62.852015 0.000000 1.000000 0.000941 0.000941
v -96.138838 71.111824 1.312150 1.000000 0.000941 0.000941
v -99.077199 69.183477 2.096712 1.000000 0.000941 0.000941
v -98.031330 69.235295 1.315081 0.470000 0.000000 0.266333
v -97.084229 70.173559 1.865580 0.470000 0.000000 0.266333
v -99.019012 72.126527 2.971680 0.470000 0.000000 0.266333
v -144.970053 53.573689 0.000000 0.470000 0.000000 0.266333
v -148.879779 65.791564 0.000000 0.470000 0.000000 0.266333
v -148.963706 55.560771 0.000000 0.470000 0.000000 0.266333
v -104.356360 123.196052 -27.182785 0.470000 0.000000 0.266333
v -98.425341 68.846653 0.000000 0.470000 0.000000 0.266333
v -100.520494 70.639053 2.098947 1.000000 0.000941 0.000941
v -95.748954 71.500466 0.000000 1.000000 0.000941 0.000941
v -105.627449 71.094621 5.416162 1.000000 0.000941 0.000941
v -107.230587 69.513331 0.000000 1.000000 0.000941 0.000941
v -106.111110 71.293322 5.620674 1.000000 0.000941 0.000941
v -96.341017 80.311054 0.000000 1.000000 0.000941 0.000941
v -97.927361 78.729763 5.404237 1.000000 0.000941 0.000941
v -101.773927 74.912192 7.656011 1.000000 0.000941 0.000941
v -96.379425 60.793089 -23.143045 1.000000 0.000941 0.000941
v -88.508744 61.525109 1.852299 1.000000 0.000941 0.000941
v -97.577425 70.670952 1.866344 1.000000 0.000941 0.000941
v -96.242151 71.997858 0.000000 1.000000 0.000941 0.000941
v -87.563353 62.463373 1.298869 1.000000 0.000941 0.000941
v -96.902139 74.230133 0.000000 1.000000 0.000941 0.000941
v -98.524526 69.732687 1.315845 1.000000 0.000941 0.000941
v -96.076945 72.158426 2.092066 1.000000 0.000941 0.000941
v -96.632035 71.609216 1.312914 1.000000 0.000941 0.000941
v -89.455844 60.586844 1.301800 1.000000 0.000941 0.000941
v -96.563905 61.196258 -22.710008 1.000000 0.000941 0.000941
v -97.575717 70.670952 2.969444 1.000000 0.000941 0.000941
v -101.145139 70.022921 0.000000 1.000000 0.000941 0.000941
v -97.520240 73.614001 2.094301 1.000000 0.000941 0.000941
v -96.563905 61.196258 22.710008 1.000000 0.000941 0.000941
v -79.841245 67.670305 0.000000 1.000000 0.000941 0.000941
v -96.379425 60.793089 23.143045 0.470000 0.000000 0.266333
v -96.605780 59.951609 23.143047 0.470000 0.000000 0.266333
v -96.967647 59.695383 22.710015 0.470000 0.000000 0.266333
v -89.457861 115.923682 -26.068277 0.470000 0.000000 0.266333
v -97.201621 60.223602 22.157391 0.470000 0.000000 0.266333
v -97.031307 60.856692 22.157391 0.470000 0.000000 0.266333
v -96.625398 61.330647 22.157391 0.470000 0.000000 0.266333
v -97.088295 59.609963 22.157391 0.470000 0.000000 0.266333
v -96.144002 60.278588 23.287391 1.000000 0.000941 0.000941
v -88.308071 41.735056 23.287391 1.000000 0.000941 0.000941
v -89.696209 42.116896 22.157391 1.000000 0.000941 0.000941
v -96.625398 61.330648 0.000000 1.000000 0.000941 0.000941
v -88.266098 67.625772 22.157391 1.000000 0.000941 0.000941
v -87.888200 66.495772 23.287391 1.000000 0.000941 0.000941
v -104.988910 37.785121 23.287391 1.000000 0.000941 0.000941
v -104.087367 123.596669 -27.619353 1.000000 0.000941 0.000941
v -104.988910 38.915121 22.157391 0.470000 0.000000 0.266333
v -149.427897 57.293152 -27.251199 0.470000 0.000000 0.266333
v -148.995365 55.678923 -27.687718 0.470000 0.000000 0.266333
v -83.894824 66.495772 23.287391 0.470000 0.000000 0.266333
v -84.227063 67.625772 22.157391 0.470000 0.000000 0.266333
v -94.049702 38.915121 22.157391 0.470000 0.000000 0.266333
v -93.220879 37.914235 23.287391 0.470000 0.000000 0.266333
v -90.497356 67.544288 0.000000 0.470000 0.000000 0.266333
v -89.939235 67.465672 21.854542 0.470000 0.000000 0.266333
v -90.497356 67.544288 21.455994 0.470000 0.000000 0.266333
v -95.278028 62.809620 21.987391 0.470000 0.000000 0.266333
v -89.467797 118.581293 19.652243 0.470000 0.000000 0.266333
v -94.004833 109.268083 21.523558 0.470000 0.000000 0.266333
v -147.230721 83.162881 0.000000 0.470000 0.000000 0.266333
v -83.660090 72.946221 21.504388 0.470000 0.000000 0.266333
v -94.004833 109.268083 0.000001 0.470000 0.000000 0.266333
v -83.660090 72.946221 0.000000 1.000000 0.000941 0.000941
v -147.230721 102.363122 0.000001 1.000000 0.000941 0.000941
v -147.230721 83.162881 18.812541 1.000000 0.000941 0.000941
v -147.230721 102.363122 18.829167 1.000000 0.000941 0.000941
v -146.928560 83.162881 0.000000 1.000000 0.480000 0.480000
v -147.035590 102.363122 0.000001 1.000000 0.480000 0.480000
v -146.928560 83.162881 18.812102 1.000000 0.480000 0.480000
v -146.928560 102.363122 18.828728 1.000000 0.480000 0.480000
v -93.725399 109.337920 21.523125 1.000000 0.003922 0.003922
v -83.382564 73.029474 21.503955 1.000000 0.003922 0.003922
v -93.725399 109.337920 0.000001 1.000000 0.003922 0.003922
v -83.382564 73.029474 0.000000 1.000000 0.003922 0.003922
v -100.946386 120.995202 24.137456 0.016667 0.000000 1.000000
v -97.844923 123.314629 27.611142 0.016667 0.000000 1.000000
v -97.483400 123.585967 27.173872 0.016667 0.000000 1.000000
v -98.126087 117.900349 27.610154 0.016667 0.000000 1.000000
v -104.450462 123.062514 24.137456 0.016667 0.000000 1.000000
v -98.508744 117.673685 27.173746 0.016667 0.000000 1.000000
v -98.640731 117.598130 24.137456 0.016667 0.000000 1.000000
v -138.536463 122.934308 24.137456 0.016667 0.000000 1.000000
v -100.820266 121.086191 27.177344 0.016667 0.000000 1.000000
v -142.781205 121.841085 24.137456 0.016667 0.000000 1.000000
v -100.455214 121.359157 27.613809 0.016667 0.000000 1.000000
v -75.573240 41.075862 27.575724 0.016667 0.000000 1.000000
v -144.970053 118.822742 24.137456 0.016667 0.000000 1.000000
v -76.185992 41.075862 24.174623 0.016667 0.000000 1.000000
v -76.029417 41.075862 27.139489 0.016667 0.000000 1.000000
v -84.121724 67.992125 27.143170 0.016667 0.000000 1.000000
v -144.860005 40.245550 24.137456 0.016667 0.000000 1.000000
v -83.673646 68.019551 27.579426 0.016667 0.000000 1.000000
v -72.041025 41.075862 27.134437 0.016667 0.000000 1.000000
v -71.894355 41.075862 24.121133 0.016667 0.000000 1.000000
v -72.495100 41.075862 27.571936 0.016667 0.000000 1.000000
v -80.146512 68.218384 27.138217 0.016667 0.000000 1.000000
v -80.592675 68.190992 27.575697 0.016667 0.000000 1.000000
v -95.309951 119.571433 27.606955 0.016667 0.000000 1.000000
v -97.428330 123.630374 24.457543 0.016667 0.000000 1.000000
v -97.613042 123.492257 24.236169 0.016667 0.000000 1.000000
v -94.870004 119.835394 24.453383 0.016667 0.000000 1.000000
v -94.928350 119.798276 27.169626 0.016667 0.000000 1.000000
v -148.865775 119.742338 -27.688221 0.016667 0.000000 1.000000
v -95.064969 119.719907 24.232176 0.016667 0.000000 1.000000
v -80.268656 68.117703 24.156458 0.016667 0.000000 1.000000
v -79.993976 67.941909 24.401480 0.016667 0.000000 1.000000
v -142.881262 121.960327 27.244166 0.016667 0.000000 1.000000
v -143.187541 122.325337 27.681370 0.016667 0.000000 1.000000
v -84.391975 68.227515 0.000000 0.016667 0.000000 1.000000
v -145.608034 125.209968 24.528479 0.016667 0.000000 1.000000
v -84.391976 68.227515 24.137456 0.016667 0.000000 1.000000
v -145.254995 124.789232 27.683317 0.016667 0.000000 1.000000
v -145.556664 125.148747 27.246779 0.016667 0.000000 1.000000
v -79.994430 67.955604 0.000000 0.016667 0.000000 1.000000
v -145.562278 118.962538 27.685041 0.016667 0.000000 1.000000
v -102.052930 126.636547 26.622859 0.016667 0.000000 1.000000
v -102.750233 125.592782 27.763582 0.016667 0.000000 1.000000
v -132.203636 59.086093 -15.244163 0.016667 0.000000 1.000000
v -103.744696 124.107966 27.764614 0.016667 0.000000 1.000000
v -104.446665 123.062514 26.625341 0.016667 0.000000 1.000000
v -140.278012 126.669073 26.680444 0.016667 0.000000 1.000000
v -116.662544 50.055740 -10.572594 0.016667 0.000000 1.000000
v -139.760551 125.559375 27.819951 1.000000 0.003922 0.003922
v -116.662544 50.055740 -11.733413 1.000000 0.003922 0.003922
v -139.055017 124.046352 27.819281 1.000000 0.003922 0.003922
v -118.842260 50.560883 -11.517303 1.000000 0.003922 0.003922
v -125.541494 50.872844 -11.527678 1.000000 0.984314 0.000000
v -132.209376 51.669098 -11.538004 1.000000 0.984314 0.000000
v -145.116085 54.025910 -27.247730 1.000000 0.984314 0.000000
v -138.535780 122.932844 26.678789 1.000000 0.984314 0.000000
v -80.265623 68.159538 0.000000 1.000000 0.984314 0.000000
v -145.554180 55.382575 -27.684951 1.000000 0.984314 0.000000
v -146.113323 57.114019 -27.831048 1.000000 0.984314 0.000000
v -148.317485 64.859540 -27.832952 1.000000 0.984314 0.000000
v -144.970053 118.822742 -26.690060 0.016667 0.000000 1.000000
v -134.371442 52.319760 -11.672387 0.016667 0.000000 1.000000
v -146.129299 119.096385 -27.831194 0.016667 0.000000 1.000000
v -134.371442 52.319760 -10.602973 0.016667 0.000000 1.000000
v -179.476727 13.706084 -26.013697 0.016667 0.000000 1.000000
v -145.657512 125.268933 26.689331 0.016667 0.000000 1.000000
v -144.870258 124.330721 27.828547 0.016667 0.000000 1.000000
v -99.989921 121.707557 27.758950 0.016667 0.000000 1.000000
v -148.295299 119.607675 -27.833311 1.000000 0.480000 0.480000
v -100.942591 120.995202 26.619914 1.000000 0.480000 0.480000
v -143.578630 122.791418 27.827393 1.000000 0.480000 0.480000
v -142.779456 121.839000 26.686598 1.000000 0.480000 0.480000
v -148.443438 53.619104 27.832878 1.000000 0.003922 0.003922
v -149.572074 57.831229 26.693837 1.000000 0.003922 0.003922
v -66.285157 41.091616 -30.335813 1.000000 0.003922 0.003922
v -149.462027 119.883085 26.694452 1.000000 0.003922 0.003922
v -149.462027 68.400175 -24.818330 1.000000 0.003922 0.003922
v -75.657803 53.406062 -24.397513 1.000000 0.003922 0.003922
v -75.730508 53.669895 -26.578540 1.000000 0.003922 0.003922
v -75.879980 53.665570 -27.136227 1.000000 0.003922 0.003922
v -93.726012 10.175726 26.016567 1.000000 0.003922 0.003922
v -76.330309 53.652597 -27.573717 1.000000 0.003922 0.003922
v -94.286541 10.775834 26.617041 1.000000 0.003922 0.003922
v -66.981763 40.510945 -31.167550 1.000000 0.003922 0.003922
v -85.295652 37.916111 -30.336114 1.000000 0.480000 0.480000
v -192.527068 34.988691 -26.000421 1.000000 0.480000 0.480000
v -192.527067 47.338149 -26.000421 1.000000 0.480000 0.480000
v -95.891380 15.452401 26.617041 1.000000 0.480000 0.480000
v -191.191247 36.840298 -25.998353 1.000000 0.480000 0.480000
v -83.278567 34.542714 -19.726177 1.000000 0.480000 0.480000
v -75.229732 37.102159 -19.712972 1.000000 0.480000 0.480000
v -66.218109 37.091071 -19.699191 1.000000 0.480000 0.480000
v -93.726012 10.175696 0.000000 1.000000 0.480000 0.480000
v -84.855749 37.466467 -31.144955 1.000000 0.480000 0.480000
v -154.490375 58.105190 -30.335464 1.000000 0.480000 0.480000
v -95.563786 21.730938 31.162980 1.000000 0.480000 0.480000
v -93.371017 28.216052 31.151886 1.000000 0.480000 0.480000
v -161.401909 50.898681 -30.988514 1.000000 0.480000 0.480000
v -168.256710 15.300859 -18.524785 1.000000 0.480000 0.480000
v -161.204291 20.685015 -18.513863 1.000000 0.480000 0.480000
v -148.173120 15.300859 -18.493682 1.000000 0.480000 0.480000
v -187.032216 45.849691 -30.957288 1.000000 0.480000 0.480000
v -154.468903 57.505301 -30.984593 1.000000 0.480000 0.480000
v -80.074581 53.680926 0.000000 1.000000 0.480000 0.480000
v -80.072407 53.670739 24.157020 1.000000 0.480000 0.480000
v -178.975131 9.289227 0.000000 1.000000 0.480000 0.480000
v -80.013557 53.554079 26.583903 1.000000 0.480000 0.480000
v -142.757266 15.314363 -18.465039 1.000000 0.480000 0.480000
v -192.527067 37.063770 -26.000421 1.000000 0.480000 0.480000
v -79.862130 53.558409 27.141232 1.000000 0.480000 0.480000
v -152.151785 30.340644 -30.373430 1.000000 0.480000 0.480000
v -76.905586 53.636042 -27.720117 1.000000 0.480000 0.480000
v -151.410591 31.125869 -31.079740 1.000000 0.480000 0.480000
v -78.833136 53.587977 -27.722321 1.000000 0.480000 0.480000
v -87.857066 23.568637 0.000000 1.000000 0.480000 0.480000
v -79.409789 53.571398 27.577477 1.000000 0.480000 0.480000
v -79.409789 53.571398 -27.577477 1.000000 0.480000 0.480000
v -78.833136 53.587977 27.722321 1.000000 0.480000 0.480000
v -179.580060 14.042074 -18.578293 1.000000 0.480000 0.480000
v -76.905586 53.636042 27.720117 1.000000 0.480000 0.480000
v -174.235462 15.300859 -18.534045 1.000000 0.984314 0.000000
v -83.596469 23.568637 0.000000 1.000000 0.984314 0.000000
v -192.559339 9.289227 0.000000 1.000000 0.984314 0.000000
v -178.276264 21.374522 -18.539368 1.000000 0.984314 0.000000
v -79.862130 53.558409 -27.141232 1.000000 0.984314 0.000000
v -160.954611 38.386852 -31.016899 1.000000 0.984314 0.000000
v -176.303556 23.892060 -18.533231 1.000000 0.984314 0.000000
v -80.013557 53.554079 -26.583903 1.000000 0.984314 0.000000
v -154.132713 50.920941 -31.000086 1.000000 0.984314 0.000000
v -80.072407 53.670739 -24.157020 1.000000 0.984314 0.000000
v -149.462027 68.400172 -26.693941 1.000000 0.984314 0.000000
v -83.262235 34.542714 -30.334985 1.000000 0.984314 0.000000
v -83.700614 34.992937 -31.150083 1.000000 0.984314 0.000000
v -145.785972 25.558264 -31.071247 1.000000 0.984314 0.000000
v -146.474269 24.904640 -30.336481 1.000000 0.984314 0.000000
v -149.154287 34.292676 -31.036718 1.000000 0.984314 0.000000
v -192.520225 34.537339 -30.336412 1.000000 0.984314 0.000000
v -93.371017 28.216052 -31.151886 1.000000 0.984314 0.000000
v -95.563786 21.730938 -31.162980 1.000000 0.984314 0.000000
v -161.401919 48.356760 -30.994281 1.000000 0.984314 0.000000
v -168.277448 15.300859 0.000000 1.000000 0.984314 0.000000
v -76.330309 53.652597 27.573717 1.000000 0.984314 0.000000
v -75.879980 53.665570 27.136227 1.000000 0.984314 0.000000
v -75.730508 53.669895 26.578540 1.000000 0.984314 0.000000
v -75.657803 53.406062 24.397513 1.000000 0.984314 0.000000
v -75.660328 53.415330 0.000000 1.000000 0.984314 0.000000
v -192.527067 40.582749 -26.000421 1.000000 0.984314 0.000000
v -148.295299 119.607675 27.833311 1.000000 0.984314 0.000000
v -166.652359 48.795015 -30.984244 1.000000 0.984314 0.000000
v -187.031995 42.654857 -30.964537 1.000000 0.984314 0.000000
v -146.129299 119.096385 27.831194 1.000000 0.984314 0.000000
v -144.178245 21.730422 -18.487495 1.000000 0.984314 0.000000
v -144.970053 118.822742 26.690060 1.000000 0.984314 0.000000
v -148.317485 64.859540 27.832952 1.000000 0.984314 0.000000
v -146.113323 57.114019 27.831049 1.000000 0.984314 0.000000
v -145.554180 55.382575 27.684951 1.000000 0.984314 0.000000
v -145.116085 54.025910 27.247730 1.000000 0.984314 0.000000
v -187.032198 50.691563 -30.946304 1.000000 0.984314 0.000000
v -95.891380 15.452401 -26.617041 1.000000 0.984314 0.000000
v -146.754538 47.608910 -30.334567 1.000000 0.984314 0.000000
v -166.652351 50.691639 -30.979942 1.000000 0.984314 0.000000
v -191.920293 34.521917 -30.974919 1.000000 0.984314 0.000000
v -66.218109 37.091071 -30.334322 1.000000 0.984314 0.000000
v -94.286541 10.775834 -26.617041 1.000000 0.984314 0.000000
v -66.914721 37.729082 -31.171582 1.000000 0.984314 0.000000
v -144.970053 53.573689 26.690060 1.000000 0.984314 0.000000
v -144.970053 53.573689 24.137456 1.000000 0.984314 0.000000
v -148.879779 65.791564 24.137456 1.000000 0.984314 0.000000
v -93.726012 10.175726 -26.016567 1.000000 0.984314 0.000000
v -149.164780 67.422389 24.308529 1.000000 0.984314 0.000000
v -149.387715 68.155729 24.533475 1.000000 0.984314 0.000000
v -149.462027 68.400175 24.818331 1.000000 0.984314 0.000000
v -149.462027 68.400172 26.693941 1.000000 0.984314 0.000000
v -149.315814 67.947874 27.251286 1.000000 0.984314 0.000000
v -148.877177 66.590982 27.687804 1.000000 0.984314 0.000000
v -149.312964 119.847898 -27.251713 1.000000 0.984314 0.000000
v -154.132722 48.356861 -31.005903 1.000000 0.984314 0.000000
v -145.455172 125.027794 24.303702 1.000000 0.984314 0.000000
v -149.494407 57.541371 24.533461 1.000000 0.984314 0.000000
v -149.261402 56.671785 24.308467 1.000000 0.984314 0.000000
v -149.159481 119.811668 24.308833 1.000000 0.984314 0.000000
v -149.386390 119.865231 24.533542 1.000000 0.984314 0.000000
v -143.235624 33.263221 -30.335135 1.000000 0.984314 0.000000
v -140.245062 126.598412 24.519798 1.000000 0.984314 0.000000
v -140.144482 126.382718 24.295372 1.000000 0.984314 0.000000
v -102.238424 126.365097 24.242372 1.000000 0.984314 0.000000
v -102.101725 126.568685 24.463973 1.000000 0.984314 0.000000
v -187.032003 40.533730 -30.969349 1.000000 0.984314 0.000000
v -143.732185 32.674406 -31.058648 1.000000 0.984314 0.000000
v -149.462027 119.883085 -26.694452 1.000000 0.984314 0.000000
v -80.582230 68.227515 0.000000 1.000000 0.984314 0.000000
v -154.132732 45.792781 -31.011720 1.000000 0.984314 0.000000
v -149.572074 57.831229 -26.693837 1.000000 0.984314 0.000000
v -94.801787 119.873890 26.612014 1.000000 0.984314 0.000000
v -148.443438 53.619104 -27.832878 1.000000 0.984314 0.000000
v -142.779456 121.839000 -26.686597 1.000000 0.984314 0.000000
v -143.578630 122.791418 -27.827393 1.000000 0.984314 0.000000
v -100.942591 120.995202 -26.619914 1.000000 0.984314 0.000000
v -154.132742 43.228701 -31.017537 1.000000 0.984314 0.000000
v -99.989921 121.707557 -27.758949 1.000000 0.984314 0.000000
v -144.870258 124.330721 -27.828547 1.000000 0.984314 0.000000
v -145.657512 125.268933 -26.689331 1.000000 0.984314 0.000000
v -166.652370 45.849653 -30.990926 1.000000 0.984314 0.000000
v -75.317145 40.483010 -31.153855 1.000000 0.984314 0.000000
v -144.891626 40.177052 0.000000 1.000000 0.003922 0.003922
v -169.752708 30.761452 -18.723925 1.000000 0.003922 0.003922
v -161.204290 32.833649 -18.513863 1.000000 0.003922 0.003922
v -75.335067 41.091616 -30.335601 1.000000 0.003922 0.003922
v -191.919277 52.698164 -30.933685 1.000000 0.984314 0.000000
v -166.652378 43.625936 -30.995971 1.000000 0.984314 0.000000
v -149.315814 67.947874 -27.251286 1.000000 0.984314 0.000000
v -138.535780 122.932844 -26.678789 1.000000 0.984314 0.000000
v -192.519980 53.167642 -30.335464 1.000000 0.003922 0.003922
v -144.175079 37.530171 -30.334530 1.000000 0.003922 0.003922
v -191.191246 42.120845 -25.998352 1.000000 0.003922 0.003922
v -58.266844 27.211926 0.000000 1.000000 0.003922 0.003922
v -139.055017 124.046352 -27.819281 1.000000 0.003922 0.003922
v -90.241539 33.263222 0.000000 1.000000 0.003922 0.003922
v -139.760551 125.559375 -27.819951 1.000000 0.003922 0.003922
v -144.788498 37.515385 -31.045922 1.000000 0.003922 0.003922
v -140.278012 126.669073 -26.680444 1.000000 0.003922 0.003922
v -104.446665 123.062514 -26.625341 1.000000 0.003922 0.003922
v -103.744696 124.107966 -27.764613 1.000000 0.003922 0.003922
v -66.285157 23.568637 -19.698805 1.000000 0.003922 0.003922
v -102.750233 125.592782 -27.763582 1.000000 0.984314 0.000000
v -102.052930 126.636547 -26.622859 1.000000 0.984314 0.000000
v -145.562278 118.962538 -27.685041 1.000000 0.984314 0.000000
v -148.877177 66.590982 -27.687804 1.000000 0.984314 0.000000
v -145.556664 125.148747 -27.246779 1.000000 0.003922 0.003922
v -145.254995 124.789232 -27.683317 1.000000 0.003922 0.003922
v -84.391976 68.227515 -24.137456 1.000000 0.003922 0.003922
v -145.608034 125.209968 -24.528479 1.000000 0.003922 0.003922
v -95.072883 64.266025 20.947391 1.000000 0.003922 0.003922
v -76.185992 41.075862 0.000000 1.000000 0.003922 0.003922
v -89.457861 115.923682 26.068277 1.000000 0.003922 0.003922
v -143.187541 122.325337 -27.681370 1.000000 0.003922 0.003922
v -96.921206 60.874428 -22.606522 1.000000 0.003922 0.003922
v -142.881262 121.960327 -27.244166 1.000000 0.003922 0.003922
v -89.467183 116.900472 20.049030 1.000000 0.003922 0.003922
v -79.993976 67.941909 -24.401480 1.000000 0.003922 0.003922
v -89.527153 67.139307 21.987391 1.000000 0.984314 0.000000
v -80.268656 68.117703 -24.156457 1.000000 0.984314 0.000000
v -191.191246 42.321355 -25.998352 1.000000 0.984314 0.000000
v -95.064969 119.719907 -24.232175 1.000000 0.984314 0.000000
v -147.374429 47.608073 -31.018756 1.000000 0.984314 0.000000
v -71.894355 41.075862 0.000000 1.000000 0.984314 0.000000
v -58.266844 29.220365 0.000000 1.000000 0.984314 0.000000
v -94.928350 119.798276 -27.169626 1.000000 0.984314 0.000000
v -144.860005 40.245550 0.000000 1.000000 0.984314 0.000000
v -94.870004 119.835394 -24.453383 1.000000 0.984314 0.000000
v -58.812844 29.766365 0.000000 1.000000 0.984314 0.000000
v -97.613042 123.492257 -24.236169 1.000000 0.984314 0.000000
v -58.812844 85.375921 -22.283921 1.000000 0.003922 0.003922
v -97.428330 123.630374 -24.457543 1.000000 0.003922 0.003922
v -58.266844 85.921921 -20.236667 1.000000 0.003922 0.003922
v -95.309951 119.571433 -27.606955 1.000000 0.003922 0.003922
v -80.592675 68.190992 -27.575697 1.000000 0.984314 0.000000
v -80.146512 68.218384 -27.138217 1.000000 0.984314 0.000000
v -72.495100 41.075862 -27.571936 1.000000 0.984314 0.000000
v -71.894355 41.075862 -24.121133 1.000000 0.984314 0.000000
v -72.041025 41.075862 -27.134436 1.000000 0.984314 0.000000
v -83.673646 68.019551 -27.579426 1.000000 0.984314 0.000000
v -144.860005 40.245550 -24.137456 1.000000 0.984314 0.000000
v -84.121724 67.992125 -27.143170 1.000000 0.984314 0.000000
v -76.029417 41.075862 -27.139488 1.000000 0.984314 0.000000
v -76.185992 41.075862 -24.174623 1.000000 0.984314 0.000000
v -144.970053 118.822742 -24.137456 1.000000 0.984314 0.000000
v -75.573240 41.075862 -27.575724 1.000000 0.984314 0.000000
v -100.455214 121.359157 -27.613809 1.000000 0.984314 0.000000
v -142.781205 121.841085 -24.137456 1.000000 0.984314 0.000000
v -100.820266 121.086191 -27.177344 1.000000 0.984314 0.000000
v -138.536463 122.934308 -24.137456 1.000000 0.984314 0.000000
v -98.640731 117.598130 -24.137456 1.000000 0.984314 0.000000
v -98.508744 117.673685 -27.173745 1.000000 0.984314 0.000000
v -104.450462 123.062514 -24.137456 1.000000 0.984314 0.000000
v -98.126087 117.900349 -27.610154 1.000000 0.984314 0.000000
v -97.483400 123.585967 -27.173872 1.000000 0.984314 0.000000
v -97.844923 123.314629 -27.611141 1.000000 0.984314 0.000000
v -100.946386 120.995202 -24.137456 1.000000 0.984314 0.000000
v -58.812844 85.375363 -20.783225 1.000000 0.984314 0.000000
v -145.455172 125.027794 -24.303702 1.000000 0.984314 0.000000
v -83.382564 73.029474 -21.503955 1.000000 0.984314 0.000000
v -93.725399 109.337920 -21.523125 1.000000 0.984314 0.000000
v -146.928560 102.363122 -18.828728 1.000000 0.984314 0.000000
v -146.928560 83.162881 -18.812101 1.000000 0.984314 0.000000
v -149.494407 57.541371 -24.533461 1.000000 0.984314 0.000000
v -149.261402 56.671785 -24.308467 1.000000 0.984314 0.000000
v -147.230721 102.363122 -18.829167 1.000000 0.984314 0.000000
v -147.230721 83.162881 -18.812540 1.000000 0.984314 0.000000
v -149.159481 119.811668 -24.308832 1.000000 0.984314 0.000000
v -149.386390 119.865231 -24.533542 1.000000 0.984314 0.000000
v -58.266844 88.843872 -22.283921 1.000000 0.984314 0.000000
v -83.660090 72.946221 -21.504388 1.000000 0.984314 0.000000
v -140.245062 126.598412 -24.519798 1.000000 0.984314 0.000000
v -94.004833 109.268083 -21.523558 1.000000 0.984314 0.000000
v -140.144482 126.382718 -24.295372 1.000000 0.984314 0.000000
v -80.581583 68.144633 24.137456 1.000000 0.984314 0.000000
v -79.840694 67.670464 24.704675 1.000000 0.984314 0.000000
v -145.259130 124.794160 24.137456 1.000000 0.984314 0.000000
v -145.658839 125.270515 24.813719 1.000000 0.984314 0.000000
v -140.015595 126.106317 24.137456 1.000000 0.984314 0.000000
v -102.238424 126.365097 -24.242372 1.000000 0.984314 0.000000
v -102.101725 126.568685 -24.463972 1.000000 0.984314 0.000000
v -58.812844 89.389872 -22.283921 1.000000 0.984314 0.000000
v -58.812844 88.843872 -22.829921 1.000000 0.984314 0.000000
v -191.920283 37.300820 -30.968615 1.000000 0.984314 0.000000
v -67.865039 85.375921 -22.301152 1.000000 0.984314 0.000000
v -68.429431 85.921921 -22.829921 1.000000 0.984314 0.000000
v -94.801787 119.873890 -26.612013 1.000000 0.984314 0.000000
v -89.464579 121.942936 21.729849 1.000000 0.984314 0.000000
v -90.983558 67.344451 20.947391 1.000000 0.984314 0.000000
v -58.812844 115.867208 -23.047245 1.000000 0.984314 0.000000
v -89.527153 67.139307 0.000000 1.000000 0.984314 0.000000
v -58.811191 115.321208 -23.593243 1.000000 0.984314 0.000000
v -89.461976 122.339724 23.410669 1.000000 0.984314 0.000000
v -95.399249 63.853943 0.000000 0.000000 0.000000 -0.000000
v -97.115270 60.153027 -22.606526 1.000000 0.984314 0.000000
v -95.477864 63.295821 0.000000 1.000000 0.984314 0.000000
v -95.477864 63.295821 21.854542 1.000000 0.984314 0.000000
v -95.399249 63.853943 21.455994 1.000000 0.984314 0.000000
v -95.055442 62.514048 21.987391 1.000000 0.480000 0.480000
v -89.461977 114.822863 23.410669 1.000000 0.480000 0.480000
v -95.055442 62.514048 0.000000 1.000000 0.480000 0.480000
v -89.304567 66.843734 21.987391 1.000000 0.480000 0.480000
v -104.988910 33.260929 23.287391 1.000000 0.480000 0.480000
v -140.278531 126.670186 24.804831 1.000000 0.480000 0.480000
v -102.412403 126.105504 24.137456 1.000000 0.480000 0.480000
v -102.055835 126.636547 24.747246 1.000000 0.480000 0.480000
v -84.184623 67.481427 22.710008 1.000000 0.480000 0.480000
v -89.457861 121.238905 26.068277 1.000000 0.480000 0.480000
v -80.651577 43.845144 23.287391 1.000000 0.480000 0.480000
v -58.266844 115.321208 -23.047245 1.000000 0.480000 0.480000
v -96.710654 60.430998 -23.093631 1.000000 0.480000 0.480000
v -88.217826 67.481427 22.710008 1.000000 0.480000 0.480000
v -88.073008 67.048389 23.143045 1.000000 0.480000 0.480000
v -90.602577 33.260929 23.287391 1.000000 0.480000 0.480000
v -93.626208 38.403710 -23.143045 1.000000 0.480000 0.480000
v -145.436668 42.397683 -27.684933 1.000000 0.480000 0.480000
v -145.004171 40.783583 -27.247713 1.000000 0.480000 0.480000
v -66.849009 115.867208 -22.981654 1.000000 0.480000 0.480000
v -145.118109 118.857691 -27.247812 1.000000 0.480000 0.480000
v -149.572075 57.831233 -24.818226 1.000000 0.480000 0.480000
v -148.963706 55.560771 -24.137456 1.000000 0.480000 0.480000
v -149.462027 119.883085 -24.818841 1.000000 0.480000 0.480000
v -148.868565 119.742996 -24.137456 1.000000 0.480000 0.480000
v -67.019960 115.321746 -23.610747 1.000000 0.480000 0.480000
v -94.804692 119.873890 -24.736401 1.000000 0.480000 0.480000
v -95.313074 119.572751 -24.137456 1.000000 0.480000 0.480000
v -97.366435 123.676413 -24.740675 1.000000 0.480000 0.480000
v -97.848158 123.316208 24.137456 1.000000 0.480000 0.480000
v -97.366435 123.676413 24.740675 1.000000 0.480000 0.480000
v -95.313074 119.572751 24.137456 1.000000 0.480000 0.480000
v -94.804692 119.873890 24.736401 1.000000 0.480000 0.480000
v -68.429431 88.843872 -22.829921 1.000000 0.480000 0.480000
v -148.868565 119.742996 24.137456 1.000000 0.480000 0.480000
v -149.462027 119.883085 24.818841 1.000000 0.480000 0.480000
v -148.963706 55.560771 24.137456 1.000000 0.480000 0.480000
v -149.572075 57.831233 24.818226 1.000000 0.480000 0.480000
v -145.118109 118.857691 27.247812 1.000000 0.480000 0.480000
v -89.459374 115.219651 25.091488 1.000000 0.480000 0.480000
v -145.004171 40.783583 27.247714 1.000000 0.480000 0.480000
v -145.436668 42.397683 27.684933 1.000000 0.480000 0.480000
v -149.312964 119.847898 27.251714 1.000000 0.480000 0.480000
v -148.865775 119.742338 27.688221 1.000000 0.480000 0.480000
v -148.995365 55.678923 27.687718 1.000000 0.480000 0.480000
v -149.427897 57.293152 27.251199 1.000000 0.480000 0.480000
v -104.087367 123.596669 27.619353 1.000000 0.480000 0.480000
v -104.356360 123.196052 27.182785 1.000000 0.480000 0.480000
v -138.601998 123.074849 27.236328 1.000000 0.480000 0.480000
v -138.800990 123.501589 27.673409 1.000000 0.480000 0.480000
v -93.943829 38.787268 -22.710008 1.000000 0.480000 0.480000
v -102.141370 126.503210 27.180428 1.000000 0.480000 0.480000
v -102.408603 126.103199 27.617597 1.000000 0.480000 0.480000
v -140.013512 126.101851 27.674577 1.000000 0.480000 0.480000
v -140.211802 126.527084 27.237920 1.000000 0.480000 0.480000
v -84.271730 67.982983 26.585836 1.000000 0.480000 0.480000
v -104.988910 38.770775 -22.710008 1.000000 0.480000 0.480000
v -83.102431 68.054554 27.724283 1.000000 0.480000 0.480000
v -81.162636 68.156038 27.722083 1.000000 0.480000 0.480000
v -79.998428 68.227515 26.580535 1.000000 0.480000 0.480000
v -97.363530 123.676413 26.616288 1.000000 0.480000 0.480000
v -98.306843 122.968418 27.757244 1.000000 0.480000 0.480000
v -74.991694 41.075862 27.720555 1.000000 0.480000 0.480000
v -76.185992 41.075862 26.582164 1.000000 0.480000 0.480000
v -71.894355 41.075862 26.576746 1.000000 0.480000 0.480000
v -73.075162 41.075862 27.718349 1.000000 0.480000 0.480000
v -145.988640 44.457672 27.831019 1.000000 0.480000 0.480000
v -144.860005 40.245549 26.690061 1.000000 0.480000 0.480000
v -98.636938 117.598130 26.616344 0.000000 1.000000 0.333333
v -89.518875 42.068116 22.710012 0.000000 1.000000 0.333333
v -88.986918 41.921789 23.143046 0.000000 1.000000 0.333333
v -89.467183 120.262115 20.049030 0.000000 1.000000 0.333333
v -76.112857 40.855453 23.287391 0.000000 1.000000 0.333333
v -85.315105 37.923888 23.287391 0.000000 1.000000 0.333333
v -67.865039 89.389872 -22.301152 0.000000 1.000000 0.333333
v -77.264131 44.566570 23.287391 0.000000 1.000000 0.333333
v -75.297296 38.286108 31.115091 0.000000 1.000000 0.333333
v -92.896859 29.113348 31.115091 0.000000 1.000000 0.333333
v -89.651115 32.428892 31.115091 0.000000 1.000000 0.333333
v -75.317145 40.043447 31.115091 0.000000 1.000000 0.333333
v -66.981769 38.294385 31.115091 0.000000 1.000000 0.333333
v -83.606376 35.622921 31.115091 0.000000 1.000000 0.333333
v -84.694463 37.091585 31.115091 0.000000 1.000000 0.333333
v -66.981763 40.071382 31.115091 0.000000 1.000000 0.333333
v -88.461803 31.417311 31.115091 0.000000 1.000000 0.333333
v -91.809483 28.050890 31.115091 0.000000 1.000000 0.333333
v -75.297296 38.286108 31.707465 0.000000 1.000000 0.333333
v -92.966571 29.075795 31.701476 0.000000 1.000000 0.333333
v -89.651115 32.428892 31.697314 0.000000 1.000000 0.333333
v -75.317145 40.043447 31.703445 0.000000 1.000000 0.333333
v -66.981769 38.294385 31.721171 0.000000 1.000000 0.333333
v -83.606376 35.622921 31.699672 0.000000 1.000000 0.333333
v -84.694463 37.091585 31.694544 0.000000 1.000000 0.333333
v -66.981763 40.071382 31.717140 0.000000 1.000000 0.333333
v -88.461803 31.417311 31.701544 0.000000 1.000000 0.333333
v -91.809483 28.050890 31.704501 0.000000 1.000000 0.333333
v -141.647443 29.525829 31.115091 0.000000 1.000000 0.333333
v -143.886373 25.420291 31.115091 0.000000 1.000000 0.333333
v -173.095848 35.996511 31.115091 0.000000 1.000000 0.333333
v -150.554399 31.984618 31.115091 0.000000 1.000000 0.333333
v -161.060099 35.024845 31.115091 0.000000 1.000000 0.333333
v -171.006781 32.378136 31.115091 0.000000 1.000000 0.333333
v -177.308731 25.175867 31.115091 0.000000 1.000000 0.333333
v -161.060099 39.202866 31.115091 0.000000 1.000000 0.333333
v -180.834275 27.211344 31.115091 0.000000 1.000000 0.333333
v -148.441081 35.644997 31.115091 0.000000 1.000000 0.333333
v -148.441081 35.644997 31.718357 0.000000 1.000000 0.333333
v -94.370665 25.045364 31.711056 0.000000 1.000000 0.333333
v -94.370665 25.045364 31.115091 0.310000 1.000000 0.517000
v -180.834275 27.211344 31.777527 0.310000 1.000000 0.517000
v -141.647443 29.525829 31.705906 0.310000 1.000000 0.517000
v -143.886373 25.420291 31.711055 0.310000 1.000000 0.517000
v -173.095848 35.996511 31.761443 0.310000 1.000000 0.517000
v -150.554399 31.984618 31.722231 0.310000 1.000000 0.517000
v -161.060099 35.024845 31.740523 0.310000 1.000000 0.517000
v -171.006781 32.378136 31.757614 0.310000 1.000000 0.517000
v -177.308731 25.175867 31.771065 0.310000 1.000000 0.517000
v -161.060099 39.202866 31.740523 0.310000 1.000000 0.517000
v -92.581128 25.045363 31.115091 0.310000 1.000000 0.517000
v -92.581128 25.045363 31.711056 0.310000 1.000000 0.517000
v -79.577587 66.384345 24.704675 0.310000 1.000000 0.517000
v -79.578139 66.384188 0.000000 0.310000 1.000000 0.517000
v -77.743288 60.477928 0.000000 0.310000 1.000000 0.517000
v -75.986749 61.461425 23.300408 0.310000 1.000000 0.517000
v -75.987610 61.464860 0.000000 0.310000 1.000000 0.517000
v -77.545913 66.480742 0.000000 0.310000 1.000000 0.517000
v -77.545372 66.480896 23.561273 0.310000 1.000000 0.517000
v -76.925103 60.707855 24.397504 0.310000 1.000000 0.517000
v -76.926110 60.711724 0.000000 0.310000 1.000000 0.517000
v -78.760961 66.617984 0.000000 0.310000 1.000000 0.517000
v -78.760409 66.618142 24.704667 0.310000 1.000000 0.517000
v -77.742281 60.474059 24.397513 0.310000 1.000000 0.517000
v -62.637265 51.844098 -25.616621 0.310000 1.000000 0.517000
v -61.447873 50.654706 -21.342822 0.310000 1.000000 0.517000
v -60.955210 51.844098 -25.036035 0.310000 1.000000 0.517000
v -60.955210 51.844098 -21.342822 0.310000 1.000000 0.517000
v -61.447873 53.033490 -25.036035 0.310000 1.000000 0.517000
v -61.447873 53.033490 -21.342822 0.310000 1.000000 0.517000
v -62.637265 53.526153 -25.036035 0.310000 1.000000 0.517000
v -62.637265 53.526153 -21.342822 0.310000 1.000000 0.517000
v -63.826657 53.033490 -25.036035 0.310000 1.000000 0.517000
v -63.826657 53.033490 -21.342822 0.310000 1.000000 0.517000
v -64.319319 51.844098 -25.036035 0.310000 1.000000 0.517000
v -64.319319 51.844098 -21.342822 0.310000 1.000000 0.517000
v -63.826657 50.654706 -25.036035 0.310000 1.000000 0.517000
v -63.826657 50.654706 -21.342822 0.310000 1.000000 0.517000
v -62.637265 50.162044 -25.036035 0.310000 1.000000 0.517000
v -62.637265 50.162044 -21.342822 0.310000 1.000000 0.517000
v -61.447873 50.654706 -25.036035 0.310000 1.000000 0.517000
v -185.310073 9.289227 0.000000 0.310000 1.000000 0.517000
v -185.310073 9.289081 -26.016068 0.310000 1.000000 0.517000
v -185.310073 13.688837 -26.617041 0.310000 1.000000 0.517000
v -184.849731 21.241630 -31.016718 0.310000 1.000000 0.517000
v -185.310073 9.894087 -26.610928 0.310000 1.000000 0.517000
v -179.800329 27.384601 -31.002205 0.310000 1.000000 0.517000
v -172.832882 34.322760 -31.006482 0.310000 1.000000 0.517000
v -185.310073 9.289137 -19.693840 0.310000 1.000000 0.517000
v -58.266844 66.506123 -18.028362 0.310000 1.000000 0.517000
v -58.812844 66.506123 -17.482362 0.310000 1.000000 0.517000
v -192.520225 37.301651 -30.336413 0.310000 1.000000 0.517000
v -58.266844 60.276153 -18.028362 0.310000 1.000000 0.517000
v -58.812844 60.276153 -17.482362 0.310000 1.000000 0.517000
v -92.709274 10.775552 -26.617041 0.310000 1.000000 0.517000
v -80.581583 68.144633 -24.137456 0.310000 1.000000 0.517000
v -58.266844 29.236897 -18.045960 0.310000 1.000000 0.517000
v -58.812844 29.766364 -17.482361 0.310000 1.000000 0.517000
v -193.498494 27.328225 -32.109886 0.310000 1.000000 0.517000
v -194.642088 24.340283 -33.165477 0.310000 1.000000 0.517000
v -187.605153 27.494886 -32.109886 0.310000 1.000000 0.517000
v -194.642088 24.340283 -21.145079 0.310000 1.000000 0.517000
v -193.498494 24.340283 -20.911999 0.310000 1.000000 0.517000
v -193.902539 21.352341 -32.484282 0.310000 1.000000 0.517000
v -187.605153 24.340283 -30.981532 0.310000 1.000000 0.517000
v -187.605153 21.185679 -32.109886 0.310000 1.000000 0.517000
v -193.902539 27.328225 -32.484282 0.310000 1.000000 0.517000
v -193.902539 21.352341 -21.145079 0.310000 1.000000 0.517000
v -193.498494 21.352341 -21.145079 0.310000 1.000000 0.517000
v -193.902539 27.328225 -21.145079 0.310000 1.000000 0.517000
v -193.498494 21.352341 -32.109886 0.310000 1.000000 0.517000
v -187.605153 24.340283 -32.109886 0.310000 1.000000 0.517000
v -193.498494 27.328225 -21.145079 0.310000 1.000000 0.517000
v -192.549683 24.340283 -20.911999 0.310000 1.000000 0.517000
v -187.756947 21.351973 -32.484282 0.310000 1.000000 0.517000
v -187.756947 27.328592 -32.484282 0.310000 1.000000 0.517000
v -187.756947 21.352341 -32.109886 0.310000 1.000000 0.517000
v -192.534036 21.185679 -30.986457 0.310000 1.000000 0.517000
v -193.498494 24.340283 -21.145079 0.310000 1.000000 0.517000
v -187.756947 27.328225 -32.109886 0.310000 1.000000 0.517000
v -187.756947 24.340283 -32.109886 0.310000 1.000000 0.517000
v -187.756947 24.340283 -33.162153 0.310000 1.000000 0.517000
v -193.498494 27.494886 -32.109886 0.310000 1.000000 0.517000
v -192.534036 27.494886 -30.986457 0.310000 1.000000 0.517000
v -192.549683 21.185680 -20.911999 0.310000 1.000000 0.517000
v -193.498494 21.185680 -20.911999 0.310000 1.000000 0.517000
v -192.549683 27.494886 -20.911999 0.310000 1.000000 0.517000
v -187.605153 21.185679 -30.981516 0.310000 1.000000 0.517000
v -193.498494 21.185679 -32.109886 0.310000 1.000000 0.517000
v -187.605153 27.494886 -30.981516 0.310000 1.000000 0.517000
v -193.498494 27.494886 -20.911999 0.310000 1.000000 0.517000
v -58.266844 110.929017 -23.047246 0.310000 1.000000 0.517000
v -58.811191 110.929017 -23.593243 0.310000 1.000000 0.517000
v -58.812844 110.383017 -23.047246 0.310000 1.000000 0.517000
v -68.429431 60.822153 -17.482362 0.310000 1.000000 0.517000
v -67.883431 60.276153 -17.482362 0.310000 1.000000 0.517000
v -79.840694 67.670464 -24.704675 0.310000 1.000000 0.517000
v -91.947832 10.175436 -26.016591 0.310000 1.000000 0.517000
v -69.185278 110.383017 -19.253629 0.310000 1.000000 0.517000
v -69.753893 110.929250 -19.338075 0.310000 1.000000 0.517000
v -142.487289 10.783088 -26.617041 0.310000 1.000000 0.517000
v -145.259130 124.794160 -24.137456 0.310000 1.000000 0.517000
v -69.186370 115.867208 -19.228472 0.310000 1.000000 0.517000
v -69.753893 115.321439 -19.317823 0.310000 1.000000 0.517000
v -58.266844 115.321208 -20.782667 0.310000 1.000000 0.517000
v -58.812844 115.867208 -20.784451 0.310000 1.000000 0.517000
v -66.849348 110.383017 -22.981381 0.310000 1.000000 0.517000
v -67.019960 110.929558 -23.610748 0.310000 1.000000 0.517000
v -66.256391 110.383017 -17.482362 0.310000 1.000000 0.517000
v -58.812844 85.921921 -22.829921 0.310000 1.000000 0.517000
v -66.256391 110.383017 -20.794034 0.310000 1.000000 0.517000
v -67.788484 115.867208 -19.014588 0.310000 1.000000 0.517000
v -58.266844 85.921921 -22.283921 0.310000 1.000000 0.517000
v -66.256391 60.276153 -20.794035 0.310000 1.000000 0.517000
v -58.812844 89.390431 -20.783225 0.310000 1.000000 0.517000
v -58.266844 88.843872 -20.236667 0.310000 1.000000 0.517000
v -66.256391 26.665926 0.000000 0.310000 1.000000 0.517000
v -58.812844 60.822153 -22.829921 0.310000 1.000000 0.517000
v -67.787650 110.383017 -19.039875 0.310000 1.000000 0.517000
v -58.266844 60.822153 -22.283921 0.310000 1.000000 0.517000
v -58.812844 60.276153 -22.283921 0.310000 1.000000 0.517000
v -66.256391 115.867208 -20.800838 0.310000 1.000000 0.517000
v -68.429431 85.921921 -17.482362 0.310000 1.000000 0.517000
v -145.658839 125.270515 -24.813718 0.310000 1.000000 0.517000
v -60.640949 48.774362 -21.745053 0.310000 1.000000 0.517000
v -60.273274 55.185420 -21.320709 0.310000 1.000000 0.517000
v -60.273274 48.621795 -21.320709 0.310000 1.000000 0.517000
v -60.274598 48.621795 -20.465655 0.310000 1.000000 0.517000
v -64.899705 48.621795 -21.327874 0.310000 1.000000 0.517000
v -61.677979 47.737331 -21.746659 0.310000 1.000000 0.517000
v -64.899704 55.185420 -21.327874 0.310000 1.000000 0.517000
v -62.587813 47.368999 -20.469238 0.310000 1.000000 0.517000
v -60.274598 55.185420 -20.465655 0.310000 1.000000 0.517000
v -61.527392 56.438215 -20.467595 0.310000 1.000000 0.517000
v -62.587813 56.438215 -20.469238 0.310000 1.000000 0.517000
v -62.585833 56.069884 -21.748065 0.310000 1.000000 0.517000
v -63.648235 56.438215 -20.470880 0.310000 1.000000 0.517000
v -62.585833 47.737331 -21.748065 0.310000 1.000000 0.517000
v -64.530717 55.032852 -21.751077 0.310000 1.000000 0.517000
v -63.493686 56.069884 -21.749471 0.310000 1.000000 0.517000
v -61.526067 56.438215 -21.322649 0.310000 1.000000 0.517000
v -61.526068 47.368999 -21.322649 0.310000 1.000000 0.517000
v -62.586489 47.368999 -21.324291 0.310000 1.000000 0.517000
v -63.646910 56.438215 -21.325933 0.310000 1.000000 0.517000
v -62.586489 56.438215 -21.324291 0.310000 1.000000 0.517000
v -61.527392 47.368999 -20.467596 0.310000 1.000000 0.517000
v -60.640948 55.032852 -21.745053 0.310000 1.000000 0.517000
v -61.677979 56.069884 -21.746659 0.310000 1.000000 0.517000
v -64.530717 48.774362 -21.751077 0.310000 1.000000 0.517000
v -63.648235 47.368999 -20.470880 0.310000 1.000000 0.517000
v -63.646911 47.368999 -21.325934 0.310000 1.000000 0.517000
v -63.493687 47.737331 -21.749471 0.310000 1.000000 0.517000
v -64.901028 55.185420 -20.472820 0.310000 1.000000 0.517000
v -64.901029 48.621795 -20.472820 0.310000 1.000000 0.517000
v -66.256391 29.766364 -17.482361 0.310000 1.000000 0.517000
v -140.015595 126.106317 -24.137456 0.310000 1.000000 0.517000
v -67.883431 85.375921 -17.482362 0.310000 1.000000 0.517000
v -66.256391 66.506123 -20.794035 0.310000 1.000000 0.517000
v -66.256391 66.506123 -17.482362 0.310000 1.000000 0.517000
v -58.812844 65.960123 -22.829921 0.310000 1.000000 0.517000
v -58.812844 66.506123 -22.283921 0.310000 1.000000 0.517000
v -66.256391 60.276153 -17.482362 0.310000 1.000000 0.517000
v -58.266844 65.960123 -22.283921 0.310000 1.000000 0.517000
v -66.256391 29.766365 0.000000 0.310000 1.000000 0.517000
v -67.865039 66.506123 -22.301152 0.310000 1.000000 0.517000
v -68.429431 65.960123 -22.829921 0.310000 1.000000 0.517000
v -58.812844 85.375921 -17.482362 0.310000 1.000000 0.517000
v -58.266844 85.375921 -18.028362 0.310000 1.000000 0.517000
v -67.865039 60.276153 -22.301152 0.310000 1.000000 0.517000
v -68.429431 60.822153 -22.829921 0.310000 1.000000 0.517000
v -66.256391 89.389872 -20.794034 0.310000 1.000000 0.517000
v -58.812844 60.275595 -20.783226 0.310000 1.000000 0.517000
v -58.266844 60.822153 -20.236667 0.310000 1.000000 0.517000
v -66.256391 85.375921 -20.794034 0.310000 1.000000 0.517000
v -67.883431 66.506123 -17.482362 0.310000 1.000000 0.517000
v -66.256391 85.375921 -17.482362 0.310000 1.000000 0.517000
v -68.429431 65.960123 -17.482362 0.310000 1.000000 0.517000
v -58.812844 89.389873 -17.482362 0.310000 1.000000 0.517000
v -58.266844 89.389873 -18.028362 0.310000 1.000000 0.517000
v -66.256391 26.665926 -20.794035 0.310000 1.000000 0.517000
v -58.812844 66.506681 -20.783225 1.000000 0.984314 0.000000
v -58.266844 65.960123 -20.236667 1.000000 0.984314 0.000000
v -68.429431 88.843873 -17.482362 1.000000 0.984314 0.000000
v -67.883431 89.389873 -17.482362 1.000000 0.984314 0.000000
v -65.957079 52.294585 -13.766230 0.310000 1.000000 0.517000
v -55.512639 52.294585 -13.753215 0.310000 1.000000 0.517000
v -55.505623 36.114136 -17.494479 0.310000 1.000000 0.517000
v -55.505622 52.294585 -17.494478 0.310000 1.000000 0.517000
v -65.950063 36.114136 -17.507494 1.000000 0.480000 0.480000
v -65.950062 52.294585 -17.507494 1.000000 0.480000 0.480000
v -55.512640 36.114136 -13.753215 1.000000 0.480000 0.480000
v -65.281100 52.964585 -17.065654 0.000000 0.000000 0.000000
v -65.957079 36.114136 -13.766231 1.000000 0.480000 0.480000
v -54.836539 35.444259 -17.052477 1.000000 0.480000 0.480000
v -54.841725 52.964708 -14.193849 1.000000 0.480000 0.480000
v -54.841726 35.444013 -14.193849 1.000000 0.480000 0.480000
v -65.286042 52.964585 -14.207027 1.000000 0.480000 0.480000
v -65.281101 35.444136 -17.065655 1.000000 0.480000 0.480000
v -54.836538 52.964462 -17.052477 1.000000 0.480000 0.480000
v -65.286042 35.444136 -14.207027 1.000000 0.480000 0.480000
v -58.812844 115.867208 -17.600312 1.000000 0.480000 0.480000
v -58.266844 115.321208 -17.482362 1.000000 0.480000 0.480000
v -58.266844 110.929017 -20.236667 1.000000 0.480000 0.480000
v -58.812844 110.382459 -20.783225 1.000000 0.480000 0.480000
v -58.266844 27.194869 -20.219626 1.000000 0.480000 0.480000
v -58.812286 26.665926 -20.783783 1.000000 0.480000 0.480000
v -66.256391 89.389873 -17.482362 1.000000 0.480000 0.480000
v -58.812844 26.665926 0.000000 1.000000 0.480000 0.480000
v -143.435803 10.183192 -26.015943 1.000000 0.480000 0.480000
v -58.812844 110.383017 -17.482362 1.000000 0.480000 0.480000
v -58.266844 110.929017 -18.028362 1.000000 0.480000 0.480000
v -160.950860 33.915028 -31.028091 1.000000 0.480000 0.480000
v -161.184970 32.833649 -30.335464 1.000000 0.480000 0.480000
v -93.832237 15.452401 -26.617041 1.000000 0.480000 0.480000
v -93.223578 15.452401 -26.016118 1.000000 0.480000 0.480000
v -149.996508 57.505318 -30.991975 1.000000 0.480000 0.480000
v -92.169530 117.222579 -20.711489 0.019608 0.003922 1.000000
v -92.337700 118.581293 -20.543838 0.019608 0.003922 1.000000
v -89.520033 122.209212 -25.207646 0.019608 0.003922 1.000000
v -89.527449 122.631043 -23.410770 0.019608 0.003922 1.000000
v -92.169530 119.940008 -20.711489 0.019608 0.003922 1.000000
v -89.525598 122.209212 -21.613880 0.019608 0.003922 1.000000
v -89.520033 114.953375 -25.207646 0.019608 0.003922 1.000000
v -89.527449 114.531543 -23.410770 0.019608 0.003922 1.000000
v -89.525598 114.953375 -21.613880 1.000000 0.480000 0.480000
v -160.958143 21.339060 29.431729 1.000000 0.480000 0.480000
v -158.220684 20.605559 29.427489 1.000000 0.480000 0.480000
v -156.216724 18.601597 29.424386 1.000000 0.480000 0.480000
v -155.483224 15.864133 29.423250 0.019608 0.003922 1.000000
v -156.216724 13.126670 29.424386 0.019608 0.003922 1.000000
v -155.128893 6.306025 31.056539 0.019608 0.003922 1.000000
v -160.679759 4.818673 31.066713 0.019608 0.003922 1.000000
v -89.528434 116.784408 -19.782848 1.000000 0.480000 0.480000
v -91.806378 120.922073 -21.073517 1.000000 0.480000 0.480000
v -166.230625 6.306025 31.076886 1.000000 0.480000 0.480000
v -170.294140 10.369546 31.084333 1.000000 0.480000 0.480000
v -171.781490 15.920418 31.087059 0.019608 0.003922 1.000000
v -170.294140 21.471291 31.084333 0.019608 0.003922 1.000000
v -89.523325 115.717883 -20.547349 0.019608 0.003922 1.000000
v -166.230624 25.534812 31.076886 0.019608 0.003922 1.000000
v -92.167447 115.877924 -22.056142 0.882353 0.490196 1.000000
v -160.679758 27.022163 31.066712 0.882353 0.490196 1.000000
v -155.128892 25.534812 31.056539 0.882353 0.490196 1.000000
v -151.065377 21.471291 31.049091 0.000000 0.000000 0.000000
v -149.578027 15.920418 31.046366 0.019608 0.003922 1.000000
v -92.786599 116.934395 -21.768917 0.019608 0.003922 1.000000
v -151.065377 10.369546 31.049092 0.019608 0.003922 1.000000
v -93.103594 118.581293 -21.614664 0.019608 0.003922 1.000000
v -165.726577 7.596344 33.776127 0.019608 0.003922 1.000000
v -92.786599 120.228191 -21.768917 0.019608 0.003922 1.000000
v -92.167447 121.284663 -22.056142 0.019608 0.003922 1.000000
v -160.953173 6.317312 33.767379 0.019608 0.003922 1.000000
v -156.179768 7.596344 33.758630 0.019608 0.003922 1.000000
v -93.223862 117.907756 -22.742956 0.019608 0.003922 1.000000
v -92.333254 115.710013 -23.415115 0.019608 0.003922 1.000000
v -93.100804 116.779651 -23.416304 0.019608 0.003922 1.000000
v -116.448872 33.181301 -25.460673 0.882353 0.490196 1.000000
v -104.988910 38.337738 -23.143045 0.882353 0.490196 1.000000
v -93.100804 120.382935 -23.416304 0.882353 0.490196 1.000000
v -92.333253 121.452574 -23.415115 0.882353 0.490196 1.000000
v -92.163239 115.877924 -24.773568 0.019608 0.003922 1.000000
v -91.111423 115.259217 -21.766323 0.019608 0.003922 1.000000
v -93.342537 118.581293 -22.449751 0.019608 0.003922 1.000000
v -93.223862 119.254831 -22.742956 0.019608 0.003922 1.000000
v -92.781498 116.934395 -25.062709 0.882353 0.490196 1.000000
v -93.098014 118.581293 -25.217944 0.882353 0.490196 1.000000
v -152.685392 11.090723 33.752226 0.882353 0.490196 1.000000
v -92.781498 120.228191 -25.062709 0.882353 0.490196 1.000000
v -92.163239 121.284663 -24.773568 0.882353 0.490196 1.000000
v -91.799128 116.240514 -25.755070 0.882353 0.490196 1.000000
v -92.161156 117.222579 -26.118222 0.882353 0.490196 1.000000
v -151.406362 15.864133 33.749881 0.882353 0.490196 1.000000
v -93.341400 117.580627 -23.416676 0.882353 0.490196 1.000000
v -92.328807 118.581293 -26.286392 0.882353 0.490196 1.000000
v -93.341400 119.581960 -23.416676 0.882353 0.490196 1.000000
v -89.533721 118.581293 -19.361025 0.882353 0.490196 1.000000
v -93.221776 117.907756 -24.090030 0.882353 0.490196 1.000000
v -93.340263 118.581293 -24.382952 0.882353 0.490196 1.000000
v -93.221776 119.254831 -24.090030 0.882353 0.490196 1.000000
v -95.265074 117.907756 -22.745217 0.882353 0.490196 1.000000
v -95.247380 118.581293 -22.452451 0.019608 0.003922 1.000000
v -95.265073 119.254831 -22.745217 0.019608 0.003922 1.000000
v -92.161156 119.940008 -26.118221 0.019608 0.003922 1.000000
v -152.685392 20.637544 33.752225 0.019608 0.003922 1.000000
v -91.799128 120.922073 -25.755070 0.019608 0.003922 1.000000
v -95.246243 117.580627 -23.418727 0.019608 0.003922 1.000000
v -95.246243 119.581960 -23.418727 0.019608 0.003922 1.000000
v -90.816503 115.877924 -26.116139 0.019608 0.003922 1.000000
v -91.103728 116.934395 -26.735291 0.882353 0.490196 1.000000
v -95.262987 117.907756 -24.092291 0.882353 0.490196 1.000000
v -95.245106 118.581293 -24.385652 0.882353 0.490196 1.000000
v -95.262987 119.254831 -24.092291 0.882353 0.490196 1.000000
v -156.179767 24.131923 33.758630 0.882353 0.490196 1.000000
v -91.257981 118.581293 -27.052286 0.882353 0.490196 1.000000
v -93.500919 117.907756 -24.090462 0.882353 0.490196 1.000000
v -93.619405 118.581293 -24.383522 0.882353 0.490196 1.000000
v -93.500919 119.254831 -24.090462 0.882353 0.490196 1.000000
v -91.103728 120.228191 -26.735291 0.882353 0.490196 1.000000
v -93.620542 119.581960 -23.417109 0.882353 0.490196 1.000000
v -160.953172 25.410955 33.767378 0.882353 0.490196 1.000000
v -89.528434 120.378179 -19.782848 0.882353 0.490196 1.000000
v -165.726577 24.131923 33.776127 0.882353 0.490196 1.000000
v -169.220952 20.637544 33.782531 0.882353 0.490196 1.000000
v -170.499982 15.864133 33.784875 0.882353 0.490196 1.000000
v -90.816503 121.284663 -26.116139 0.882353 0.490196 1.000000
v -169.220952 11.090723 33.782531 0.882353 0.490196 1.000000
v -160.952790 26.326682 34.058743 0.882353 0.490196 1.000000
v -160.953508 26.806079 33.510741 0.882353 0.490196 1.000000
v -155.721523 24.924966 34.049155 0.019608 0.003922 1.000000
v -155.482541 25.340136 33.500714 0.019608 0.003922 1.000000
v -151.891969 21.095408 34.042137 0.019608 0.003922 1.000000
v -151.477516 21.335106 33.493374 0.019608 0.003922 1.000000
v -150.490255 15.864133 34.039568 0.019608 0.003922 1.000000
v -150.011575 15.864133 33.490687 0.019608 0.003922 1.000000
v -151.891969 10.632859 34.042137 0.019608 0.003922 1.000000
v -89.464580 115.219651 -21.729849 0.019608 0.003922 1.000000
v -166.424474 25.340136 33.520768 0.019608 0.003922 1.000000
v -166.184058 24.924966 34.068331 0.019608 0.003922 1.000000
v -89.464579 121.942936 -21.729849 0.019608 0.003922 1.000000
v -89.466092 121.238905 -20.753060 0.019608 0.003922 1.000000
v -89.456770 120.262114 26.772307 0.882353 0.490196 1.000000
v -84.057303 67.048389 -23.143045 0.882353 0.490196 1.000000
v -170.013613 21.095408 34.075349 0.882353 0.490196 1.000000
v -93.503005 119.254831 -22.743388 0.882353 0.490196 1.000000
v -170.429500 21.335106 33.528108 0.019608 0.003922 1.000000
v -151.340042 10.313261 32.793791 0.019608 0.003922 1.000000
v -89.521177 118.581293 -27.460515 0.019608 0.003922 1.000000
v -93.621679 118.581293 -22.450321 0.019608 0.003922 1.000000
v -94.049702 38.915121 0.000000 0.019608 0.003922 1.000000
v -152.421546 10.938749 34.225775 0.019608 0.003922 1.000000
v -93.503005 117.907756 -22.743388 0.019608 0.003922 1.000000
v -93.620542 117.580627 -23.417109 0.019608 0.003922 1.000000
v -94.467572 117.907756 -24.091959 0.019608 0.003922 1.000000
v -89.457861 121.238905 -26.068277 0.019608 0.003922 1.000000
v -94.475586 117.580627 -23.418433 0.019608 0.003922 1.000000
v -149.852691 15.864133 32.791065 0.019608 0.003922 1.000000
v -151.101795 15.864133 34.223356 0.882353 0.490196 1.000000
v -94.469658 117.907756 -22.744885 0.882353 0.490196 1.000000
v -151.340041 21.415006 32.793791 0.882353 0.490196 1.000000
v -152.421546 20.789518 34.225775 0.882353 0.490196 1.000000
v -94.476723 118.581293 -22.452064 0.882353 0.490196 1.000000
v -89.461977 114.822863 -23.410668 0.882353 0.490196 1.000000
v -94.469658 119.254831 -22.744885 0.882353 0.490196 1.000000
v -91.263617 114.942461 -23.413459 0.882353 0.490196 1.000000
v -155.403557 25.478527 32.801239 0.882353 0.490196 1.000000
v -89.514456 121.444704 -26.274164 0.882353 0.490196 1.000000
v -156.027173 24.395150 34.232383 0.882353 0.490196 1.000000
v -94.475586 119.581960 -23.418433 0.882353 0.490196 1.000000
v -94.467572 119.254831 -24.091959 0.882353 0.490196 1.000000
v -89.517197 120.378178 -27.038677 0.882353 0.490196 1.000000
v -160.954423 26.965878 32.811412 0.882353 0.490196 1.000000
v -89.517197 116.784408 -27.038677 0.882353 0.490196 1.000000
v -160.952551 25.714902 34.241410 0.019608 0.003922 1.000000
v -94.474449 118.581293 -24.385265 0.019608 0.003922 1.000000
v -89.459373 121.942936 -25.091487 0.019608 0.003922 1.000000
v -91.106322 121.903369 -25.060115 0.019608 0.003922 1.000000
v -165.877930 24.395150 34.250437 0.019608 0.003922 1.000000
v -91.806378 116.240514 -21.073517 0.019608 0.003922 1.000000
v -90.824876 121.284663 -20.709406 0.019608 0.003922 1.000000
v -89.461976 122.339724 -23.410668 0.019608 0.003922 1.000000
v -91.114017 120.228192 -20.091147 0.019608 0.003922 1.000000
v -91.269252 118.581293 -19.774631 0.019608 0.003922 1.000000
v -91.263616 122.220125 -23.413459 0.019608 0.003922 1.000000
v -166.505289 25.478527 32.821585 0.019608 0.003922 1.000000
v -169.483558 20.789518 34.257046 0.019608 0.003922 1.000000
v -76.112857 40.855453 0.000000 0.019608 0.003922 1.000000
v -91.114018 116.934395 -20.091147 0.019608 0.003922 1.000000
v -91.111423 121.903369 -21.766323 0.019608 0.003922 1.000000
v -170.568805 21.415006 32.829033 0.019608 0.003922 1.000000
v -89.514456 115.717883 -26.274164 0.019608 0.003922 1.000000
v -89.459374 115.219651 -25.091488 0.019608 0.003922 1.000000
v -90.824876 115.877924 -20.709406 0.019608 0.003922 1.000000
v -89.697630 42.116885 0.000000 0.019608 0.003922 1.000000
v -90.983558 67.344451 -20.947391 0.019608 0.003922 1.000000
v -151.477516 10.393160 33.493374 0.019608 0.003922 1.000000
v -91.106322 115.259217 -25.060115 0.019608 0.003922 1.000000
v -89.527153 67.139307 -21.987391 0.019608 0.003922 1.000000
v -89.523325 121.444704 -20.547349 0.019608 0.003922 1.000000
v -149.535615 58.105190 -30.335018 0.019608 0.003922 1.000000
v -161.401829 57.505276 -30.973526 0.019608 0.003922 1.000000
v -161.174921 58.105190 -30.335464 0.019608 0.003922 1.000000
v -169.902078 30.648531 -30.532835 0.019608 0.003922 1.000000
v -170.590159 31.481083 -31.019510 0.019608 0.003922 1.000000
v -191.920251 45.096315 -30.950929 0.019608 0.003922 1.000000
v -192.520225 45.078275 -30.336411 0.019608 0.003922 1.000000
v -191.919396 21.163069 -31.005228 0.019608 0.003922 1.000000
v -192.520218 21.162911 -30.335465 0.019608 0.003922 1.000000
v -191.920272 39.938551 -30.962631 0.019608 0.003922 1.000000
v -192.520225 39.986513 -30.336412 0.019608 0.003922 1.000000
v -191.901319 9.893904 -26.611629 0.019608 0.003922 1.000000
v -192.519592 9.288916 -26.017040 0.019608 0.003922 1.000000
v -191.920213 13.688837 -26.617041 0.019608 0.003922 1.000000
v -192.520212 13.688838 -26.017973 0.882353 0.490196 1.000000
v -191.920261 42.513613 -30.956789 0.882353 0.490196 1.000000
v -192.520225 42.509646 -30.336411 0.882353 0.490196 1.000000
v -143.221280 21.730758 -31.083881 0.882353 0.490196 1.000000
v -144.159855 21.730422 -30.336390 0.882353 0.490196 1.000000
v -90.069636 32.756831 -31.147724 0.882353 0.490196 1.000000
v -90.601708 33.263221 -30.336024 0.882353 0.490196 1.000000
v -93.152859 21.730944 -31.165760 0.882353 0.490196 1.000000
v -92.426419 21.655710 -30.335638 0.019608 0.003922 1.000000
v -179.892974 9.894248 -26.610312 0.019608 0.003922 1.000000
v -178.936011 9.289227 -26.015213 0.019608 0.003922 1.000000
v -142.756167 15.445765 -26.017539 0.019608 0.003922 1.000000
v -141.881508 15.452401 -26.617041 0.019608 0.003922 1.000000
v -179.110630 21.307083 -31.026292 0.019608 0.003922 1.000000
v -178.287194 21.321756 -30.333733 0.019608 0.003922 1.000000
v -75.213397 37.102159 -30.335330 0.019608 0.003922 1.000000
v -75.230247 37.720805 -31.157875 0.882353 0.490196 1.000000
v -192.535503 9.289040 -20.220962 0.882353 0.490196 1.000000
v -192.535875 13.688838 -20.221522 0.882353 0.490196 1.000000
v -192.535878 20.821617 -20.220963 0.882353 0.490196 1.000000
v -192.539986 34.988691 -17.621288 0.019608 0.003922 1.000000
v -191.204165 36.549274 -17.619220 0.019608 0.003922 1.000000
v -191.204165 36.840298 -17.619220 0.019608 0.003922 1.000000
v -192.539986 37.063770 -17.621288 0.019608 0.003922 1.000000
v -192.539986 40.582749 -17.621288 0.019608 0.003922 1.000000
v -191.204165 42.120846 -17.619220 0.019608 0.003922 1.000000
v -144.669472 41.614753 -23.931926 0.019608 0.003922 1.000000
v -191.204165 42.321355 -17.619220 0.019608 0.003922 1.000000
v -192.539986 42.418337 -17.621288 0.882353 0.490196 1.000000
v -192.539986 45.206624 -17.621288 0.882353 0.490196 1.000000
v -191.204165 46.871363 -17.619219 0.882353 0.490196 1.000000
v -191.204165 47.091567 -17.619219 0.882353 0.490196 1.000000
v -192.539985 47.338149 -17.621288 0.882353 0.490196 1.000000
v -192.535736 53.167423 -20.220963 0.882353 0.490196 1.000000
v -167.078505 58.105190 -20.173876 0.882353 0.490196 1.000000
v -161.190585 58.105190 -20.173809 0.882353 0.490196 1.000000
v -154.510285 58.105190 -20.173809 0.882353 0.490196 1.000000
v -149.551279 58.105190 -20.173542 0.882353 0.490196 1.000000
v -146.772255 47.616937 -20.173271 0.882353 0.490196 1.000000
v -97.638337 118.189643 -27.755217 0.882353 0.490196 1.000000
v -146.131050 45.111549 -20.173270 1.000000 0.988235 0.003922
v -145.489844 42.606162 -20.173270 1.000000 0.988235 0.003922
v -144.848639 40.100774 -20.173270 1.000000 0.988235 0.003922
v -144.207434 37.595387 -20.173249 1.000000 0.988235 0.003922
v -143.251288 33.263221 -20.173612 0.881000 0.490000 1.000000
v -95.797502 119.281988 -27.753138 0.881000 0.490000 1.000000
v -90.625019 33.263221 -20.174145 0.881000 0.490000 1.000000
v -85.311317 37.916111 -20.174198 0.881000 0.490000 1.000000
v -75.350731 41.091616 -20.173891 0.881000 0.490000 1.000000
v -66.285157 41.091616 -20.174018 0.881000 0.490000 1.000000
v -195.673489 9.288951 -25.848975 0.881000 0.490000 1.000000
v -195.673489 13.688873 -25.849907 0.881000 0.490000 1.000000
v -195.505424 9.289040 -20.220962 1.000000 0.984314 0.000000
v -195.505424 13.688838 -20.221522 1.000000 0.984314 0.000000
v -143.474928 10.183192 0.000000 1.000000 0.984314 0.000000
v -66.285157 41.091616 0.000000 1.000000 0.984314 0.000000
v -143.274753 33.263222 0.000000 1.000000 0.984314 0.000000
v -75.374197 41.091616 0.000000 1.000000 0.984314 0.000000
v -85.334783 37.916111 0.000000 1.000000 0.984314 0.000000
v -51.905028 34.077306 0.000000 1.000000 0.984314 0.000000
v -54.752619 28.617983 -21.576753 1.000000 0.984314 0.000000
v -66.367872 33.459514 -14.538675 1.000000 0.984314 0.000000
v -53.915810 63.969734 -16.429941 1.000000 0.984314 0.000000
v -54.752965 63.969734 -17.261273 1.000000 0.984314 0.000000
v -54.754070 33.464305 0.000000 1.000000 0.984314 0.000000
v -53.907573 28.617983 -22.405447 1.000000 0.984314 0.000000
v -53.915810 64.799734 -17.259941 1.000000 0.984314 0.000000
v -51.060513 63.969734 -17.258608 1.000000 0.984314 0.000000
v -51.060513 51.752747 -17.259939 1.000000 0.984314 0.000000
v -51.060513 47.922055 -21.572069 1.000000 0.984314 0.000000
v -51.882931 63.969734 -16.429941 1.000000 0.984314 0.000000
v -51.882931 64.799734 -17.259941 1.000000 0.984314 0.000000
v -54.154908 34.077306 0.000000 1.000000 0.984314 0.000000
v -51.060513 29.447983 -17.438064 1.000000 0.984314 0.000000
v -51.060513 33.247306 0.000000 1.000000 0.984314 0.000000
v -51.869092 3.005434 -16.429940 1.000000 0.984314 0.000000
v -53.908885 64.799734 -21.575448 1.000000 0.984314 0.000000
v -53.911264 0.844587 -16.429940 1.000000 0.984314 0.000000
v -54.752965 0.008705 -17.265169 1.000000 0.984314 0.000000
v -51.874718 63.969734 -22.403401 1.000000 0.984314 0.000000
v -54.752619 52.582747 -21.576780 1.000000 0.984314 0.000000
v -53.907600 52.582747 -22.405447 1.000000 0.984314 0.000000
v -51.060513 52.582747 -21.572069 1.000000 0.984314 0.000000
v -51.874718 52.582747 -22.403401 1.000000 0.984314 0.000000
v -54.752619 47.922055 -21.576780 1.000000 0.984314 0.000000
v -53.907600 47.922055 -22.405447 1.000000 0.984314 0.000000
v -51.876003 64.799734 -21.573402 1.000000 0.984314 0.000000
v -66.367634 29.447940 -17.439444 1.000000 0.984314 0.000000
v -51.060513 3.820261 -17.254765 1.000000 0.984314 0.000000
v -0.004346 0.008705 -20.593114 1.000000 0.984314 0.000000
v -53.917145 28.618619 -16.429304 1.000000 0.984314 0.000000
v -51.060513 28.617983 -21.572070 1.000000 0.984314 0.000000
v -51.874718 47.922055 -22.403401 1.000000 0.984314 0.000000
v -54.754070 29.447983 0.000000 1.000000 0.984314 0.000000
v -51.874719 28.617983 -22.403402 1.000000 0.984314 0.000000
v -53.937908 28.617983 0.000000 1.000000 0.984314 0.000000
v -54.752966 51.752747 -17.259939 1.000000 0.984314 0.000000
v -53.917144 52.582110 -16.429304 1.000000 0.984314 0.000000
v -54.752613 34.077305 -21.576752 1.000000 0.984314 0.000000
v -53.907573 34.077305 -22.405447 1.000000 0.984314 0.000000
v -51.060513 29.447983 -17.259939 1.000000 0.984314 0.000000
v -1.657626 1.649846 -18.185624 1.000000 0.984314 0.000000
v -51.884264 28.617346 -16.430577 1.000000 0.984314 0.000000
v -51.060513 34.077305 -21.572070 1.000000 0.984314 0.000000
v -1.656892 1.649846 -20.586805 1.000000 0.984314 0.000000
v -1.793814 1.293915 -21.398273 1.000000 0.984314 0.000000
v -54.752964 29.447983 -17.259939 1.000000 0.984314 0.000000
v -54.752979 33.455544 -17.042941 1.000000 0.984314 0.000000
v -54.134140 34.075051 -16.429567 1.000000 0.984314 0.000000
v -51.874719 34.077305 -22.403402 1.000000 0.984314 0.000000
v -0.774029 0.778388 -17.418946 1.000000 0.984314 0.000000
v -51.060513 33.247305 -17.259939 1.000000 0.984314 0.000000
v -51.884264 34.077942 -16.430577 1.000000 0.984314 0.000000
v -51.060513 48.752055 -17.259939 1.000000 0.984314 0.000000
v -51.859971 3.004963 -22.403379 1.000000 0.984314 0.000000
v -51.884263 52.583383 -16.430577 1.000000 0.984314 0.000000
v -51.060513 3.820261 -21.576863 1.000000 0.984314 0.000000
v -53.902071 0.844188 -22.405439 1.000000 0.984314 0.000000
v -54.752983 48.535055 -17.042940 1.000000 0.984314 0.000000
v -51.060513 29.447983 -14.537295 1.000000 0.984314 0.000000
v -54.752619 0.008705 -21.571937 1.000000 0.984314 0.000000
v -66.367645 33.457692 -17.439444 1.000000 0.984314 0.000000
v -51.884263 47.921418 -16.430577 1.000000 0.984314 0.000000
v -51.905029 28.617983 0.000000 1.000000 0.984314 0.000000
v -66.367864 29.447940 -14.538674 1.000000 0.984314 0.000000
v -51.060513 63.969734 -21.572069 1.000000 0.984314 0.000000
v -0.004346 0.008705 -18.254252 1.000000 0.984314 0.000000
v -54.134144 47.922559 -16.429504 1.000000 0.984314 0.000000
v -51.893773 28.617638 -14.537296 1.000000 0.984314 0.000000
v -51.060513 29.447983 0.000000 1.000000 0.984314 0.000000
v -53.907599 63.969734 -22.405447 1.000000 0.984314 0.000000
v -0.012543 0.415393 -20.589573 1.000000 0.984314 0.000000
v -54.752619 63.969734 -21.576780 1.000000 0.984314 0.000000
v -0.006718 0.409201 -18.215997 1.000000 0.984314 0.000000
v -1.278958 0.778966 -21.456430 1.000000 0.984314 0.000000
v -1.273190 1.277549 -17.399085 1.000000 0.984314 0.000000
v -54.753479 33.459557 -14.537295 1.000000 0.984314 0.000000
v -54.753252 33.457735 -17.438064 1.000000 0.984314 0.000000
v -54.143651 34.076084 -14.537296 1.000000 0.984314 0.000000
v -54.139332 34.075615 -17.438064 1.000000 0.984314 0.000000
v -51.889455 34.077783 -17.438064 1.000000 0.984314 0.000000
v -51.893773 34.077651 -14.537296 1.000000 0.984314 0.000000
v -51.060513 33.247306 -17.438064 1.000000 0.984314 0.000000
v -51.060513 33.247306 -14.537295 1.000000 0.984314 0.000000
v -54.753240 29.447983 -17.438064 1.000000 0.984314 0.000000
v -54.753470 29.447983 -14.537295 1.000000 0.984314 0.000000
v -53.922335 28.618460 -17.438064 1.000000 0.984314 0.000000
v -53.926653 28.618328 -14.537296 1.000000 0.984314 0.000000
v -51.889455 28.617505 -17.438064 1.000000 0.984314 0.000000
v -107.896816 72.807353 -5.825649 1.000000 0.984314 0.000000
v -97.848158 123.316208 -24.137456 1.000000 0.984314 0.000000
v -192.559338 40.582750 0.000000 1.000000 0.984314 0.000000
v -192.559338 34.988691 0.000000 1.000000 0.984314 0.000000
v -66.285157 23.568637 0.000000 1.000000 0.984314 0.000000
v -192.559339 13.688838 0.000000 1.000000 0.984314 0.000000
v -191.223517 36.549274 0.000000 1.000000 0.984314 0.000000
v -95.072883 64.266025 -20.947391 1.000000 0.984314 0.000000
v -191.223517 36.840298 0.000000 1.000000 0.984314 0.000000
v -191.223517 42.321356 0.000000 1.000000 0.984314 0.000000
v -102.107553 75.254363 -11.310023 1.000000 0.984314 0.000000
v -98.489088 82.133292 -7.400478 1.000000 0.984314 0.000000
v -179.653888 14.404768 0.000000 1.000000 0.984314 0.000000
v -98.070613 82.547334 -7.987870 1.000000 0.984314 0.000000
v -144.669472 41.614754 0.000000 1.000000 0.984314 0.000000
v -144.669472 38.915121 0.000000 1.000000 0.984314 0.000000
v -79.198907 39.895448 23.287391 1.000000 0.984314 0.000000
v -102.112766 75.254364 -7.944700 1.000000 0.984314 0.000000
v -75.069821 23.568637 0.000000 1.000000 0.984314 0.000000
v -95.278028 62.809620 0.000000 1.000000 0.984314 0.000000
v -142.214816 33.181301 -25.460673 1.000000 0.984314 0.000000
v -192.559339 20.310341 0.000000 1.000000 0.984314 0.000000
v -95.278028 62.809620 -21.987391 1.000000 0.984314 0.000000
v -79.198907 39.895448 -23.287390 1.000000 0.984314 0.000000
v -77.264131 44.566570 -23.287390 1.000000 0.984314 0.000000
v -93.262710 15.452402 0.000000 1.000000 0.984314 0.000000
v -96.428180 80.890927 -7.985327 1.000000 0.984314 0.000000
v -106.724008 71.624565 -5.823832 1.000000 0.984314 0.000000
v -92.426419 21.655710 0.000000 1.000000 0.984314 0.000000
v -107.797198 69.617800 -8.002934 1.000000 0.984314 0.000000
v -85.315105 37.923888 -23.287390 1.000000 0.984314 0.000000
v -66.285157 38.050507 0.000000 1.000000 0.984314 0.000000
v -76.112857 40.855453 -23.287390 1.000000 0.984314 0.000000
v -106.276637 71.988231 -5.248772 1.000000 0.984314 0.000000
v -88.986918 41.921789 -23.143046 1.000000 0.984314 0.000000
v -106.851503 41.345055 -25.460673 1.000000 0.984314 0.000000
v -106.248910 33.181301 -25.460673 1.000000 0.984314 0.000000
v -90.497356 67.544288 -21.455994 1.000000 0.984314 0.000000
v -91.986965 10.175437 0.000000 1.000000 0.984314 0.000000
v -99.620171 81.014189 -5.812831 1.000000 0.984314 0.000000
v -89.518875 42.068116 -22.710012 1.000000 0.984314 0.000000
v -103.754755 76.910771 -8.233210 1.000000 0.984314 0.000000
v -90.602577 33.260929 -23.287390 1.000000 0.984314 0.000000
v -144.255902 37.693083 0.000000 1.000000 0.984314 0.000000
v -103.749986 76.910771 -11.312567 1.000000 0.984314 0.000000
v -143.409472 44.932054 -25.460673 1.000000 0.984314 0.000000
v -106.111110 71.293322 -5.620674 1.000000 0.984314 0.000000
v -192.559338 37.063770 0.000000 1.000000 0.984314 0.000000
v -142.796170 15.300859 0.000000 1.000000 0.984314 0.000000
v -88.073008 67.048389 -23.143045 1.000000 0.984314 0.000000
v -148.193858 15.300859 0.000000 1.000000 0.984314 0.000000
v -88.217826 67.481427 -22.710008 1.000000 0.984314 0.000000
v -109.439630 71.274208 -8.005477 1.000000 0.984314 0.000000
v -154.172610 15.300859 0.000000 1.000000 0.984314 0.000000
v -98.447362 79.831402 -5.811014 1.000000 0.984314 0.000000
v -102.581947 75.727983 -8.231394 1.000000 0.984314 0.000000
v -109.022977 71.688250 -7.416791 1.000000 0.984314 0.000000
v -107.674869 72.583517 -5.825305 1.000000 0.984314 0.000000
v -80.651577 43.845144 -23.287390 1.000000 0.984314 0.000000
v -174.256200 15.300859 0.000000 1.000000 0.984314 0.000000
v -102.554595 75.699128 -7.417915 1.000000 0.984314 0.000000
v -84.184623 67.481427 -22.710008 1.000000 0.984314 0.000000
v -104.988910 33.260929 -23.287390 1.000000 0.984314 0.000000
v -99.398224 80.790354 -5.812487 1.000000 0.984314 0.000000
v -103.751274 76.910771 -10.480954 1.000000 0.984314 0.000000
v -103.532808 76.686935 -8.232866 1.000000 0.984314 0.000000
v -161.225029 20.685015 0.000000 1.000000 0.984314 0.000000
v -89.304567 66.843734 -21.987391 1.000000 0.984314 0.000000
v -98.815702 79.386238 -5.237217 1.000000 0.984314 0.000000
v -95.055442 62.514048 -21.987391 1.000000 0.984314 0.000000
v -140.278531 126.670186 -24.804831 1.000000 0.984314 0.000000
v -102.412403 126.105504 -24.137456 1.000000 0.984314 0.000000
v -191.223517 42.120846 0.000000 1.000000 0.984314 0.000000
v -102.055835 126.636547 -24.747246 1.000000 0.984314 0.000000
v -82.717425 23.650006 -21.688376 1.000000 0.984314 0.000000
v -84.156800 18.278176 -21.690605 1.000000 0.984314 0.000000
v -82.717425 12.906347 -21.688376 1.000000 0.984314 0.000000
v -81.795731 3.731010 -31.651923 1.000000 0.984314 0.000000
v -73.396930 1.480555 -31.638916 1.000000 0.984314 0.000000
v -64.998130 3.731010 -31.625909 1.000000 0.984314 0.000000
v -58.849781 9.879366 -31.616387 1.000000 0.984314 0.000000
v -56.599329 18.278176 -31.612902 1.000000 0.984314 0.000000
v -58.849780 26.676987 -31.616387 1.000000 0.984314 0.000000
v -64.998129 32.825343 -31.625909 1.000000 0.984314 0.000000
v -73.396929 35.075797 -31.638916 1.000000 0.984314 0.000000
v -81.795729 32.825343 -31.651923 1.000000 0.984314 0.000000
v -87.944078 26.676987 -31.661445 1.000000 0.984314 0.000000
v -90.194530 18.278176 -31.664930 1.000000 0.984314 0.000000
v -87.944079 9.879366 -31.661445 1.000000 0.984314 0.000000
v -153.578465 28.642050 -31.602511 1.000000 0.984314 0.000000
v -160.955790 30.618800 -31.616032 1.000000 0.984314 0.000000
v -168.333115 28.642050 -31.629553 1.000000 0.984314 0.000000
v -173.733691 23.241467 -31.639451 1.000000 0.984314 0.000000
v -175.710440 15.864133 -31.643074 1.000000 0.984314 0.000000
v -173.733692 8.486800 -31.639451 1.000000 0.984314 0.000000
v -148.177889 23.241467 -31.592613 1.000000 0.000000 0.000000
v -146.201141 15.864133 -31.588990 1.000000 0.000000 0.000000
v -148.177889 8.486800 -31.592613 1.000000 0.000000 0.000000
v -153.578466 3.086217 -31.602511 1.000000 0.000000 0.000000
v -160.955791 1.109466 -31.616032 1.000000 0.000000 0.000000
v -168.333116 3.086217 -31.629553 1.000000 0.000000 0.000000
v -73.409127 13.052101 -24.274386 1.000000 0.000000 0.000000
v -73.399379 14.430667 -31.569880 1.000000 0.000000 0.000000
v -76.022161 13.752262 -24.278433 1.000000 0.000000 0.000000
v -75.323132 14.946135 -31.572860 1.000000 0.000000 0.000000
v -77.935035 15.665139 -24.281395 1.000000 0.000000 0.000000
v -76.731416 16.354421 -31.575041 1.000000 0.000000 0.000000
v -78.635196 18.278176 -24.282479 1.000000 0.000000 0.000000
v -77.246884 18.278176 -31.575839 1.000000 0.000000 0.000000
v -77.935035 20.891214 -24.281395 1.000000 0.000000 0.000000
v -76.731416 20.201931 -31.575041 1.000000 0.000000 0.000000
v -76.022161 22.804091 -24.278433 1.000000 0.000000 0.000000
v -75.323132 21.610217 -31.572860 1.000000 0.000000 0.000000
v -73.409126 23.504252 -24.274386 1.000000 0.000000 0.000000
v -73.399379 22.125686 -31.569880 1.000000 0.000000 0.000000
v -70.796092 22.804091 -24.270339 1.000000 0.000000 0.000000
v -71.475627 21.610217 -31.566901 1.000000 0.000000 0.000000
v -68.883218 20.891214 -24.267377 1.000000 0.000000 0.000000
v -70.067342 20.201931 -31.564720 1.000000 0.000000 0.000000
v -68.183057 18.278176 -24.266292 1.000000 0.000000 0.000000
v -69.551874 18.278176 -31.563922 1.000000 0.000000 0.000000
v -68.883218 15.665139 -24.267377 1.000000 0.000000 0.000000
v -70.067342 16.354421 -31.564720 1.000000 0.000000 0.000000
v -70.796092 13.752262 -24.270339 1.000000 0.000000 0.000000
v -71.475627 14.946135 -31.566901 1.000000 0.000000 0.000000
v -169.142712 11.145634 -21.272436 1.000000 0.000000 0.000000
v -170.407028 15.864134 -21.274753 1.000000 0.000000 0.000000
v -169.142712 20.582633 -21.272436 1.000000 0.000000 0.000000
v -165.688534 24.036814 -21.266105 1.000000 0.000000 0.000000
v -160.970041 25.301132 -21.257457 1.000000 0.000000 0.000000
v -156.251547 24.036814 -21.248809 1.000000 0.000000 0.000000
v -160.966946 10.460670 -23.960596 1.000000 0.000000 0.000000
v -160.957074 11.864643 -31.484515 1.000000 0.000000 0.000000
v -163.668739 11.184484 -23.965203 1.000000 0.000000 0.000000
v -162.956817 12.400473 -31.487612 1.000000 0.000000 0.000000
v -73.400408 13.011297 -30.905424 1.000000 0.000000 0.000000
v -76.033845 13.716925 -30.909503 1.000000 0.000000 0.000000
v -70.766972 13.716925 -30.901346 1.000000 0.000000 0.000000
v -77.961654 15.644737 -30.912488 1.000000 0.000000 0.000000
v -78.667281 18.278176 -30.913581 1.000000 0.000000 0.000000
v -77.961654 20.911616 -30.912488 1.000000 0.000000 0.000000
v -76.033844 22.839427 -30.909503 1.000000 0.000000 0.000000
v -73.400408 23.545055 -30.905424 1.000000 0.000000 0.000000
v -70.766972 22.839427 -30.901346 1.000000 0.000000 0.000000
v -57.388150 18.278176 -21.649149 1.000000 0.000000 0.000000
v -59.535094 10.265665 -21.652474 1.000000 0.000000 0.000000
v -65.400652 4.400100 -21.661558 1.000000 0.000000 0.000000
v -68.839162 20.911616 -30.898360 1.000000 0.000000 0.000000
v -68.133535 18.278176 -30.897267 1.000000 0.000000 0.000000
v -68.839163 15.644737 -30.898360 1.000000 0.000000 0.000000
v -73.413154 2.253154 -21.673967 1.000000 0.000000 0.000000
v -81.425656 4.400100 -21.686376 1.000000 0.000000 0.000000
v -74.680000 20.503980 -34.191832 1.000000 0.000000 0.000000
v -75.620734 19.563244 -34.191905 1.000000 0.000000 0.000000
v -64.267339 2.461597 -30.266311 1.000000 0.000000 0.000000
v -64.273073 2.461597 -27.074957 1.000000 0.000000 0.000000
v -75.965066 18.278176 -34.191932 1.000000 0.000000 0.000000
v -64.278807 2.461597 -23.372480 1.000000 0.000000 0.000000
v -68.843279 10.369887 -24.267315 1.000000 0.000000 0.000000
v -75.620734 16.993108 -34.191905 1.000000 0.000000 0.000000
v -74.680000 16.052373 -34.191832 1.000000 0.000000 0.000000
v -73.394933 15.708040 -34.191733 1.000000 0.000000 0.000000
v -57.582473 9.146470 -30.255959 1.000000 0.000000 0.000000
v -57.588207 9.146470 -27.064604 1.000000 0.000000 0.000000
v -57.593941 9.146470 -23.362127 1.000000 0.000000 0.000000
v -65.500846 13.712323 -24.262138 1.000000 0.000000 0.000000
v -72.109867 16.052373 -34.191633 1.000000 0.000000 0.000000
v -55.135643 18.278176 -30.252169 1.000000 0.000000 0.000000
v -55.141377 18.278176 -27.060814 1.000000 0.000000 0.000000
v -55.147111 18.278176 -23.358338 1.000000 0.000000 0.000000
v -64.277431 18.278176 -24.260244 1.000000 0.000000 0.000000
v -71.169132 16.993108 -34.191560 1.000000 0.000000 0.000000
v -70.824800 18.278176 -34.191534 1.000000 0.000000 0.000000
v -57.582473 27.409883 -30.255958 1.000000 0.000000 0.000000
v -57.588207 27.409883 -27.064604 1.000000 0.000000 0.000000
v -57.593941 27.409883 -23.362127 1.000000 0.000000 0.000000
v -65.500846 22.844030 -24.262138 1.000000 0.000000 0.000000
v -71.169132 19.563244 -34.191560 1.000000 0.000000 0.000000
v -72.109866 20.503980 -34.191633 1.000000 0.000000 0.000000
v -64.267337 34.094756 -30.266311 1.000000 0.000000 0.000000
v -64.273071 34.094756 -27.074956 1.000000 0.000000 0.000000
v -64.278805 34.094756 -23.372479 1.000000 0.000000 0.000000
v -68.843278 26.186466 -24.267315 1.000000 0.000000 0.000000
v -73.394933 20.848313 -34.191733 1.000000 0.000000 0.000000
v -73.399033 36.541589 -30.280453 1.000000 0.000000 0.000000
v -73.404767 36.541589 -27.089098 1.000000 0.000000 0.000000
v -73.410501 36.541589 -23.386622 1.000000 0.000000 0.000000
v -73.409126 27.409883 -24.274386 1.000000 0.000000 0.000000
v -72.358614 18.893348 -35.274036 1.000000 0.000000 0.000000
v -72.805040 17.227261 -35.274070 1.000000 0.000000 0.000000
v -82.530728 34.094756 -30.294595 1.000000 0.000000 0.000000
v -82.536462 34.094756 -27.103241 1.000000 0.000000 0.000000
v -73.984826 19.329091 -35.274161 1.000000 0.000000 0.000000
v -82.542196 34.094756 -23.400764 1.000000 0.000000 0.000000
v -77.974974 26.186466 -24.281457 1.000000 0.000000 0.000000
v -74.431252 17.663004 -35.274196 1.000000 0.000000 0.000000
v -67.077483 7.332559 -31.629129 1.000000 0.000000 0.000000
v -73.396930 5.639267 -31.638916 1.000000 0.000000 0.000000
v -89.215593 27.409883 -30.304948 0.000000 0.000000 -0.000000
v -89.221327 27.409883 -27.113593 1.000000 0.000000 0.000000
v -89.227061 27.409883 -23.411117 1.000000 0.000000 0.000000
v -81.317406 22.844030 -24.286633 1.000000 0.000000 0.000000
v -79.716377 7.332559 -31.648703 1.000000 0.000000 0.000000
v -84.342534 11.958721 -31.655867 1.000000 0.000000 0.000000
v -91.662424 18.278176 -30.308738 1.000000 0.000000 0.000000
v -91.668158 18.278176 -27.117383 1.000000 0.000000 0.000000
v -91.673892 18.278176 -23.414906 1.000000 0.000000 0.000000
v -82.540822 18.278176 -24.288528 1.000000 0.000000 0.000000
v -86.035824 18.278176 -31.658490 1.000000 0.000000 0.000000
v -89.215594 9.146470 -30.304948 1.000000 0.000000 0.000000
v -89.221328 9.146470 -27.113594 0.000000 0.000000 -0.000000
v -84.342533 24.597631 -31.655867 1.000000 0.000000 0.000000
v -89.227062 9.146470 -23.411117 1.000000 0.000000 0.000000
v -81.317407 13.712323 -24.286633 1.000000 0.000000 0.000000
v -79.716376 29.223793 -31.648703 0.000000 0.000000 0.000000
v -165.646671 13.162290 -23.968575 1.000000 0.000000 0.000000
v -164.420730 13.864388 -31.489879 1.000000 0.000000 0.000000
v -82.530729 2.461597 -30.294596 1.000000 0.000000 0.000000
v -166.370662 15.864134 -23.969810 1.000000 0.000000 0.000000
v -82.536463 2.461597 -27.103241 1.000000 0.000000 0.000000
v -164.956559 15.864133 -31.490709 1.000000 0.000000 0.000000
v -165.646671 18.565978 -23.968575 1.000000 0.000000 0.000000
v -82.542197 2.461597 -23.400764 1.000000 0.000000 0.000000
v -77.974974 10.369887 -24.281457 1.000000 0.000000 0.000000
v -73.396929 30.917086 -31.638916 1.000000 0.000000 0.000000
v -164.420730 17.863879 -31.489879 1.000000 0.000000 0.000000
v -73.399034 0.014764 -30.280454 1.000000 0.000000 0.000000
v -73.404768 0.014764 -27.089099 1.000000 0.000000 0.000000
v -73.410502 0.014764 -23.386622 1.000000 0.000000 0.000000
v -73.409127 9.146470 -24.274386 1.000000 0.000000 0.000000
v -64.108883 12.906347 -21.659557 1.000000 0.000000 0.000000
v -62.669507 18.278176 -21.657328 1.000000 0.000000 0.000000
v -64.108883 23.650006 -21.659557 1.000000 0.000000 0.000000
v -68.041330 27.582459 -21.665647 1.000000 0.000000 0.000000
v -73.413153 29.021836 -21.673967 1.000000 0.000000 0.000000
v -78.784977 27.582459 -21.682286 1.000000 0.000000 0.000000
v -163.668739 20.543783 -23.965202 1.000000 0.000000 0.000000
v -162.956817 19.327794 -31.487612 1.000000 0.000000 0.000000
v -59.535093 26.290688 -21.652474 1.000000 0.000000 0.000000
v -65.400651 32.156253 -21.661558 1.000000 0.000000 0.000000
v -73.413153 34.303199 -21.673966 1.000000 0.000000 0.000000
v -81.425655 32.156253 -21.686375 1.000000 0.000000 0.000000
v -87.291214 26.290688 -21.695459 1.000000 0.000000 0.000000
v -89.438157 18.278176 -21.698784 1.000000 0.000000 0.000000
v -87.291214 10.265665 -21.695460 1.000000 0.000000 0.000000
v -78.784977 8.973894 -21.682286 1.000000 0.000000 0.000000
v -160.966945 21.267597 -23.960595 1.000000 0.000000 0.000000
v -160.957074 19.863624 -31.484515 1.000000 0.000000 0.000000
v -73.413154 7.534517 -21.673967 1.000000 0.000000 0.000000
v -68.041331 8.973894 -21.665648 1.000000 0.000000 0.000000
v -67.077482 29.223793 -31.629129 1.000000 0.000000 0.000000
v -62.451326 24.597631 -31.621964 1.000000 0.000000 0.000000
v -60.758035 18.278176 -31.619342 1.000000 0.000000 0.000000
v -62.451326 11.958721 -31.621965 1.000000 0.000000 0.000000
v -158.265282 20.543557 -23.955989 1.000000 0.000000 0.000000
v -160.966504 7.843040 -23.960596 1.000000 0.000000 0.000000
v -160.967712 -0.178053 -23.037764 1.000000 0.000000 0.000000
v -158.957331 19.327794 -31.481418 1.000000 0.000000 0.000000
v -160.962676 -0.178053 -26.886493 1.000000 0.000000 0.000000
v -160.957639 -0.178053 -30.203909 1.000000 0.000000 0.000000
v -164.977046 8.917663 -23.967946 1.000000 0.000000 0.000000
v -168.988796 1.971192 -23.052465 1.000000 0.000000 0.000000
v -168.983759 1.971192 -26.901193 1.000000 0.000000 0.000000
v -168.978723 1.971192 -30.218610 1.000000 0.000000 0.000000
v -167.912966 11.853587 -23.973327 1.000000 0.000000 0.000000
v -174.860636 7.843040 -23.063226 1.000000 0.000000 0.000000
v -174.855600 7.843040 -26.911955 1.000000 0.000000 0.000000
v -174.850563 7.843040 -30.229372 1.000000 0.000000 0.000000
v -168.987588 15.864134 -23.975296 1.000000 0.000000 0.000000
v -177.009879 15.864134 -23.067165 1.000000 0.000000 0.000000
v -177.004842 15.864133 -26.915894 1.000000 0.000000 0.000000
v -176.999806 15.864133 -30.233310 1.000000 0.000000 0.000000
v -167.912966 19.874680 -23.973327 1.000000 0.000000 0.000000
v -174.860636 23.885227 -23.063226 1.000000 0.000000 0.000000
v -174.855599 23.885227 -26.911955 1.000000 0.000000 0.000000
v -174.850563 23.885227 -30.229371 1.000000 0.000000 0.000000
v -164.977045 22.810604 -23.967946 1.000000 0.000000 0.000000
v -168.988795 29.757075 -23.052464 1.000000 0.000000 0.000000
v -168.983758 29.757075 -26.901193 1.000000 0.000000 0.000000
v -168.978722 29.757075 -30.218609 1.000000 0.000000 0.000000
v -156.287611 18.565752 -23.952617 1.000000 0.000000 0.000000
v -157.493418 17.863879 -31.479151 1.000000 0.000000 0.000000
v -160.966504 23.885227 -23.960595 0.000000 0.000000 -0.000000
v -160.967711 31.906320 -23.037764 1.000000 0.000000 0.000000
v -160.962674 31.906320 -26.886492 1.000000 0.000000 0.000000
v -160.957638 31.906320 -30.203909 1.000000 0.000000 0.000000
v -156.955962 22.810604 -23.953245 1.000000 0.000000 0.000000
v -152.946627 29.757075 -23.023063 1.000000 0.000000 0.000000
v -152.941591 29.757075 -26.871791 1.000000 0.000000 0.000000
v -152.936554 29.757075 -30.189208 1.000000 0.000000 0.000000
v -154.020041 19.874680 -23.947864 1.000000 0.000000 0.000000
v -147.074787 23.885227 -23.012301 1.000000 0.000000 0.000000
v -147.069750 23.885227 -26.861030 1.000000 0.000000 0.000000
v -147.064713 23.885227 -30.178446 1.000000 0.000000 0.000000
v -152.945420 15.864134 -23.945895 1.000000 0.000000 0.000000
v -144.925544 15.864134 -23.008362 1.000000 0.000000 0.000000
v -144.920507 15.864133 -26.857091 1.000000 0.000000 0.000000
v -144.915471 15.864133 -30.174507 1.000000 0.000000 0.000000
v -154.020042 11.853587 -23.947864 1.000000 0.000000 0.000000
v -147.074787 7.843040 -23.012302 1.000000 0.000000 0.000000
v -147.069751 7.843040 -26.861030 1.000000 0.000000 0.000000
v -147.064714 7.843040 -30.178447 1.000000 0.000000 0.000000
v -156.955962 8.917663 -23.953245 1.000000 0.000000 0.000000
v -152.946628 1.971192 -23.023063 1.000000 0.000000 0.000000
v -152.941592 1.971192 -26.871792 1.000000 0.000000 0.000000
v -152.936555 1.971192 -30.189208 1.000000 0.000000 0.000000
v -168.008050 3.673931 -21.270356 1.000000 0.000000 0.000000
v -160.970042 1.788100 -21.257457 1.000000 0.000000 0.000000
v -153.932033 3.673931 -21.244558 1.000000 0.000000 0.000000
v -148.779854 8.826117 -21.235115 1.000000 0.000000 0.000000
v -146.894025 15.864134 -21.231659 1.000000 0.000000 0.000000
v -148.779853 22.902150 -21.235115 1.000000 0.000000 0.000000
v -151.341409 10.313261 -31.598411 1.000000 0.000000 0.000000
v -149.854059 15.864133 -31.595685 1.000000 0.000000 0.000000
v -151.341408 21.415006 -31.598411 1.000000 0.000000 0.000000
v -155.404924 25.478527 -31.605859 1.000000 0.000000 0.000000
v -160.955790 26.965878 -31.616032 1.000000 0.000000 0.000000
v -166.506656 25.478527 -31.626205 1.000000 0.000000 0.000000
v -170.570172 21.415006 -31.633653 1.000000 0.000000 0.000000
v -172.057522 15.864133 -31.636379 1.000000 0.000000 0.000000
v -170.570172 10.313261 -31.633653 1.000000 0.000000 0.000000
v -166.506657 6.249740 -31.626206 1.000000 0.000000 0.000000
v -160.955791 4.762388 -31.616032 1.000000 0.000000 0.000000
v -155.404925 6.249740 -31.605859 1.000000 0.000000 0.000000
v -162.029707 15.224661 -35.335155 1.000000 0.000000 0.000000
v -161.565646 16.956561 -35.335119 1.000000 0.000000 0.000000
v -160.339258 14.771706 -35.335024 1.000000 0.000000 0.000000
v -159.875197 16.503606 -35.334988 1.000000 0.000000 0.000000
v -160.952452 18.535793 -34.209933 1.000000 0.000000 0.000000
v -159.616624 18.177858 -34.209830 1.000000 0.000000 0.000000
v -158.638730 17.199963 -34.209754 1.000000 0.000000 0.000000
v -158.280796 15.864133 -34.209726 1.000000 0.000000 0.000000
v -158.638730 14.528304 -34.209754 1.000000 0.000000 0.000000
v -159.616624 13.550408 -34.209830 1.000000 0.000000 0.000000
v -160.952452 13.192474 -34.209933 1.000000 0.000000 0.000000
v -162.288280 13.550408 -34.210037 1.000000 0.000000 0.000000
v -163.266174 14.528304 -34.210112 1.000000 0.000000 0.000000
v -163.624108 15.864133 -34.210140 1.000000 0.000000 0.000000
v -163.266174 17.199963 -34.210113 1.000000 0.000000 0.000000
v -162.288280 18.177858 -34.210037 1.000000 0.000000 0.000000
v -156.216724 13.126670 -30.786469 1.000000 0.000000 0.000000
v -155.483224 15.864133 -30.785333 1.000000 0.000000 0.000000
v -156.216724 18.601597 -30.786469 1.000000 0.000000 0.000000
v -158.220684 20.605559 -30.789573 1.000000 0.000000 0.000000
v -160.958143 21.339060 -30.793812 1.000000 0.000000 0.000000
v -163.695603 20.605559 -30.798052 1.000000 0.000000 0.000000
v -165.699563 18.601597 -30.801155 1.000000 0.000000 0.000000
v -166.433063 15.864133 -30.802291 1.000000 0.000000 0.000000
v -165.699563 13.126670 -30.801155 1.000000 0.000000 0.000000
v -163.695604 11.122708 -30.798052 1.000000 0.000000 0.000000
v -160.958144 10.389207 -30.793812 1.000000 0.000000 0.000000
v -158.220684 11.122708 -30.789573 1.000000 0.000000 0.000000
v -153.932032 28.054336 -21.244558 1.000000 0.000000 0.000000
v -160.970041 29.940167 -21.257457 1.000000 0.000000 0.000000
v -168.008049 28.054336 -21.270356 1.000000 0.000000 0.000000
v -173.160229 22.902150 -21.279799 1.000000 0.000000 0.000000
v -175.046058 15.864134 -21.283255 1.000000 0.000000 0.000000
v -173.160230 8.826117 -21.279799 1.000000 0.000000 0.000000
v -165.688535 7.691453 -21.266105 1.000000 0.000000 0.000000
v -160.970042 6.427135 -21.257457 1.000000 0.000000 0.000000
v -156.251548 7.691453 -21.248809 1.000000 0.000000 0.000000
v -152.797371 11.145634 -21.242479 1.000000 0.000000 0.000000
v -151.533054 15.864134 -21.240161 1.000000 0.000000 0.000000
v -152.797371 20.582633 -21.242478 1.000000 0.000000 0.000000
v -158.957331 12.400473 -31.481418 1.000000 0.000000 0.000000
v -158.265283 11.184710 -23.955989 1.000000 0.000000 0.000000
v -157.493418 13.864388 -31.479151 1.000000 0.000000 0.000000
v -156.287611 13.162515 -23.952617 1.000000 0.000000 0.000000
v -156.957588 15.864133 -31.478321 1.000000 0.000000 0.000000
v -155.563751 15.864134 -23.951382 1.000000 0.000000 0.000000
v -68.133535 18.278176 -24.185806 1.000000 0.000000 0.000000
v -68.839162 20.911616 -24.186899 1.000000 0.000000 0.000000
v -68.839162 15.644736 -24.186899 1.000000 0.000000 0.000000
v -70.766972 13.716925 -24.189885 1.000000 0.000000 0.000000
v -73.400408 13.011297 -24.193963 1.000000 0.000000 0.000000
v -76.033845 13.716925 -24.198041 1.000000 0.000000 0.000000
v -77.961654 15.644737 -24.201027 1.000000 0.000000 0.000000
v -78.667281 18.278176 -24.202120 1.000000 0.000000 0.000000
v -77.961654 20.911616 -24.201027 1.000000 0.000000 0.000000
v -76.033845 22.839428 -24.198041 1.000000 0.000000 0.000000
v -73.400408 23.545056 -24.193963 1.000000 0.000000 0.000000
v -70.766971 22.839428 -24.189884 1.000000 0.000000 0.000000
v -165.699563 18.601597 -24.089694 1.000000 0.000000 0.000000
v -166.433064 15.864133 -24.090830 1.000000 0.000000 0.000000
v -165.699564 13.126670 -24.089694 1.000000 0.000000 0.000000
v -163.695604 11.122708 -24.086590 1.000000 0.000000 0.000000
v -160.958144 10.389207 -24.082351 1.000000 0.000000 0.000000
v -158.220684 11.122708 -24.078111 1.000000 0.000000 0.000000
v -156.216724 13.126670 -24.075008 1.000000 0.000000 0.000000
v -155.483223 15.864133 -24.073872 1.000000 0.000000 0.000000
v -156.216724 18.601597 -24.075008 1.000000 0.000000 0.000000
v -158.220683 20.605559 -24.078111 1.000000 0.000000 0.000000
v -160.958143 21.339060 -24.082351 1.000000 0.000000 0.000000
v -163.695604 20.605559 -24.086590 1.000000 0.000000 0.000000
v -69.893494 18.278176 -24.185806 1.000000 0.000000 0.000000
v -70.363444 20.031832 -24.186899 1.000000 0.000000 0.000000
v -70.363444 16.524521 -24.186899 1.000000 0.000000 0.000000
v -71.647289 15.240899 -24.189884 1.000000 0.000000 0.000000
v -73.400858 14.771256 -24.193963 1.000000 0.000000 0.000000
v -75.154202 15.241288 -24.198041 1.000000 0.000000 0.000000
v -76.437597 16.524910 -24.201027 1.000000 0.000000 0.000000
v -76.907322 18.278176 -24.202120 1.000000 0.000000 0.000000
v -76.437597 20.031443 -24.201027 1.000000 0.000000 0.000000
v -75.154201 21.315064 -24.198041 1.000000 0.000000 0.000000
v -73.400857 21.785097 -24.193963 1.000000 0.000000 0.000000
v -71.647289 21.315453 -24.189884 1.000000 0.000000 0.000000
v -160.958592 19.579101 -24.082351 1.000000 0.000000 0.000000
v -162.815960 19.081196 -24.086590 1.000000 0.000000 0.000000
v -164.175506 17.721424 -24.089694 1.000000 0.000000 0.000000
v -164.673105 15.864133 -24.090830 1.000000 0.000000 0.000000
v -164.175506 14.006843 -24.089694 1.000000 0.000000 0.000000
v -162.815960 12.647071 -24.086590 1.000000 0.000000 0.000000
v -160.958593 12.149166 -24.082351 1.000000 0.000000 0.000000
v -159.101001 12.646682 -24.078111 1.000000 0.000000 0.000000
v -157.741006 14.006454 -24.075008 1.000000 0.000000 0.000000
v -157.243182 15.864133 -24.073872 1.000000 0.000000 0.000000
v -157.741005 17.721813 -24.075008 1.000000 0.000000 0.000000
v -159.101000 19.081585 -24.078111 1.000000 0.000000 0.000000
v -73.400408 13.011297 29.543341 1.000000 0.000000 0.000000
v -76.033845 13.716925 29.547419 1.000000 0.000000 0.000000
v -77.961654 15.644737 29.550405 1.000000 0.000000 0.000000
v -78.667281 18.278176 29.551498 1.000000 0.000000 0.000000
v -77.961654 20.911616 29.550405 1.000000 0.000000 0.000000
v -76.033844 22.839427 29.547419 1.000000 0.000000 0.000000
v -73.400408 23.545055 29.543341 1.000000 0.000000 0.000000
v -71.647289 15.240899 0.075326 1.000000 0.000000 0.000000
v -70.766972 22.839427 29.539262 1.000000 0.000000 0.000000
v -68.839162 20.911616 29.536277 1.000000 0.000000 0.000000
v -68.133535 18.278176 29.535184 1.000000 0.000000 0.000000
v -68.839163 15.644737 29.536277 1.000000 0.000000 0.000000
v -66.801451 7.388844 31.079809 1.000000 0.000000 0.000000
v -73.120898 5.695552 31.089596 1.000000 0.000000 0.000000
v -160.958592 19.579101 0.075326 1.000000 0.000000 0.000000
v -79.440345 7.388844 31.099383 1.000000 0.000000 0.000000
v -84.066502 12.015006 31.106548 1.000000 0.000000 0.000000
v -85.759792 18.334461 31.109170 1.000000 0.000000 0.000000
v -67.785888 27.990410 34.161570 1.000000 0.000000 0.000000
v -73.395373 30.917086 32.794596 1.000000 0.000000 0.000000
v -73.393242 29.492898 34.170254 1.000000 0.000000 0.000000
v -159.101001 12.646682 0.075326 1.000000 0.000000 0.000000
v -79.000596 27.990410 34.178939 1.000000 0.000000 0.000000
v -79.714820 29.223793 32.804383 1.000000 0.000000 0.000000
v -78.831268 8.865616 -31.647332 0.000000 0.000000 0.000000
v -73.396930 7.409487 -31.638916 1.000000 0.000000 0.000000
v -67.962592 8.865615 -31.630500 1.000000 0.000000 0.000000
v -63.984380 12.843832 -31.624339 1.000000 0.000000 0.000000
v -62.528254 18.278176 -31.622084 0.000000 0.000000 0.000000
v -63.984380 23.712521 -31.624339 1.000000 0.000000 0.000000
v -67.962591 27.690737 -31.630500 1.000000 0.000000 0.000000
v -73.396929 29.146865 -31.638916 1.000000 0.000000 0.000000
v -78.831267 27.690737 -31.647332 1.000000 0.000000 0.000000
v -82.809479 23.712521 -31.653493 1.000000 0.000000 0.000000
v -84.265605 18.278176 -31.655748 1.000000 0.000000 0.000000
v -82.809479 12.843832 -31.653493 1.000000 0.000000 0.000000
v -73.398900 8.393063 -30.366978 1.000000 0.000000 0.000000
v -78.341450 9.717417 -30.374632 1.000000 0.000000 0.000000
v -81.959648 13.335620 -30.380236 1.000000 0.000000 0.000000
v -83.284000 18.278176 -30.382287 1.000000 0.000000 0.000000
v -81.959648 23.220733 -30.380235 1.000000 0.000000 0.000000
v -78.341450 26.838935 -30.374632 1.000000 0.000000 0.000000
v -73.398899 28.163289 -30.366977 1.000000 0.000000 0.000000
v -68.456349 26.838935 -30.359323 1.000000 0.000000 0.000000
v -64.838151 23.220733 -30.353720 1.000000 0.000000 0.000000
v -63.513798 18.278176 -30.351669 1.000000 0.000000 0.000000
v -64.838151 13.335620 -30.353720 1.000000 0.000000 0.000000
v -68.456349 9.717417 -30.359323 1.000000 0.000000 0.000000
v -70.766972 13.716925 -29.388611 1.000000 0.000000 0.000000
v -67.075925 29.223793 -32.634158 1.000000 0.984314 0.000000
v -63.681020 23.885537 -34.004562 1.000000 0.984314 0.000000
v -62.449769 24.597631 -32.626993 1.000000 0.984314 0.000000
v -62.178534 18.278176 -34.002235 1.000000 0.984314 0.000000
v -60.756479 18.278176 -32.624371 1.000000 0.984314 0.000000
v -63.681021 12.670815 -34.004562 1.000000 0.984314 0.000000
v -62.449770 11.958721 -32.626993 1.000000 0.984314 0.000000
v -84.182383 24.506668 -33.333406 1.000000 0.984314 0.000000
v -83.708912 24.233781 -33.859852 1.000000 0.984314 0.000000
v -84.182384 12.049684 -33.333406 1.000000 0.984314 0.000000
v -68.834561 10.369887 -29.385618 1.000000 0.984314 0.000000
v -83.708912 12.322572 -33.859852 1.000000 0.984314 0.000000
v -84.607951 18.278176 -34.036971 1.000000 0.984314 0.000000
v -79.622816 7.490111 -33.326345 1.000000 0.984314 0.000000
v -65.492128 13.712323 -29.380442 1.000000 0.984314 0.000000
v -64.268713 18.278176 -29.378547 1.000000 0.984314 0.000000
v -79.349113 7.962767 -33.853100 1.000000 0.984314 0.000000
v -65.492128 22.844029 -29.380442 1.000000 0.984314 0.000000
v -73.394332 5.821192 -33.316699 1.000000 0.984314 0.000000
v -68.834560 26.186466 -29.385618 1.000000 0.984314 0.000000
v -73.400408 27.409883 -29.392689 1.000000 0.984314 0.000000
v -73.393515 6.366967 -33.843877 1.000000 0.984314 0.000000
v -77.966256 26.186466 -29.399760 1.000000 0.984314 0.000000
v -86.034268 18.278176 -32.663518 1.000000 0.984314 0.000000
v -83.105465 12.670815 -34.034644 1.000000 0.984314 0.000000
v -84.340977 11.958721 -32.660896 1.000000 0.984314 0.000000
v -81.308688 22.844029 -29.404937 1.000000 0.984314 0.000000
v -67.165847 7.490111 -33.307053 1.000000 0.984314 0.000000
v -82.532104 18.278176 -29.406831 1.000000 0.984314 0.000000
v -81.308689 13.712323 -29.404937 1.000000 0.984314 0.000000
v -79.000597 8.565942 -34.028287 1.000000 0.984314 0.000000
v -77.966256 10.369887 -29.399760 1.000000 0.984314 0.000000
v -79.714821 7.332559 -32.653732 1.000000 0.984314 0.000000
v -73.393243 7.063454 -34.019603 1.000000 0.984314 0.000000
v -73.395374 5.639266 -32.643945 1.000000 0.984314 0.000000
v -67.785889 8.565942 -34.010919 1.000000 0.984314 0.000000
v -67.075926 7.332559 -32.634158 1.000000 0.984314 0.000000
v -67.437918 7.962767 -33.834654 1.000000 0.984314 0.000000
v -73.400409 9.146470 -29.392689 1.000000 0.984314 0.000000
v -85.304709 18.278176 -33.862324 1.000000 0.984314 0.000000
v -85.851301 18.278176 -33.335991 1.000000 0.984314 0.000000
v -79.349112 28.593586 -33.853100 1.000000 0.984314 0.000000
v -79.622816 29.066241 -33.326345 1.000000 0.984314 0.000000
v -155.403558 6.249740 -32.650587 1.000000 0.984314 0.000000
v -156.027174 7.333117 -34.081732 1.000000 0.984314 0.000000
v -160.954424 4.762388 -32.660761 1.000000 0.984314 0.000000
v -160.952552 6.013364 -34.090759 1.000000 0.984314 0.000000
v -166.505289 6.249740 -32.670934 1.000000 0.984314 0.000000
v -165.877931 7.333117 -34.099786 1.000000 0.984314 0.000000
v -170.568805 10.313261 -32.678382 1.000000 0.984314 0.000000
v -169.483558 10.938749 -34.106394 1.000000 0.984314 0.000000
v -172.056155 15.864133 -32.681107 1.000000 0.984314 0.000000
v -170.803309 15.864133 -34.108813 1.000000 0.984314 0.000000
v -151.477516 10.393160 -33.342722 1.000000 0.984314 0.000000
v -170.568805 21.415006 -32.678381 1.000000 0.984314 0.000000
v -169.483558 20.789518 -34.106394 1.000000 0.984314 0.000000
v -166.505289 25.478527 -32.670934 1.000000 0.984314 0.000000
v -165.877930 24.395150 -34.099786 1.000000 0.984314 0.000000
v -160.952551 25.714902 -34.090759 1.000000 0.984314 0.000000
v -160.954423 26.965878 -32.660760 1.000000 0.984314 0.000000
v -156.027173 24.395150 -34.081732 1.000000 0.984314 0.000000
v -155.403557 25.478527 -32.650587 1.000000 0.984314 0.000000
v -152.421546 20.789518 -34.075123 1.000000 0.984314 0.000000
v -151.340041 21.415006 -32.643140 1.000000 0.984314 0.000000
v -151.101795 15.864133 -34.072705 1.000000 0.984314 0.000000
v -149.852691 15.864133 -32.640414 1.000000 0.984314 0.000000
v -152.421546 10.938749 -34.075124 1.000000 0.984314 0.000000
v -151.340042 10.313261 -32.643140 1.000000 0.984314 0.000000
v -170.429500 21.335106 -33.377457 1.000000 0.984314 0.000000
v -170.013613 21.095408 -33.924698 1.000000 0.984314 0.000000
v -166.184058 24.924966 -33.917679 1.000000 0.984314 0.000000
v -166.424474 25.340136 -33.370116 1.000000 0.984314 0.000000
v -151.891969 10.632859 -33.891485 1.000000 0.984314 0.000000
v -150.011575 15.864133 -33.340035 1.000000 0.984314 0.000000
v -150.490255 15.864133 -33.888916 1.000000 0.984314 0.000000
v -151.477516 21.335106 -33.342722 1.000000 0.984314 0.000000
v -151.891969 21.095408 -33.891485 1.000000 0.984314 0.000000
v -155.482541 25.340136 -33.350062 1.000000 0.984314 0.000000
v -155.721523 24.924966 -33.898504 1.000000 0.984314 0.000000
v -160.953508 26.806079 -33.360089 1.000000 0.984314 0.000000
v -160.952790 26.326682 -33.908091 1.000000 0.984314 0.000000
v -169.220952 11.090723 -33.631880 1.000000 0.984314 0.000000
v -170.499982 15.864133 -33.634224 1.000000 0.984314 0.000000
v -169.220952 20.637544 -33.631880 1.000000 0.984314 0.000000
v -165.726577 24.131923 -33.625475 1.000000 0.984314 0.000000
v -160.953172 25.410955 -33.616727 1.000000 0.984314 0.000000
v -156.179767 24.131923 -33.607978 1.000000 0.984314 0.000000
v -152.685392 20.637544 -33.601574 1.000000 0.984314 0.000000
v -151.406362 15.864133 -33.599230 1.000000 0.984314 0.000000
v -152.685392 11.090723 -33.601574 1.000000 0.984314 0.000000
v -156.179768 7.596344 -33.607978 1.000000 0.984314 0.000000
v -160.953173 6.317312 -33.616727 1.000000 0.984314 0.000000
v -165.726577 7.596344 -33.625475 1.000000 0.984314 0.000000
v -151.065377 10.369546 -30.898440 1.000000 0.984314 0.000000
v -149.578027 15.920418 -30.895714 1.000000 0.984314 0.000000
v -151.065377 21.471291 -30.898440 1.000000 0.984314 0.000000
v -155.128892 25.534812 -30.905887 1.000000 0.480000 0.480000
v -160.679758 27.022163 -30.916061 1.000000 0.480000 0.480000
v -166.230624 25.534812 -30.926234 1.000000 0.480000 0.480000
v -170.294140 21.471291 -30.933682 1.000000 0.480000 0.480000
v -171.781490 15.920418 -30.936408 1.000000 0.984314 0.000000
v -170.294140 10.369546 -30.933682 1.000000 0.984314 0.000000
v -166.230625 6.306025 -30.926234 1.000000 0.984314 0.000000
v -160.679759 4.818673 -30.916061 1.000000 0.984314 0.000000
v -155.128893 6.306025 -30.905888 1.000000 0.984314 0.000000
v -156.216724 13.126670 -29.273734 1.000000 0.984314 0.000000
v -155.483224 15.864133 -29.272598 1.000000 0.984314 0.000000
v -156.216724 18.601597 -29.273734 1.000000 0.984314 0.000000
v -158.220684 20.605559 -29.276838 1.000000 0.003922 0.003922
v -160.958143 21.339060 -29.281077 1.000000 0.003922 0.003922
v -163.695603 20.605559 -29.285317 1.000000 0.003922 0.003922
v -165.699563 18.601597 -29.288420 1.000000 0.003922 0.003922
v -166.433063 15.864133 -29.289556 1.000000 0.003922 0.003922
v -165.699563 13.126670 -29.288420 1.000000 0.003922 0.003922
v -163.695604 11.122708 -29.285317 1.000000 0.003922 0.003922
v -160.958144 10.389207 -29.281077 1.000000 0.003922 0.003922
v -158.220684 11.122708 -29.276838 1.000000 0.480000 0.480000
v -156.616091 8.344548 -30.285894 1.000000 0.480000 0.480000
v -153.437944 11.522699 -30.280069 1.000000 0.480000 0.480000
v -152.274662 15.864133 -30.277937 1.000000 0.480000 0.480000
v -153.437944 20.205568 -30.280069 1.000000 0.480000 0.480000
v -156.616091 23.383719 -30.285894 1.000000 0.480000 0.480000
v -160.957520 24.547003 -30.293851 1.000000 0.480000 0.480000
v -165.298950 23.383719 -30.301808 1.000000 0.480000 0.480000
v -168.477097 20.205568 -30.307633 1.000000 0.984314 0.000000
v -169.640380 15.864133 -30.309765 1.000000 0.984314 0.000000
v -168.477097 11.522699 -30.307633 1.000000 0.984314 0.000000
v -165.298950 8.344548 -30.301808 1.000000 0.984314 0.000000
v -160.957521 7.181264 -30.293851 1.000000 0.984314 0.000000
v -169.223570 11.090723 -31.631185 1.000000 0.984314 0.000000
v -170.502600 15.864133 -31.633529 1.000000 0.984314 0.000000
v -169.223570 20.637544 -31.631185 1.000000 0.984314 0.000000
v -165.729195 24.131923 -31.624781 1.000000 0.984314 0.000000
v -160.955790 25.410955 -31.616032 1.000000 0.984314 0.000000
v -156.182385 24.131923 -31.607283 1.000000 0.984314 0.000000
v -152.688010 20.637544 -31.600879 1.000000 0.984314 0.000000
v -151.408980 15.864133 -31.598535 1.000000 0.984314 0.000000
v -152.688011 11.090723 -31.600879 1.000000 0.984314 0.000000
v -156.182386 7.596344 -31.607284 1.000000 0.984314 0.000000
v -160.955791 6.317312 -31.616032 1.000000 0.984314 0.000000
v -165.729196 7.596344 -31.624781 1.000000 0.984314 0.000000
v -171.895441 15.864133 -33.380143 1.000000 0.984314 0.000000
v -171.415327 15.864133 -33.927267 1.000000 0.984314 0.000000
v -170.429500 10.393160 -33.377457 1.000000 0.984314 0.000000
v -156.948304 8.917663 -29.273727 1.000000 0.984314 0.000000
v -170.013613 10.632859 -33.924698 1.000000 0.984314 0.000000
v -166.424475 6.388130 -33.370116 1.000000 0.984314 0.000000
v -154.012384 11.853587 -29.268346 1.000000 0.984314 0.000000
v -152.937762 15.864133 -29.266376 1.000000 0.984314 0.000000
v -166.184059 6.803301 -33.917679 1.000000 0.984314 0.000000
v -154.012384 19.874680 -29.268346 1.000000 0.984314 0.000000
v -160.953508 4.922187 -33.360089 0.000000 0.000000 -0.000000
v -156.948304 22.810604 -29.273727 1.000000 0.984314 0.000000
v -160.958846 23.885227 -29.281077 1.000000 0.984314 0.000000
v -160.952791 5.401585 -33.908092 1.000000 0.984314 0.000000
v -164.969388 22.810604 -29.288428 1.000000 0.984314 0.000000
v -167.905308 19.874680 -29.293808 1.000000 0.984314 0.000000
v -155.482542 6.388130 -33.350062 1.000000 0.984314 0.000000
v -168.979930 15.864133 -29.295778 1.000000 0.984314 0.000000
v -167.905308 11.853587 -29.293809 0.000000 0.000000 0.000000
v -164.969388 8.917663 -29.288428 1.000000 0.984314 0.000000
v -155.721523 6.803301 -33.898504 1.000000 0.984314 0.000000
v -160.958846 7.843040 -29.281077 1.000000 0.984314 0.000000
v -63.078118 12.322572 -33.827902 1.000000 0.984314 0.000000
v -60.937362 18.278176 -33.297407 1.000000 0.984314 0.000000
v -61.482320 18.278176 -33.825430 1.000000 0.984314 0.000000
v -62.606279 24.506668 -33.299991 1.000000 0.984314 0.000000
v -63.078117 24.233781 -33.827902 1.000000 0.984314 0.000000
v -67.165846 29.066241 -33.307053 1.000000 0.984314 0.000000
v -67.437917 28.593586 -33.834653 1.000000 0.984314 0.000000
v -73.394331 30.735161 -33.316699 1.000000 0.984314 0.000000
v -73.393514 30.189385 -33.843877 1.000000 0.984314 0.000000
v -82.806498 12.843832 -33.578161 1.000000 0.984314 0.000000
v -84.262625 18.278176 -33.580416 1.000000 0.984314 0.000000
v -82.806498 23.712521 -33.578161 1.000000 0.984314 0.000000
v -78.828286 27.690737 -33.572000 1.000000 0.984314 0.000000
v -73.393948 29.146865 -33.563584 1.000000 0.984314 0.000000
v -67.959611 27.690737 -33.555168 1.000000 0.984314 0.000000
v -63.981399 23.712521 -33.549007 1.000000 0.984314 0.000000
v -62.525273 18.278176 -33.546752 1.000000 0.984314 0.000000
v -63.981400 12.843832 -33.549007 1.000000 0.984314 0.000000
v -67.959611 8.865615 -33.555168 1.000000 0.984314 0.000000
v -73.393949 7.409487 -33.563584 1.000000 0.984314 0.000000
v -78.828287 8.865615 -33.572000 1.000000 0.984314 0.000000
v -62.175294 12.015006 -30.921993 1.000000 0.984314 0.000000
v -60.482003 18.334461 -30.919371 1.000000 0.984314 0.000000
v -62.175294 24.653916 -30.921993 1.000000 0.984314 0.000000
v -66.801450 29.280078 -30.929158 0.000000 0.000000 -0.000000
v -73.120897 30.973371 -30.938944 1.000000 0.984314 0.000000
v -79.440345 29.280078 -30.948731 1.000000 0.984314 0.000000
v -84.066501 24.653916 -30.955896 1.000000 0.984314 0.000000
v -62.606279 12.049684 -33.299992 1.000000 0.984314 0.000000
v -84.340977 24.597631 -32.660896 1.000000 0.984314 0.000000
v -83.105465 23.885537 -34.034644 1.000000 0.984314 0.000000
v -79.714820 29.223793 -32.653731 1.000000 0.984314 0.000000
v -79.000596 27.990410 -34.028287 1.000000 0.984314 0.000000
v -73.393242 29.492898 -34.019603 1.000000 0.984314 0.000000
v -73.395373 30.917086 -32.643944 1.000000 0.984314 0.000000
v -67.785888 27.990410 -34.010919 1.000000 0.984314 0.000000
v -85.759792 18.334461 -30.958518 1.000000 0.984314 0.000000
v -84.066502 12.015006 -30.955896 1.000000 0.984314 0.000000
v -79.440345 7.388844 -30.948732 1.000000 0.984314 0.000000
v -73.120898 5.695552 -30.938945 1.000000 0.984314 0.000000
v -66.801451 7.388844 -30.929158 1.000000 0.984314 0.000000
v -68.839163 15.644737 -29.385625 1.000000 0.984314 0.000000
v -68.133535 18.278176 -29.384533 1.000000 0.984314 0.000000
v -68.839162 20.911616 -29.385625 1.000000 0.984314 0.000000
v -70.766972 22.839427 -29.388611 1.000000 0.984314 0.000000
v -73.400408 23.545055 -29.392689 1.000000 0.984314 0.000000
v -76.033844 22.839427 -29.396768 1.000000 0.984314 0.000000
v -77.961654 20.911616 -29.399753 1.000000 0.984314 0.000000
v -78.667281 18.278176 -29.400846 1.000000 0.984314 0.000000
v -77.961654 15.644737 -29.399753 1.000000 0.984314 0.000000
v -76.033845 13.716925 -29.396768 1.000000 0.984314 0.000000
v -73.400408 13.011297 -29.392689 1.000000 0.984314 0.000000
v -83.105465 23.885537 34.185296 1.000000 0.984314 0.000000
v -84.340977 24.597631 32.811547 1.000000 0.984314 0.000000
v -160.958593 12.149166 0.075326 1.000000 0.984314 0.000000
v -62.606279 12.049684 33.450643 1.000000 0.984314 0.000000
v -84.066501 24.653916 31.106547 1.000000 0.984314 0.000000
v -159.101000 19.081585 0.075326 1.000000 0.984314 0.000000
v -162.815960 19.081196 0.075326 1.000000 0.984314 0.000000
v -164.175506 14.006843 0.075326 1.000000 0.984314 0.000000
v -79.440345 29.280078 31.099383 1.000000 0.984314 0.000000
v -73.120897 30.973371 31.089596 1.000000 0.984314 0.000000
v -66.801450 29.280078 31.079809 1.000000 0.984314 0.000000
v -164.175506 17.721424 0.075326 1.000000 0.984314 0.000000
v -62.175294 24.653916 31.072645 1.000000 0.984314 0.000000
v -60.482003 18.334461 31.070022 1.000000 0.984314 0.000000
v -62.175294 12.015006 31.072645 1.000000 0.984314 0.000000
v -71.647289 21.315453 0.075326 1.000000 0.984314 0.000000
v -78.828287 8.865615 33.722652 1.000000 0.984314 0.000000
v -73.393949 7.409487 33.714236 1.000000 0.984314 0.000000
v -76.437597 16.524910 0.075326 1.000000 0.984314 0.000000
v -67.959611 8.865615 33.705820 1.000000 0.984314 0.000000
v -63.981400 12.843832 33.699659 1.000000 0.984314 0.000000
v -76.437597 20.031443 0.075326 1.000000 0.984314 0.000000
v -69.893494 18.278176 0.075326 1.000000 0.984314 0.000000
v -157.243182 15.864133 0.075326 1.000000 0.984314 0.000000
v -82.717425 23.650006 21.839028 1.000000 0.984314 0.000000
v -84.156800 18.278176 21.841257 1.000000 0.984314 0.000000
v -82.717425 12.906347 21.839028 1.000000 0.984314 0.000000
v -81.795731 3.731010 31.802575 1.000000 0.984314 0.000000
v -73.396930 1.480555 31.789568 1.000000 0.984314 0.000000
v -64.998130 3.731010 31.776561 1.000000 0.984314 0.000000
v -58.849781 9.879366 31.767039 1.000000 0.984314 0.000000
v -56.599329 18.278176 31.763553 1.000000 0.984314 0.000000
v -58.849780 26.676987 31.767038 1.000000 0.984314 0.000000
v -64.998129 32.825343 31.776560 1.000000 0.984314 0.000000
v -73.396929 35.075797 31.789567 1.000000 0.984314 0.000000
v -81.795729 32.825343 31.802574 1.000000 0.984314 0.000000
v -87.944078 26.676987 31.812096 1.000000 0.984314 0.000000
v -90.194530 18.278176 31.815582 1.000000 0.984314 0.000000
v -87.944079 9.879366 31.812097 1.000000 0.984314 0.000000
v -153.578465 28.642050 31.753163 1.000000 0.984314 0.000000
v -160.955790 30.618800 31.766683 1.000000 0.984314 0.000000
v -168.333115 28.642050 31.780204 1.000000 0.984314 0.000000
v -173.733691 23.241467 31.790103 1.000000 0.984314 0.000000
v -175.710440 15.864133 31.793726 1.000000 0.984314 0.000000
v -173.733692 8.486800 31.790103 1.000000 0.984314 0.000000
v -148.177889 23.241467 31.743265 1.000000 0.984314 0.000000
v -146.201141 15.864133 31.739642 1.000000 0.984314 0.000000
v -148.177889 8.486800 31.743265 1.000000 0.984314 0.000000
v -153.578466 3.086217 31.753163 1.000000 0.984314 0.000000
v -160.955791 1.109466 31.766684 1.000000 0.984314 0.000000
v -168.333116 3.086217 31.780205 1.000000 0.984314 0.000000
v -73.409127 13.052101 24.425038 1.000000 0.984314 0.000000
v -73.399379 14.430667 31.720532 1.000000 0.984314 0.000000
v -76.022161 13.752262 24.429084 1.000000 0.984314 0.000000
v -75.323132 14.946135 31.723511 1.000000 0.984314 0.000000
v -77.935035 15.665139 24.432047 1.000000 0.984314 0.000000
v -76.731416 16.354421 31.725692 1.000000 0.984314 0.000000
v -78.635196 18.278176 24.433131 1.000000 0.984314 0.000000
v -77.246884 18.278176 31.726491 1.000000 0.984314 0.000000
v -77.935035 20.891214 24.432047 1.000000 0.984314 0.000000
v -76.731416 20.201931 31.725692 1.000000 0.984314 0.000000
v -76.022161 22.804091 24.429084 1.000000 0.984314 0.000000
v -75.323132 21.610217 31.723511 1.000000 0.984314 0.000000
v -73.409126 23.504252 24.425037 1.000000 0.984314 0.000000
v -73.399379 22.125686 31.720532 1.000000 0.984314 0.000000
v -70.796092 22.804091 24.420991 1.000000 0.984314 0.000000
v -71.475627 21.610217 31.717553 1.000000 0.984314 0.000000
v -68.883218 20.891214 24.418028 1.000000 0.984314 0.000000
v -70.067342 20.201931 31.715372 1.000000 0.984314 0.000000
v -68.183057 18.278176 24.416944 1.000000 0.984314 0.000000
v -69.551874 18.278176 31.714573 1.000000 0.984314 0.000000
v -68.883218 15.665139 24.418028 1.000000 0.984314 0.000000
v -70.067342 16.354421 31.715372 1.000000 0.984314 0.000000
v -70.796092 13.752262 24.420991 1.000000 0.984314 0.000000
v -71.475627 14.946135 31.717553 1.000000 0.984314 0.000000
v -169.142712 11.145634 21.423087 1.000000 0.984314 0.000000
v -170.407028 15.864134 21.425405 1.000000 0.984314 0.000000
v -169.142712 20.582633 21.423087 1.000000 0.984314 0.000000
v -165.688534 24.036814 21.416756 1.000000 0.984314 0.000000
v -160.970041 25.301132 21.408109 1.000000 0.984314 0.000000
v -156.251547 24.036814 21.399461 1.000000 0.984314 0.000000
v -160.966946 10.460670 24.111247 1.000000 0.984314 0.000000
v -160.957074 11.864643 31.635167 1.000000 0.984314 0.000000
v -163.668739 11.184484 24.115854 1.000000 0.984314 0.000000
v -162.956817 12.400473 31.638264 1.000000 0.984314 0.000000
v -73.400408 13.011297 31.056076 1.000000 0.984314 0.000000
v -76.033845 13.716925 31.060154 1.000000 0.984314 0.000000
v -70.766972 13.716925 31.051998 1.000000 0.984314 0.000000
v -77.961654 15.644737 31.063140 1.000000 0.984314 0.000000
v -78.667281 18.278176 31.064233 1.000000 0.984314 0.000000
v -77.961654 20.911616 31.063140 1.000000 0.984314 0.000000
v -76.033844 22.839427 31.060154 1.000000 0.984314 0.000000
v -73.400408 23.545055 31.056076 1.000000 0.984314 0.000000
v -70.766972 22.839427 31.051997 1.000000 0.984314 0.000000
v -57.388150 18.278176 21.799801 1.000000 0.984314 0.000000
v -59.535094 10.265665 21.803126 1.000000 0.984314 0.000000
v -65.400652 4.400100 21.812210 1.000000 0.984314 0.000000
v -68.839162 20.911616 31.049012 1.000000 0.984314 0.000000
v -68.133535 18.278176 31.047919 1.000000 0.984314 0.000000
v -68.839163 15.644737 31.049012 1.000000 0.984314 0.000000
v -73.413154 2.253154 21.824619 1.000000 0.984314 0.000000
v -81.425656 4.400100 21.837027 1.000000 0.480000 0.480000
v -74.680000 20.503980 34.342484 1.000000 0.480000 0.480000
v -75.620734 19.563244 34.342557 1.000000 0.480000 0.480000
v -64.267339 2.461597 30.416963 1.000000 0.480000 0.480000
v -64.273073 2.461597 27.225608 1.000000 0.984314 0.000000
v -75.965066 18.278176 34.342583 1.000000 0.984314 0.000000
v -64.278807 2.461597 23.523131 1.000000 0.984314 0.000000
v -68.843279 10.369887 24.417967 1.000000 0.984314 0.000000
v -75.620734 16.993108 34.342557 1.000000 0.984314 0.000000
v -74.680000 16.052373 34.342484 1.000000 0.984314 0.000000
v -73.394933 15.708040 34.342384 1.000000 0.984314 0.000000
v -57.582473 9.146470 30.406610 1.000000 0.984314 0.000000
v -57.588207 9.146470 27.215255 1.000000 0.984314 0.000000
v -57.593941 9.146470 23.512779 1.000000 0.984314 0.000000
v -65.500846 13.712323 24.412790 1.000000 0.984314 0.000000
v -72.109867 16.052373 34.342285 1.000000 0.984314 0.000000
v -55.135643 18.278176 30.402821 1.000000 0.984314 0.000000
v -55.141377 18.278176 27.211466 1.000000 0.984314 0.000000
v -55.147111 18.278176 23.508989 1.000000 0.984314 0.000000
v -64.277431 18.278176 24.410895 1.000000 0.984314 0.000000
v -71.169132 16.993108 34.342212 1.000000 0.984314 0.000000
v -70.824800 18.278176 34.342185 1.000000 0.984314 0.000000
v -57.582473 27.409883 30.406610 1.000000 0.984314 0.000000
v -57.588207 27.409883 27.215255 1.000000 0.984314 0.000000
v -57.593941 27.409883 23.512778 1.000000 0.984314 0.000000
v -65.500846 22.844030 24.412790 1.000000 0.984314 0.000000
v -71.169132 19.563244 34.342212 1.000000 0.984314 0.000000
v -72.109866 20.503980 34.342285 1.000000 0.984314 0.000000
v -64.267337 34.094756 30.416963 1.000000 0.984314 0.000000
v -64.273071 34.094756 27.225608 1.000000 0.984314 0.000000
v -64.278805 34.094756 23.523131 1.000000 0.984314 0.000000
v -68.843278 26.186466 24.417966 0.000000 0.000000 0.000000
v -73.394933 20.848313 34.342384 1.000000 0.984314 0.000000
v -73.399033 36.541589 30.431105 1.000000 0.984314 0.000000
v -73.404767 36.541589 27.239750 1.000000 0.984314 0.000000
v -73.410501 36.541589 23.537273 1.000000 0.984314 0.000000
v -73.409126 27.409883 24.425037 1.000000 0.984314 0.000000
v -72.358614 18.893348 35.424687 1.000000 0.984314 0.000000
v -72.805040 17.227261 35.424722 1.000000 0.984314 0.000000
v -82.530728 34.094756 30.445247 1.000000 0.984314 0.000000
v -82.536462 34.094756 27.253892 1.000000 0.984314 0.000000
v -73.984826 19.329091 35.424813 1.000000 0.984314 0.000000
v -82.542196 34.094756 23.551415 1.000000 0.984314 0.000000
v -77.974974 26.186466 24.432108 1.000000 0.984314 0.000000
v -74.431252 17.663004 35.424848 1.000000 0.984314 0.000000
v -67.077483 7.332559 31.779781 1.000000 0.984314 0.000000
v -73.396930 5.639267 31.789568 1.000000 0.984314 0.000000
v -89.215593 27.409883 30.455600 1.000000 0.984314 0.000000
v -89.221327 27.409883 27.264245 1.000000 0.984314 0.000000
v -89.227061 27.409883 23.561768 1.000000 0.984314 0.000000
v -81.317406 22.844030 24.437285 1.000000 0.984314 0.000000
v -79.716377 7.332559 31.799354 1.000000 0.984314 0.000000
v -84.342534 11.958721 31.806519 1.000000 0.984314 0.000000
v -91.662424 18.278176 30.459389 1.000000 0.984314 0.000000
v -91.668158 18.278176 27.268035 1.000000 0.984314 0.000000
v -91.673892 18.278176 23.565558 1.000000 0.984314 0.000000
v -82.540822 18.278176 24.439180 1.000000 0.000000 0.000000
v -86.035824 18.278176 31.809141 1.000000 0.000000 0.000000
v -89.215594 9.146470 30.455600 1.000000 0.000000 0.000000
v -89.221328 9.146470 27.264245 1.000000 0.000000 0.000000
v -84.342533 24.597631 31.806519 1.000000 0.000000 0.000000
v -89.227062 9.146470 23.561768 1.000000 0.000000 0.000000
v -81.317407 13.712323 24.437285 1.000000 0.000000 0.000000
v -79.716376 29.223793 31.799354 1.000000 0.000000 0.000000
v -165.646671 13.162290 24.119227 1.000000 0.000000 0.000000
v -164.420730 13.864388 31.640531 1.000000 0.000000 0.000000
v -82.530729 2.461597 30.445247 1.000000 0.000000 0.000000
v -166.370662 15.864134 24.120461 1.000000 0.000000 0.000000
v -82.536463 2.461597 27.253893 1.000000 0.000000 0.000000
v -164.956559 15.864133 31.641361 1.000000 0.000000 0.000000
v -165.646671 18.565978 24.119227 1.000000 0.000000 0.000000
v -82.542197 2.461597 23.551416 1.000000 0.000000 0.000000
v -77.974974 10.369887 24.432109 1.000000 0.000000 0.000000
v -73.396929 30.917086 31.789567 1.000000 0.000000 0.000000
v -164.420730 17.863879 31.640531 1.000000 0.000000 0.000000
v -73.399034 0.014764 30.431105 1.000000 0.000000 0.000000
v -73.404768 0.014764 27.239750 1.000000 0.000000 0.000000
v -73.410502 0.014764 23.537274 1.000000 0.000000 0.000000
v -73.409127 9.146470 24.425038 1.000000 0.000000 0.000000
v -64.108883 12.906347 21.810209 1.000000 0.000000 0.000000
v -62.669507 18.278176 21.807980 1.000000 0.000000 0.000000
v -64.108883 23.650006 21.810209 1.000000 0.000000 0.000000
v -68.041330 27.582459 21.816299 1.000000 0.000000 0.000000
v -73.413153 29.021836 21.824618 1.000000 0.000000 0.000000
v -78.784977 27.582459 21.832937 1.000000 0.000000 0.000000
v -163.668739 20.543783 24.115854 1.000000 0.000000 0.000000
v -162.956817 19.327794 31.638264 1.000000 0.000000 0.000000
v -59.535093 26.290688 21.803125 1.000000 0.000000 0.000000
v -65.400651 32.156253 21.812209 1.000000 0.000000 0.000000
v -73.413153 34.303199 21.824618 1.000000 0.000000 0.000000
v -81.425655 32.156253 21.837027 1.000000 0.000000 0.000000
v -87.291214 26.290688 21.846111 1.000000 0.000000 0.000000
v -89.438157 18.278176 21.849436 1.000000 0.000000 0.000000
v -87.291214 10.265665 21.846111 1.000000 0.000000 0.000000
v -78.784977 8.973894 21.832938 1.000000 0.000000 0.000000
v -160.966945 21.267597 24.111247 1.000000 0.000000 0.000000
v -160.957074 19.863624 31.635167 1.000000 0.000000 0.000000
v -73.413154 7.534517 21.824618 1.000000 0.000000 0.000000
v -68.041331 8.973894 21.816299 1.000000 0.000000 0.000000
v -67.077482 29.223793 31.779780 1.000000 0.000000 0.000000
v -62.451326 24.597631 31.772616 1.000000 0.000000 0.000000
v -60.758035 18.278176 31.769994 1.000000 0.000000 0.000000
v -62.451326 11.958721 31.772616 1.000000 0.000000 0.000000
v -158.265282 20.543557 24.106640 1.000000 0.000000 0.000000
v -160.966504 7.843040 24.111247 1.000000 0.000000 0.000000
v -160.967712 -0.178053 23.188416 1.000000 0.000000 0.000000
v -158.957331 19.327794 31.632070 1.000000 0.000000 0.000000
v -160.962676 -0.178053 27.037144 1.000000 0.000000 0.000000
v -160.957639 -0.178053 30.354561 1.000000 0.000000 0.000000
v -164.977046 8.917663 24.118598 1.000000 0.000000 0.000000
v -168.988796 1.971192 23.203116 1.000000 0.000000 0.000000
v -168.983759 1.971192 27.051845 1.000000 0.000000 0.000000
v -168.978723 1.971192 30.369262 1.000000 0.000000 0.000000
v -167.912966 11.853587 24.123978 1.000000 0.000000 0.000000
v -174.860636 7.843040 23.213878 1.000000 0.000000 0.000000
v -174.855600 7.843040 27.062607 1.000000 0.000000 0.000000
v -174.850563 7.843040 30.380023 1.000000 0.000000 0.000000
v -168.987588 15.864134 24.125948 1.000000 0.000000 0.000000
v -177.009879 15.864134 23.217817 1.000000 0.000000 0.000000
v -177.004842 15.864133 27.066546 1.000000 0.000000 0.000000
v -176.999806 15.864133 30.383962 1.000000 0.000000 0.000000
v -167.912966 19.874680 24.123978 1.000000 0.000000 0.000000
v -174.860636 23.885227 23.213878 1.000000 0.000000 0.000000
v -174.855599 23.885227 27.062606 1.000000 0.000000 0.000000
v -174.850563 23.885227 30.380023 1.000000 0.000000 0.000000
v -164.977045 22.810604 24.118597 1.000000 0.000000 0.000000
v -168.988795 29.757075 23.203116 1.000000 0.000000 0.000000
v -168.983758 29.757075 27.051845 1.000000 0.000000 0.000000
v -168.978722 29.757075 30.369261 1.000000 0.000000 0.000000
v -156.287611 18.565752 24.103268 1.000000 0.000000 0.000000
v -157.493418 17.863879 31.629803 1.000000 0.000000 0.000000
v -160.966504 23.885227 24.111247 1.000000 0.000000 0.000000
v -160.967711 31.906320 23.188415 1.000000 0.000000 0.000000
v -160.962674 31.906320 27.037144 1.000000 0.000000 0.000000
v -160.957638 31.906320 30.354560 1.000000 0.000000 0.000000
v -156.955962 22.810604 24.103897 1.000000 0.000000 0.000000
v -152.946627 29.757075 23.173714 1.000000 0.000000 0.000000
v -152.941591 29.757075 27.022443 1.000000 0.000000 0.000000
v -152.936554 29.757075 30.339860 1.000000 0.000000 0.000000
v -154.020041 19.874680 24.098516 1.000000 0.000000 0.000000
v -147.074787 23.885227 23.162953 1.000000 0.000000 0.000000
v -147.069750 23.885227 27.011681 1.000000 0.000000 0.000000
v -147.064713 23.885227 30.329098 1.000000 0.000000 0.000000
v -152.945420 15.864134 24.096546 1.000000 0.000000 0.000000
v -144.925544 15.864134 23.159014 1.000000 0.000000 0.000000
v -144.920507 15.864133 27.007742 1.000000 0.000000 0.000000
v -144.915471 15.864133 30.325159 1.000000 0.000000 0.000000
v -154.020042 11.853587 24.098516 1.000000 0.000000 0.000000
v -147.074787 7.843040 23.162953 1.000000 0.000000 0.000000
v -147.069751 7.843040 27.011682 1.000000 0.000000 0.000000
v -147.064714 7.843040 30.329098 1.000000 0.000000 0.000000
v -156.955962 8.917663 24.103897 0.000000 0.000000 0.000000
v -152.946628 1.971192 23.173715 1.000000 0.000000 0.000000
v -152.941592 1.971192 27.022443 1.000000 0.000000 0.000000
v -152.936555 1.971192 30.339860 1.000000 0.000000 0.000000
v -168.008050 3.673931 21.421008 1.000000 0.000000 0.000000
v -160.970042 1.788100 21.408109 1.000000 0.000000 0.000000
v -153.932033 3.673931 21.395210 1.000000 0.000000 0.000000
v -148.779854 8.826117 21.385767 1.000000 0.000000 0.000000
v -146.894025 15.864134 21.382311 1.000000 0.000000 0.000000
v -148.779853 22.902150 21.385767 1.000000 0.000000 0.000000
v -151.341409 10.313261 31.749063 1.000000 0.000000 0.000000
v -149.854059 15.864133 31.746337 1.000000 0.000000 0.000000
v -151.341408 21.415006 31.749063 1.000000 0.000000 0.000000
v -155.404924 25.478527 31.756510 1.000000 0.000000 0.000000
v -160.955790 26.965878 31.766684 1.000000 0.000000 0.000000
v -166.506656 25.478527 31.776857 1.000000 0.000000 0.000000
v -170.570172 21.415006 31.784305 1.000000 0.000000 0.000000
v -172.057522 15.864133 31.787031 1.000000 0.000000 0.000000
v -170.570172 10.313261 31.784305 1.000000 0.000000 0.000000
v -166.506657 6.249740 31.776857 1.000000 0.000000 0.000000
v -160.955791 4.762388 31.766684 1.000000 0.000000 0.000000
v -155.404925 6.249740 31.756510 1.000000 0.000000 0.000000
v -162.029707 15.224661 35.485807 1.000000 0.000000 0.000000
v -161.565646 16.956561 35.485771 1.000000 0.000000 0.000000
v -160.339258 14.771706 35.485676 1.000000 0.000000 0.000000
v -159.875197 16.503606 35.485640 1.000000 0.000000 0.000000
v -160.952452 18.535793 34.360585 1.000000 0.000000 0.000000
v -159.616624 18.177858 34.360482 1.000000 0.000000 0.000000
v -158.638730 17.199963 34.360406 1.000000 0.000000 0.000000
v -158.280796 15.864133 34.360378 1.000000 0.000000 0.000000
v -158.638730 14.528304 34.360406 1.000000 0.000000 0.000000
v -159.616624 13.550408 34.360482 1.000000 0.000000 0.000000
v -160.952452 13.192474 34.360585 1.000000 0.000000 0.000000
v -162.288280 13.550408 34.360688 1.000000 0.000000 0.000000
v -163.266174 14.528304 34.360764 1.000000 0.000000 0.000000
v -163.624108 15.864133 34.360792 1.000000 0.000000 0.000000
v -163.266174 17.199963 34.360764 1.000000 0.000000 0.000000
v -162.288280 18.177858 34.360688 1.000000 0.000000 0.000000
v -156.216724 13.126670 30.937121 1.000000 0.000000 0.000000
v -155.483224 15.864133 30.935985 1.000000 0.000000 0.000000
v -156.216724 18.601597 30.937121 1.000000 0.000000 0.000000
v -158.220684 20.605559 30.940224 1.000000 0.000000 0.000000
v -160.958143 21.339060 30.944464 1.000000 0.000000 0.000000
v -163.695603 20.605559 30.948703 1.000000 0.000000 0.000000
v -165.699563 18.601597 30.951807 1.000000 0.000000 0.000000
v -166.433063 15.864133 30.952943 1.000000 0.000000 0.000000
v -165.699563 13.126670 30.951807 1.000000 0.000000 0.000000
v -163.695604 11.122708 30.948703 1.000000 0.000000 0.000000
v -160.958144 10.389207 30.944464 1.000000 0.000000 0.000000
v -158.220684 11.122708 30.940224 1.000000 0.000000 0.000000
v -153.932032 28.054336 21.395210 1.000000 0.000000 0.000000
v -160.970041 29.940167 21.408108 1.000000 0.000000 0.000000
v -168.008049 28.054336 21.421008 1.000000 0.000000 0.000000
v -173.160229 22.902150 21.430450 1.000000 0.000000 0.000000
v -175.046058 15.864134 21.433907 1.000000 0.000000 0.000000
v -173.160230 8.826117 21.430451 1.000000 0.000000 0.000000
v -165.688535 7.691453 21.416757 1.000000 0.000000 0.000000
v -160.970042 6.427135 21.408109 1.000000 0.984314 0.000000
v -156.251548 7.691453 21.399461 1.000000 0.984314 0.000000
v -152.797371 11.145634 21.393130 1.000000 0.984314 0.000000
v -151.533054 15.864134 21.390813 1.000000 0.984314 0.000000
v -152.797371 20.582633 21.393130 1.000000 0.000000 0.000000
v -158.957331 12.400473 31.632070 1.000000 0.000000 0.000000
v -158.265283 11.184710 24.106641 1.000000 0.000000 0.000000
v -157.493418 13.864388 31.629803 1.000000 0.000000 0.000000
v -156.287611 13.162515 24.103268 1.000000 0.000000 0.000000
v -156.957588 15.864133 31.628973 1.000000 0.000000 0.000000
v -155.563751 15.864134 24.102034 1.000000 0.000000 0.000000
v -68.133535 18.278176 24.336458 1.000000 0.000000 0.000000
v -68.839162 20.911616 24.337551 1.000000 0.000000 0.000000
v -68.839162 15.644736 24.337551 1.000000 0.000000 0.000000
v -70.766972 13.716925 24.340536 1.000000 0.000000 0.000000
v -73.400408 13.011297 24.344615 1.000000 0.000000 0.000000
v -76.033845 13.716925 24.348693 1.000000 0.000000 0.000000
v -77.961654 15.644737 24.351679 1.000000 0.000000 0.000000
v -78.667281 18.278176 24.352771 1.000000 0.000000 0.000000
v -77.961654 20.911616 24.351678 1.000000 0.000000 0.000000
v -76.033845 22.839428 24.348693 1.000000 0.000000 0.000000
v -73.400408 23.545056 24.344614 1.000000 0.000000 0.000000
v -70.766971 22.839428 24.340536 1.000000 0.000000 0.000000
v -165.699563 18.601597 24.240345 1.000000 0.000000 0.000000
v -166.433064 15.864133 24.241481 1.000000 0.000000 0.000000
v -165.699564 13.126670 24.240346 1.000000 0.000000 0.000000
v -163.695604 11.122708 24.237242 1.000000 0.000000 0.000000
v -160.958144 10.389207 24.233003 1.000000 0.000000 0.000000
v -158.220684 11.122708 24.228763 1.000000 0.000000 0.000000
v -156.216724 13.126670 24.225660 1.000000 0.000000 0.000000
v -155.483223 15.864133 24.224524 1.000000 0.000000 0.000000
v -156.216724 18.601597 24.225660 1.000000 0.000000 0.000000
v -158.220683 20.605559 24.228763 1.000000 0.000000 0.000000
v -160.958143 21.339060 24.233002 1.000000 0.000000 0.000000
v -163.695604 20.605559 24.237242 1.000000 0.000000 0.000000
v -69.893494 18.278176 24.336458 1.000000 0.000000 0.000000
v -70.363444 20.031832 24.337550 1.000000 0.000000 0.000000
v -70.363444 16.524521 24.337550 1.000000 0.000000 0.000000
v -71.647289 15.240899 24.340536 1.000000 0.000000 0.000000
v -73.400858 14.771256 24.344614 1.000000 0.000000 0.000000
v -75.154202 15.241288 24.348693 1.000000 0.000000 0.000000
v -76.437597 16.524910 24.351678 1.000000 0.000000 0.000000
v -76.907322 18.278176 24.352771 1.000000 0.000000 0.000000
v -76.437597 20.031443 24.351678 1.000000 0.000000 0.000000
v -75.154201 21.315064 24.348693 1.000000 0.000000 0.000000
v -73.400857 21.785097 24.344614 1.000000 0.000000 0.000000
v -71.647289 21.315453 24.340536 1.000000 0.000000 0.000000
v -160.958592 19.579101 24.233002 1.000000 0.000000 0.000000
v -162.815960 19.081196 24.237242 1.000000 0.000000 0.000000
v -164.175506 17.721424 24.240345 1.000000 0.000000 0.000000
v -164.673105 15.864133 24.241481 1.000000 0.000000 0.000000
v -164.175506 14.006843 24.240345 1.000000 0.000000 0.000000
v -162.815960 12.647071 24.237242 1.000000 0.000000 0.000000
v -160.958593 12.149166 24.233002 1.000000 0.000000 0.000000
v -159.101001 12.646682 24.228763 1.000000 0.000000 0.000000
v -157.741006 14.006454 24.225659 1.000000 0.000000 0.000000
v -157.243182 15.864133 24.224523 1.000000 0.000000 0.000000
v -157.741005 17.721813 24.225659 1.000000 0.000000 0.000000
v -159.101000 19.081585 24.228763 1.000000 0.000000 0.000000
v -73.400857 21.785097 0.075326 1.000000 0.000000 0.000000
v -75.154201 21.315064 0.075326 1.000000 0.000000 0.000000
v -62.525273 18.278176 33.697404 1.000000 0.000000 0.000000
v -76.907322 18.278176 0.075326 1.000000 0.000000 0.000000
v -63.981399 23.712521 33.699659 1.000000 0.000000 0.000000
v -75.154202 15.241288 0.075326 1.000000 0.000000 0.000000
v -73.400858 14.771256 0.075326 1.000000 0.000000 0.000000
v -67.959611 27.690737 33.705820 1.000000 0.000000 0.000000
v -70.363444 16.524521 0.075326 1.000000 0.000000 0.000000
v -73.393948 29.146865 33.714236 1.000000 0.000000 0.000000
v -70.363444 20.031832 0.075326 1.000000 0.000000 0.000000
v -78.828286 27.690737 33.722652 1.000000 0.000000 0.000000
v -157.741005 17.721813 0.075326 1.000000 0.000000 0.000000
v -82.806498 23.712521 33.728813 1.000000 0.000000 0.000000
v -84.262625 18.278176 33.731068 1.000000 0.000000 0.000000
v -82.806498 12.843832 33.728813 1.000000 0.000000 0.000000
v -73.393514 30.189385 33.994528 1.000000 0.000000 0.000000
v -164.673105 15.864133 0.075326 1.000000 0.000000 0.000000
v -73.394331 30.735161 33.467350 1.000000 0.000000 0.000000
v -162.815960 12.647071 0.075326 1.000000 0.000000 0.000000
v -67.437917 28.593586 33.985305 1.000000 0.000000 0.000000
v -67.165846 29.066241 33.457704 1.000000 0.000000 0.000000
v -157.741006 14.006454 0.075326 1.000000 0.000000 0.000000
v -63.078117 24.233781 33.978553 1.000000 0.000000 0.000000
v -78.831268 8.865616 31.797984 0.000000 0.000000 -0.000000
v -73.396930 7.409487 31.789568 1.000000 0.000000 0.000000
v -67.962592 8.865615 31.781151 1.000000 0.000000 0.000000
v -63.984380 12.843832 31.774990 1.000000 0.000000 0.000000
v -62.528254 18.278176 31.772735 0.000000 0.000000 0.000000
v -63.984380 23.712521 31.774990 1.000000 0.000000 0.000000
v -67.962591 27.690737 31.781151 1.000000 0.000000 0.000000
v -73.396929 29.146865 31.789567 1.000000 0.000000 0.000000
v -78.831267 27.690737 31.797983 0.000000 0.000000 0.000000
v -82.809479 23.712521 31.804144 1.000000 0.000000 0.000000
v -84.265605 18.278176 31.806400 1.000000 0.000000 0.000000
v -82.809479 12.843832 31.804145 1.000000 0.000000 0.000000
v -73.398900 8.393063 30.517629 0.000000 0.000000 -0.000000
v -78.341450 9.717417 30.525284 1.000000 0.000000 0.000000
v -81.959648 13.335620 30.530887 1.000000 0.000000 0.000000
v -83.284000 18.278176 30.532938 1.000000 0.000000 0.000000
v -81.959648 23.220733 30.530887 0.000000 0.000000 0.000000
v -78.341450 26.838935 30.525284 1.000000 0.000000 0.000000
v -73.398899 28.163289 30.517629 1.000000 0.000000 0.000000
v -68.456349 26.838935 30.509975 1.000000 0.000000 0.000000
v -64.838151 23.220733 30.504371 0.000000 0.000000 0.000000
v -63.513798 18.278176 30.502320 1.000000 0.000000 0.000000
v -64.838151 13.335620 30.504371 1.000000 0.000000 0.000000
v -68.456349 9.717417 30.509975 1.000000 0.000000 0.000000
v -70.766972 13.716925 29.539263 1.000000 0.000000 0.000000
v -67.075925 29.223793 32.784809 1.000000 0.000000 0.000000
v -63.681020 23.885537 34.155213 1.000000 0.000000 0.000000
v -62.449769 24.597631 32.777645 1.000000 0.000000 0.000000
v -62.178534 18.278176 34.152887 1.000000 0.000000 0.000000
v -60.756479 18.278176 32.775023 1.000000 0.000000 0.000000
v -63.681021 12.670815 34.155213 1.000000 0.000000 0.000000
v -62.449770 11.958721 32.777645 1.000000 0.000000 0.000000
v -84.182383 24.506668 33.484058 1.000000 0.000000 0.000000
v -83.708912 24.233781 34.010504 1.000000 0.000000 0.000000
v -84.182384 12.049684 33.484058 1.000000 0.000000 0.000000
v -68.834561 10.369887 29.536270 1.000000 0.000000 0.000000
v -83.708912 12.322572 34.010504 1.000000 0.000000 0.000000
v -84.607951 18.278176 34.187623 1.000000 0.000000 0.000000
v -79.622816 7.490111 33.476997 1.000000 0.000000 0.000000
v -65.492128 13.712323 29.531093 1.000000 0.000000 0.000000
v -64.268713 18.278176 29.529199 1.000000 0.000000 0.000000
v -79.349113 7.962767 34.003752 1.000000 0.984314 0.000000
v -65.492128 22.844029 29.531093 1.000000 0.984314 0.000000
v -73.394332 5.821192 33.467351 1.000000 0.984314 0.000000
v -68.834560 26.186466 29.536270 1.000000 0.984314 0.000000
v -73.400408 27.409883 29.543341 1.000000 0.000000 0.000000
v -73.393515 6.366967 33.994529 1.000000 0.000000 0.000000
v -77.966256 26.186466 29.550412 1.000000 0.000000 0.000000
v -86.034268 18.278176 32.814170 1.000000 0.000000 0.000000
v -83.105465 12.670815 34.185296 1.000000 0.000000 0.000000
v -84.340977 11.958721 32.811548 1.000000 0.000000 0.000000
v -81.308688 22.844029 29.555588 1.000000 0.000000 0.000000
v -67.165847 7.490111 33.457705 1.000000 0.000000 0.000000
v -82.532104 18.278176 29.557483 1.000000 0.000000 0.000000
v -81.308689 13.712323 29.555588 1.000000 0.000000 0.000000
v -79.000597 8.565942 34.178939 1.000000 0.000000 0.000000
v -77.966256 10.369887 29.550412 1.000000 0.000000 0.000000
v -79.714821 7.332559 32.804383 1.000000 0.000000 0.000000
v -73.393243 7.063454 34.170255 1.000000 0.000000 0.000000
v -73.395374 5.639266 32.794596 1.000000 0.000000 0.000000
v -67.785889 8.565942 34.161571 1.000000 0.000000 0.000000
v -67.075926 7.332559 32.784810 1.000000 0.000000 0.000000
v -67.437918 7.962767 33.985305 1.000000 0.000000 0.000000
v -73.400409 9.146470 29.543341 1.000000 0.000000 0.000000
v -85.304709 18.278176 34.012975 1.000000 0.000000 0.000000
v -85.851301 18.278176 33.486642 1.000000 0.000000 0.000000
v -79.349112 28.593586 34.003752 1.000000 0.000000 0.000000
v -79.622816 29.066241 33.476996 1.000000 0.000000 0.000000
v -155.403558 6.249740 32.801239 1.000000 0.000000 0.000000
v -156.027174 7.333117 34.232384 1.000000 0.000000 0.000000
v -160.954424 4.762388 32.811412 1.000000 0.000000 0.000000
v -160.952552 6.013364 34.241411 1.000000 0.000000 0.000000
v -166.505289 6.249740 32.821586 1.000000 0.000000 0.000000
v -165.877931 7.333117 34.250438 1.000000 0.000000 0.000000
v -170.568805 10.313261 32.829033 1.000000 0.000000 0.000000
v -169.483558 10.938749 34.257046 1.000000 0.000000 0.000000
v -172.056155 15.864133 32.831759 1.000000 0.000000 0.000000
v -170.803309 15.864133 34.259465 1.000000 0.000000 0.000000
v -95.399249 63.853943 -21.455994 1.000000 0.000000 0.000000
v -95.477864 63.295821 -21.854541 1.000000 0.000000 0.000000
v -89.939235 67.465672 0.000000 1.000000 0.000000 0.000000
v -89.459677 115.219651 21.729850 1.000000 0.000000 0.000000
v -89.451868 116.900472 26.772307 1.000000 0.000000 0.000000
v -89.461190 115.923682 20.753060 1.000000 0.000000 0.000000
v -89.451253 118.581293 27.169094 1.000000 0.000000 0.000000
v -87.326199 121.121134 24.678500 1.000000 0.000000 0.000000
v -89.454471 121.942936 25.091488 1.000000 0.000000 0.000000
v -89.461190 121.238905 20.753060 1.000000 0.000000 0.000000
v -89.462895 118.581293 -19.652243 1.000000 0.000000 0.000000
v -89.462280 120.262115 -20.049030 1.000000 0.000000 0.000000
v -86.916759 120.133538 24.958981 1.000000 0.000000 0.000000
v -88.042529 120.137875 20.289150 1.000000 0.000000 0.000000
v -89.451868 120.262114 -26.772307 1.000000 0.000000 0.000000
v -89.451253 118.581293 -27.169094 1.000000 0.000000 0.000000
v -86.705366 118.581293 25.105696 1.000000 0.000000 0.000000
v -89.462895 118.581293 19.652243 1.000000 0.000000 0.000000
v -86.916759 117.029048 24.958981 1.000000 0.000000 0.000000
v -87.936818 118.581293 19.991621 1.000000 0.000000 0.000000
v -89.459677 121.942936 21.729849 1.000000 0.000000 0.000000
v -89.457074 122.339724 23.410669 1.000000 0.000000 0.000000
v -89.457074 114.822863 23.410669 1.000000 0.000000 0.000000
v -88.042529 117.024712 20.289150 1.000000 0.000000 0.000000
v -88.243365 116.036003 20.863496 1.000000 0.000000 0.000000
v -87.326200 116.041452 24.678500 1.000000 0.000000 0.000000
v -87.568145 120.781861 25.608313 1.000000 0.000000 0.000000
v -87.574961 120.781861 21.207184 1.000000 0.000000 0.000000
v -87.332101 119.852423 20.867534 1.000000 0.000000 0.000000
v -87.568145 116.380726 25.608314 1.000000 0.000000 0.000000
v -89.452958 121.238905 -26.068277 1.000000 0.000000 0.000000
v -89.457074 114.822863 -23.410668 1.000000 0.000000 0.000000
v -89.454471 121.942936 -25.091487 1.000000 0.000000 0.000000
v -89.457074 122.339724 -23.410668 1.000000 0.000000 0.000000
v -89.454471 115.219651 -25.091488 1.000000 0.000000 0.000000
v -87.324235 117.310164 25.947210 1.000000 0.000000 0.000000
v -87.221602 118.581293 20.713357 1.000000 0.000000 0.000000
v -89.110995 114.851243 23.410133 1.000000 0.000000 0.000000
v -88.040109 115.461969 21.851891 1.000000 0.000000 0.000000
v -89.451868 120.262114 26.772307 1.000000 0.000000 0.000000
v -89.137918 115.230181 21.737944 1.000000 0.000000 0.000000
v -89.184914 115.915269 20.744219 1.000000 0.000000 0.000000
v -89.140518 116.909065 20.059062 1.000000 0.000000 0.000000
v -87.217430 121.275140 -23.407200 1.000000 0.000000 0.000000
v -87.332102 117.310164 20.867534 1.000000 0.000000 0.000000
v -89.461190 121.238905 -20.753060 1.000000 0.000000 0.000000
v -88.035288 115.461969 -24.965050 1.000000 0.000000 0.000000
v -89.459677 121.942936 -21.729849 1.000000 0.000000 0.000000
v -87.330137 116.041452 -22.136244 1.000000 0.000000 0.000000
v -88.040109 121.700618 -21.851891 1.000000 0.000000 0.000000
v -87.931527 121.997982 -23.408306 1.000000 0.000000 0.000000
v -88.035287 121.700618 -24.965050 1.000000 0.000000 0.000000
v -88.235481 121.126583 -25.954070 1.000000 0.000000 0.000000
v -86.707998 120.280580 -23.406411 1.000000 0.000000 0.000000
v -86.921567 117.029048 -21.854495 1.000000 0.000000 0.000000
v -88.032867 120.137875 -26.527791 1.000000 0.000000 0.000000
v -87.926236 118.581293 -26.824991 1.000000 0.000000 0.000000
v -88.032867 117.024712 -26.527791 1.000000 0.000000 0.000000
v -88.235481 116.036003 -25.954070 1.000000 0.000000 0.000000
v -87.931527 115.164605 -23.408306 1.000000 0.000000 0.000000
v -89.116772 118.581293 19.680087 1.000000 0.000000 0.000000
v -86.710629 118.581293 -21.707126 1.000000 0.000000 0.000000
v -86.921567 120.133538 -21.854495 1.000000 0.000000 0.000000
v -87.330137 121.121135 -22.136243 1.000000 0.000000 0.000000
v -89.140518 120.253522 20.059062 1.000000 0.000000 0.000000
v -87.332101 119.852423 -20.867533 1.000000 0.000000 0.000000
v -87.568145 116.380726 -25.608313 1.000000 0.000000 0.000000
v -87.324235 117.310164 -25.947209 1.000000 0.000000 0.000000
v -87.221602 118.581293 -20.713356 1.000000 0.000000 0.000000
v -89.459677 115.219651 -21.729849 1.000000 0.000000 0.000000
v -89.110995 114.851243 -23.410133 1.000000 0.000000 0.000000
v -88.040109 115.461969 -21.851891 1.000000 0.000000 0.000000
v -89.137918 115.230181 -21.737944 1.000000 0.000000 0.000000
v -89.184914 115.915269 -20.744219 1.000000 0.000000 0.000000
v -89.140518 116.909065 -20.059062 1.000000 0.000000 0.000000
v -87.332102 117.310164 -20.867533 1.000000 0.000000 0.000000
v -89.116772 118.581293 -19.680086 1.000000 0.000000 0.000000
v -89.140518 120.253522 -20.059062 1.000000 0.000000 0.000000
v -87.324235 119.852423 -25.947209 1.000000 0.000000 0.000000
v -89.184914 121.247318 -20.744219 1.000000 0.000000 0.000000
v -87.213258 118.581293 -26.101043 1.000000 0.000000 0.000000
v -89.137918 121.932406 -21.737944 1.000000 0.000000 0.000000
v -89.110995 122.311344 -23.410132 1.000000 0.000000 0.000000
v -89.132738 121.932406 -25.082396 1.000000 0.000000 0.000000
v -89.176657 121.247318 -26.076262 1.000000 0.000000 0.000000
v -89.130138 120.253521 -26.761278 1.000000 0.000000 0.000000
v -89.105219 118.581293 -27.140179 1.000000 0.000000 0.000000
v -89.130138 116.909065 -26.761278 1.000000 0.000000 0.000000
v -89.176657 115.915268 -26.076262 1.000000 0.000000 0.000000
v -89.132739 115.230181 -25.082396 1.000000 0.000000 0.000000
v -87.324235 119.852423 25.947210 1.000000 0.000000 0.000000
v -87.217430 121.275140 23.407200 1.000000 0.000000 0.000000
v -89.462280 120.262115 20.049030 1.000000 0.000000 0.000000
v -89.454471 115.219651 25.091488 1.000000 0.000000 0.000000
v -88.035288 115.461969 24.965050 1.000000 0.000000 0.000000
v -89.184914 121.247318 20.744219 1.000000 0.000000 0.000000
v -87.330137 116.041452 22.136244 1.000000 0.000000 0.000000
v -88.040109 121.700618 21.851891 1.000000 0.000000 0.000000
v -87.213258 118.581293 26.101044 1.000000 0.000000 0.000000
v -87.931527 121.997982 23.408306 1.000000 0.000000 0.000000
v -88.035287 121.700618 24.965050 1.000000 0.000000 0.000000
v -88.235481 121.126583 25.954070 1.000000 0.000000 0.000000
v -86.707998 120.280580 23.406411 1.000000 0.000000 0.000000
v -86.921567 117.029048 21.854495 1.000000 0.000000 0.000000
v -89.137918 121.932406 21.737944 1.000000 0.000000 0.000000
v -88.032867 120.137875 26.527791 1.000000 0.000000 0.000000
v -87.926236 118.581293 26.824991 1.000000 0.000000 0.000000
v -88.032867 117.024712 26.527791 1.000000 0.984314 0.000000
v -88.235481 116.036003 25.954070 1.000000 0.984314 0.000000
v -89.452958 121.238905 26.068277 1.000000 0.984314 0.000000
v -87.931527 115.164605 23.408306 1.000000 0.984314 0.000000
v -86.710629 118.581293 21.707126 1.000000 0.984314 0.000000
v -86.921567 120.133538 21.854495 1.000000 0.984314 0.000000
v -87.330137 121.121135 22.136244 1.000000 0.984314 0.000000
v -89.462280 116.900472 20.049030 1.000000 0.984314 0.000000
v -87.574961 116.380726 21.207184 1.000000 0.984314 0.000000
v -86.422722 118.581293 23.405969 1.000000 0.984314 0.000000
v -89.452958 115.923682 26.068277 1.000000 0.984314 0.000000
v -86.707998 116.882007 23.406411 1.000000 0.984314 0.000000
v -87.217430 115.887447 23.407200 1.000000 0.984314 0.000000
v -88.243365 121.126583 20.863496 1.000000 0.984314 0.000000
v -89.452958 115.923682 -26.068277 1.000000 0.984314 0.000000
v -89.451868 116.900472 -26.772307 1.000000 0.984314 0.000000
v -89.461190 115.923682 -20.753060 1.000000 0.984314 0.000000
v -89.462280 116.900472 -20.049030 1.000000 0.984314 0.000000
v -89.110995 122.311344 23.410133 1.000000 0.984314 0.000000
v -89.132738 121.932406 25.082396 1.000000 0.984314 0.000000
v -89.176657 121.247318 26.076262 1.000000 0.984314 0.000000
v -89.130138 120.253521 26.761279 1.000000 0.984314 0.000000
v -89.105219 118.581293 27.140179 1.000000 0.984314 0.000000
v -87.574961 116.380726 -21.207183 1.000000 0.984314 0.000000
v -86.422722 118.581293 -23.405969 1.000000 0.984314 0.000000
v -86.707998 116.882007 -23.406411 1.000000 0.984314 0.000000
v -87.217430 115.887447 -23.407200 1.000000 0.984314 0.000000
v -88.243365 121.126583 -20.863496 1.000000 0.984314 0.000000
v -87.326199 121.121134 -24.678499 1.000000 0.984314 0.000000
v -86.916759 120.133538 -24.958981 1.000000 0.984314 0.000000
v -88.042529 120.137875 -20.289150 1.000000 0.984314 0.000000
v -86.705366 118.581293 -25.105696 1.000000 0.984314 0.000000
v -86.916759 117.029048 -24.958981 1.000000 0.984314 0.000000
v -87.936818 118.581293 -19.991621 1.000000 0.984314 0.000000
v -88.042529 117.024712 -20.289150 1.000000 0.984314 0.000000
v -88.243365 116.036003 -20.863496 1.000000 0.984314 0.000000
v -87.326200 116.041452 -24.678499 1.000000 0.984314 0.000000
v -87.568145 120.781861 -25.608313 1.000000 0.984314 0.000000
v -87.574961 120.781861 -21.207183 1.000000 0.984314 0.000000
v -89.132739 115.230181 25.082396 1.000000 0.984314 0.000000
v -89.176657 115.915268 26.076262 1.000000 0.984314 0.000000
v -89.130138 116.909065 26.761279 1.000000 0.984314 0.000000
v -89.448019 118.581293 -19.592542 1.000000 0.984314 0.000000
v -89.448658 120.286637 -19.994734 1.000000 0.984314 0.000000
v -89.438078 120.286637 -26.826561 1.000000 0.984314 0.000000
v -89.436192 118.581293 -27.228748 1.000000 0.984314 0.000000
v -89.440370 121.280993 -26.110345 1.000000 0.984314 0.000000
v -89.442106 114.763186 -23.410645 1.000000 0.984314 0.000000
v -89.440727 121.997211 -25.115989 1.000000 0.984314 0.000000
v -89.442105 122.399401 -23.410645 1.000000 0.984314 0.000000
v -89.440727 115.165376 -25.115989 1.000000 0.984314 0.000000
v -89.448732 121.280993 -20.710953 1.000000 0.984314 0.000000
v -89.446009 121.997211 -21.705305 1.000000 0.984314 0.000000
v -89.446009 115.165376 -21.705305 1.000000 0.984314 0.000000
v -89.440370 115.881594 -26.110345 1.000000 0.984314 0.000000
v -89.438078 116.875949 -26.826561 1.000000 0.984314 0.000000
v -89.448732 115.881594 -20.710953 1.000000 0.984314 0.000000
v -89.448658 116.875950 -19.994734 1.000000 0.984314 0.000000
v -89.446009 115.165376 21.705306 1.000000 0.984314 0.000000
v -89.438078 116.875949 26.826561 1.000000 0.984314 0.000000
v -89.448732 115.881594 20.710953 1.000000 0.984314 0.000000
v -89.436192 118.581293 27.228748 1.000000 0.984314 0.000000
v -89.440727 121.997211 25.115989 1.000000 0.984314 0.000000
v -89.448732 121.280993 20.710953 1.000000 0.984314 0.000000
v -89.448019 118.581293 19.592542 1.000000 0.984314 0.000000
v -89.446009 121.997211 21.705306 1.000000 0.984314 0.000000
v -89.442105 122.399401 23.410645 1.000000 0.984314 0.000000
v -89.442106 114.763186 23.410645 1.000000 0.984314 0.000000
v -89.438078 120.286637 26.826561 1.000000 0.984314 0.000000
v -89.448658 120.286637 19.994734 1.000000 0.984314 0.000000
v -89.440727 115.165376 25.115989 1.000000 0.984314 0.000000
v -89.440370 121.280993 26.110345 1.000000 0.984314 0.000000
v -89.448658 116.875950 19.994734 1.000000 0.984314 0.000000
v -89.440370 115.881594 26.110345 1.000000 0.984314 0.000000
# 3746 vertices

vn -0.000000 0.000000 -1.000000
vn -0.000000 0.000000 -1.000000
vn -0.000000 0.000000 -1.000000
vn -0.000000 0.000000 -1.000000
vn 0.000000 0.000000 -1.000000
vn 0.000000 0.000000 -1.000000
vn -0.000000 0.000000 -1.000000
vn -0.000000 0.000000 -1.000000
vn -0.000000 0.000000 1.000000
vn -0.000000 0.000000 1.000000
vn -0.000000 0.000000 1.000000
vn 0.000000 0.000000 1.000000
vn 0.000000 0.000000 1.000000
vn -0.000000 0.000000 1.000000
vn -0.000000 0.000000 1.000000
vn 0.954997 0.296617 -0.000008
vn 0.954997 0.296617 0.000000
vn 0.685093 0.176000 0.706875
vn -0.275066 0.961425 0.000000
vn -0.275066 0.961425 0.000000
vn 0.013648 -0.047669 0.998770
vn 0.275066 -0.961425 -0.000164
vn 0.275066 -0.961425 0.000000
vn 0.625966 -0.779850 -0.000144
vn 0.625966 -0.779850 0.000000
vn 0.112236 0.993682 0.000000
vn 0.112236 0.993682 -0.000009
vn 0.954997 0.296617 0.000008
vn 0.685093 0.176000 -0.706875
vn -0.275066 0.961425 -0.000000
vn 0.013648 -0.047669 -0.998770
vn 0.275066 -0.961425 0.000164
vn 0.625966 -0.779850 0.000144
vn 0.112236 0.993682 0.000009
vn 0.000106 -0.701090 0.713073
vn 0.000104 -0.701053 0.713109
vn -0.270311 -0.269449 -0.924299
vn 0.000056 -0.001604 0.999999
vn 0.000059 -0.001689 0.999999
vn 0.001549 0.000000 0.999999
vn 0.001549 0.000000 0.999999
vn 0.002224 -0.503588 0.863941
vn 0.002275 -0.502309 0.864685
vn -0.654961 -0.649731 -0.385845
vn -0.001864 0.002591 0.999995
vn -0.001325 0.003059 0.999995
vn -0.001303 0.002308 0.999997
vn -0.001519 0.002161 0.999997
vn 0.001549 0.000000 0.999999
vn -0.002051 0.002312 0.999995
vn -0.002377 0.002667 0.999994
vn -0.002339 0.003128 0.999992
vn -0.001473 0.003241 0.999994
vn -0.001369 0.005116 0.999986
vn -0.001725 0.001956 0.999997
vn -0.001663 0.002186 0.999996
vn 0.960160 0.279449 -0.001226
vn 0.959586 0.281416 -0.000000
vn 0.958029 0.286670 -0.000000
vn 0.958050 0.286601 -0.001007
vn 0.000000 -0.000000 -1.000000
vn 0.000000 -0.000000 -1.000000
vn 0.000000 -0.000000 -1.000000
vn 0.000000 -0.000000 -1.000000
vn 0.000000 -1.000000 0.000000
vn 0.000000 -1.000000 -0.000000
vn 0.000000 -1.000000 -0.000000
vn 0.000000 -1.000000 -0.000000
vn 0.000000 -1.000000 -0.000000
vn 0.000000 -1.000000 0.000000
vn -0.001112 0.002906 0.999995
vn -0.001259 0.003338 0.999994
vn -0.002924 0.001488 0.999995
vn -0.000501 0.003030 0.999995
vn 0.000421 0.006017 0.999982
vn -0.000833 0.001806 0.999998
vn -0.001245 0.002013 0.999997
vn -0.001125 0.001746 0.999998
vn -0.000859 0.001520 0.999999
vn -0.000118 -0.707466 0.706748
vn -0.000111 -0.707550 0.706663
vn 0.323336 0.133930 0.936759
vn 0.923880 0.382683 0.000000
vn 0.923880 -0.382683 0.000000
vn 0.133930 0.323336 0.936759
vn 0.382683 0.923880 0.000000
vn 0.323336 -0.133930 0.936759
vn -0.133930 0.323336 0.936759
vn -0.382683 0.923880 0.000000
vn 0.382683 -0.923880 0.000000
vn -0.323336 0.133930 0.936759
vn -0.923880 0.382683 0.000000
vn 0.133930 -0.323336 0.936759
vn -0.323336 -0.133930 0.936759
vn -0.923880 -0.382683 0.000000
vn -0.382683 -0.923880 0.000000
vn -0.133930 -0.323336 0.936759
vn -0.242024 0.935802 -0.256319
vn -0.000000 -0.000000 -1.000000
vn 0.000000 -0.000000 -1.000000
vn 0.000000 -0.000000 -1.000000
vn -0.000000 -0.000000 -1.000000
vn 0.174557 0.984647 0.000000
vn 0.174557 0.984647 -0.000000
vn 0.201997 0.979386 -0.000000
vn 0.201997 0.979386 0.000000
vn -0.172089 0.681658 -0.711145
vn -1.000000 0.000000 0.000000
vn 0.229222 -0.071509 -0.970744
vn 0.256738 0.001261 -0.966480
vn 0.704000 0.000055 -0.710200
vn 0.711673 0.003173 -0.702504
vn 0.001549 0.000000 -0.999999
vn 0.001549 0.000000 -0.999999
vn 0.657273 0.404319 -0.636018
vn 0.146981 0.989139 -0.000000
vn 0.146981 0.989139 0.000000
vn -0.966653 0.000024 -0.256091
vn -0.966055 0.005063 -0.258287
vn 0.751380 0.175810 -0.636018
vn -0.771675 -0.000000 -0.636018
vn -0.771675 -0.000000 -0.636018
vn -0.701867 0.000090 -0.712308
vn -0.698502 0.003753 -0.715598
vn 0.771675 -0.000000 -0.636018
vn -0.970708 -0.240261 -0.000000
vn -0.000000 1.000000 0.000000
vn -0.000000 1.000000 0.000000
vn -0.000000 -0.000000 1.000000
vn -0.000000 -0.000000 1.000000
vn 0.000243 -0.221721 0.975110
vn 0.000000 0.000000 -1.000000
vn 0.000000 0.000000 -1.000000
vn -0.000015 1.000000 -0.000254
vn 0.000000 1.000000 0.000000
vn -0.970708 0.240261 0.000000
vn 0.000000 -0.000000 1.000000
vn -0.000000 -0.000000 1.000000
vn 0.000000 -0.000000 1.000000
vn 1.000000 0.000000 0.000000
vn 0.000000 0.000000 -1.000000
vn 0.000000 0.000000 -1.000000
vn 0.000000 0.000000 -1.000000
vn -0.000000 1.000000 0.000000
vn 0.000000 0.000000 -1.000000
vn -0.000015 -1.000000 -0.000254
vn -0.000000 -1.000000 -0.000000
vn -0.000031 1.000000 -0.000507
vn -0.000000 -1.000000 -0.000000
vn -0.000000 -1.000000 -0.000000
vn -0.000000 -1.000000 -0.000000
vn -0.000031 -1.000000 -0.000507
vn 0.000243 0.221721 0.975110
vn -0.063337 -0.237030 -0.969436
vn 0.034329 -0.251818 -0.967166
vn 0.507447 0.581360 -0.636018
vn 0.163278 0.748902 -0.642251
vn 0.141751 0.769829 -0.622310
vn -0.790441 -0.182491 -0.584722
vn 0.003350 -0.726212 -0.687463
vn 0.973701 0.227829 -0.000000
vn 0.973701 0.227829 0.000000
vn 0.657592 0.753374 0.000000
vn 0.657592 0.753374 -0.000000
vn -0.771675 -0.000000 -0.636018
vn 0.851749 0.523951 0.000000
vn 0.851749 0.523951 -0.000000
vn 0.001079 0.970837 -0.239740
vn 0.120039 0.789756 -0.601561
vn 0.000000 -0.000000 -1.000000
vn 0.000000 -0.000000 -1.000000
vn 0.001255 0.726978 -0.686660
vn -0.967782 -0.251791 0.000000
vn -0.967782 -0.251791 0.000000
vn -0.929400 -0.269271 -0.252406
vn -0.928505 -0.271528 -0.253282
vn 0.000000 -0.000000 -1.000000
vn 0.000000 -0.000000 -1.000000
vn -0.771675 -0.000000 -0.636018
vn 0.064768 0.239126 -0.968826
vn 0.166945 0.174732 -0.970360
vn 0.000000 -0.000000 -1.000000
vn 0.000000 -0.000000 -1.000000
vn -0.166067 -0.172379 -0.970931
vn 0.000000 -0.000000 -1.000000
vn 0.117604 -0.363700 0.924062
vn -0.117884 0.364539 0.923696
vn -0.281922 0.880006 0.382243
vn -0.211100 0.976992 -0.030384
vn -0.211198 0.977443 0.000000
vn -0.532675 0.533692 0.656834
vn 0.001016 0.754754 0.656007
vn 0.707106 -0.707107 -0.001095
vn -0.532675 -0.533691 0.656834
vn 0.999999 -0.000000 -0.001549
vn -0.999999 0.000000 0.001549
vn 0.707106 0.707107 -0.001095
vn 0.534707 0.533692 0.655181
vn -0.000000 -1.000000 -0.000000
vn -0.000000 -1.000000 -0.000000
vn 0.534707 -0.533692 0.655181
vn -0.707106 0.707107 0.001095
vn 0.000000 1.000000 0.000000
vn 0.000000 1.000000 0.000000
vn -0.000000 -1.000000 -0.000000
vn -0.753737 0.000000 0.657176
vn 0.755769 -0.000000 0.654839
vn 0.000000 1.000000 0.000000
vn 0.001016 -0.754754 0.656007
vn -0.707106 -0.707107 0.001095
vn 0.075601 0.993095 -0.089709
vn 0.142543 0.987897 -0.061171
vn 0.197312 0.980341 0.000000
vn 0.995678 0.092868 0.000018
vn 0.995691 0.092731 0.000023
vn 0.999548 0.030071 0.000000
vn 0.999548 0.030071 0.000000
vn 0.027228 -0.038614 -0.998883
vn 0.001549 0.000000 -0.999999
vn 0.001549 0.000000 -0.999999
vn 0.001549 0.000000 -0.999999
vn -0.008044 0.993530 -0.113287
vn -0.005097 0.981070 -0.193584
vn 0.048800 0.986757 -0.154688
vn -0.193868 0.966689 -0.167118
vn -0.107323 0.988546 -0.106106
vn -0.189579 0.976476 -0.102735
vn 0.990777 -0.134323 -0.017834
vn 0.990935 -0.134345 0.000000
vn 0.005958 0.999982 0.000000
vn -0.010944 0.999940 -0.000000
vn 0.956632 0.289628 -0.031169
vn 0.977012 0.210878 -0.031265
vn 0.977490 0.210981 0.000000
vn 0.957097 0.289769 0.000000
vn 0.087068 0.990516 -0.106292
vn -0.001125 0.001746 -0.999998
vn -0.001112 0.002906 -0.999995
vn -0.000501 0.003030 -0.999995
vn -0.001245 0.002013 -0.999997
vn -0.020538 0.982597 -0.184614
vn -0.106553 0.994307 0.000000
vn -0.006149 0.089785 -0.995942
vn -0.013307 0.085684 -0.996234
vn 0.001547 0.000000 -0.999999
vn 0.001548 0.000000 -0.999999
vn -0.001656 0.002241 -0.999996
vn -0.001257 0.002176 -0.999997
vn -0.000594 -0.584847 -0.811144
vn -0.000685 -0.583140 -0.812372
vn -0.707106 -0.707106 0.001281
vn 0.001051 -0.549904 0.835228
vn -0.001050 -0.550251 -0.834999
vn 0.551195 -0.000000 0.834377
vn 0.548959 -0.000000 -0.835849
vn -0.001050 0.550251 -0.834999
vn -0.707106 0.707106 0.001281
vn -0.001246 -0.000000 -0.999999
vn 0.001051 0.549903 0.835228
vn 0.000000 1.000000 0.000043
vn 0.999998 -0.000000 -0.001814
vn 0.001246 0.000000 0.999999
vn 0.000000 -1.000000 0.000043
vn -0.999998 0.000000 0.001875
vn 0.991409 0.130796 0.000000
vn 0.990928 0.130733 -0.031154
vn 0.006475 0.092228 -0.995717
vn 0.001549 0.000000 -0.999999
vn 0.005831 0.019652 -0.999790
vn 0.010110 0.039297 -0.999176
vn 0.010896 0.090501 -0.995837
vn 0.801360 0.539932 -0.257481
vn -0.798973 -0.542011 -0.260511
vn -0.925824 -0.278701 -0.255296
vn 0.926887 0.282447 -0.247191
vn 0.927897 0.277372 -0.249143
vn 0.783534 -0.566645 -0.254929
vn -0.226437 0.073793 -0.971226
vn -0.131079 0.196245 -0.971754
vn 0.225961 0.104247 -0.968542
vn 0.245034 0.070639 -0.966938
vn 0.242813 -0.935286 -0.257455
vn -0.028476 0.255389 -0.966419
vn -0.944976 -0.237418 -0.225061
vn -0.945722 -0.230111 -0.229476
vn -0.555420 -0.190169 -0.809534
vn 0.969474 0.008099 -0.245058
vn 0.968237 0.004057 -0.250003
vn -0.810686 0.554166 -0.188914
vn 0.978799 -0.188111 0.081035
vn 0.977414 -0.211329 -0.001514
vn -0.945580 -0.223024 0.236935
vn -0.944962 -0.230229 0.232470
vn -0.944275 0.237418 0.227987
vn -0.944962 0.230229 0.232470
vn 0.980198 -0.140779 0.139261
vn 0.220987 0.821133 0.526218
vn 0.000426 0.899518 0.436883
vn 0.000677 0.899517 0.436884
vn -0.216705 -0.214299 -0.952426
vn -0.219083 0.821233 0.526858
vn 0.001924 -0.000273 0.999998
vn 0.002238 -0.000273 0.999997
vn -0.001026 -0.398819 -0.917029
vn -0.001638 -0.399138 -0.916890
vn 0.002396 0.000000 0.999997
vn 0.002238 0.000273 0.999997
vn -0.706332 -0.500000 0.501095
vn -0.810097 -0.554165 0.191424
vn -0.809534 -0.190169 0.555420
vn -0.191085 0.810379 -0.553871
vn -0.215562 0.952760 -0.213966
vn -0.811250 -0.190169 -0.552910
vn 0.001638 0.398820 0.917028
vn 0.001645 0.398652 0.917101
vn -0.001026 0.398819 -0.917029
vn -0.001638 0.399138 -0.916889
vn -0.555420 0.190169 -0.809534
vn 0.001924 0.000273 0.999998
vn -0.501094 -0.500000 -0.706332
vn 0.001638 -0.398820 0.917028
vn 0.001645 -0.398652 0.917101
vn -0.945580 0.223025 0.236935
vn 0.001766 0.000001 0.999998
vn -0.244105 0.002683 -0.969745
vn -0.246368 0.001377 -0.969175
vn -0.946398 0.222788 -0.233874
vn -0.945722 0.230111 -0.229476
vn -0.944976 0.237418 -0.225061
vn -0.000421 0.398668 -0.917095
vn 0.000677 0.899517 0.436884
vn -0.811250 0.190169 -0.552910
vn -0.810686 -0.554165 -0.188914
vn -0.707880 -0.500000 -0.498904
vn 0.001923 -0.000272 0.999998
vn 0.002237 -0.000272 0.999998
vn 0.002394 0.000000 0.999997
vn 0.000175 0.899519 0.436882
vn 0.002237 0.000272 0.999998
vn 0.001923 0.000272 0.999998
vn 0.001766 -0.000000 0.999998
vn -0.188972 0.554166 0.810672
vn -0.553870 0.810393 0.191027
vn -0.498904 0.500000 0.707880
vn -0.217905 0.816883 0.534060
vn 0.978544 -0.188111 -0.084066
vn 0.979762 -0.140779 -0.142296
vn -0.597084 0.598063 0.534613
vn -0.597084 0.598063 0.534613
vn -0.816040 0.218920 0.534932
vn -0.816040 0.218920 0.534932
vn -0.213754 0.214299 0.953092
vn -0.816040 -0.218920 0.534932
vn -0.816040 -0.218920 0.534932
vn -0.597084 -0.598063 0.534613
vn -0.597084 -0.598063 0.534613
vn -0.217905 -0.816883 0.534060
vn 0.000421 -0.399291 0.916824
vn 0.001026 -0.399139 0.916890
vn -0.189369 0.810378 0.554460
vn 0.219834 -0.816783 0.533422
vn 0.598840 -0.597863 0.532870
vn 0.598840 -0.597863 0.532870
vn -0.213754 -0.214299 0.953092
vn 0.817623 -0.218820 0.532551
vn 0.817623 -0.218820 0.532551
vn -0.944275 -0.237418 0.227987
vn -0.552910 -0.190169 0.811250
vn 0.817623 0.218820 0.532551
vn 0.817623 0.218820 0.532551
vn -0.965925 0.258819 0.001264
vn -0.000421 -0.398668 -0.917095
vn 0.977741 -0.000000 0.209815
vn 0.978963 -0.082551 0.186595
vn -0.707880 0.500000 -0.498904
vn 0.598840 0.597863 0.532870
vn 0.598840 0.597863 0.532870
vn -0.809534 0.190169 0.555420
vn 0.000677 -0.899517 0.436884
vn 0.000677 -0.899517 0.436884
vn -0.188972 -0.554166 0.810672
vn 0.219834 0.816783 0.533422
vn -0.499225 0.707107 0.500774
vn -0.000677 -0.899517 -0.436884
vn -0.000677 -0.899517 -0.436884
vn -0.554459 0.810393 -0.189311
vn -0.000175 -0.899516 -0.436888
vn -0.000426 -0.899517 -0.436886
vn -0.552910 0.190169 0.811250
vn 0.817623 0.218820 0.532551
vn 0.817623 -0.218820 0.532551
vn -0.001645 -0.399305 -0.916817
vn 0.598840 -0.597863 0.532870
vn 0.000421 0.399291 0.916824
vn 0.001026 0.399139 0.916890
vn -0.000426 0.899517 -0.436886
vn -0.000677 0.899517 -0.436884
vn -0.001645 0.399305 -0.916817
vn 0.219834 -0.816783 0.533422
vn -0.217905 -0.816883 0.534060
vn -0.216705 0.214299 -0.952426
vn -0.000175 0.899516 -0.436888
vn -0.191482 0.554166 -0.810083
vn 0.978380 0.082550 -0.189626
vn 0.979762 0.140779 -0.142296
vn -0.946398 -0.222788 -0.233874
vn 0.977086 -0.000000 -0.212843
vn -0.816040 -0.218920 0.534932
vn -0.816040 0.218920 0.534932
vn 0.978380 -0.082551 -0.189626
vn 0.700951 0.700707 0.132955
vn 0.696489 0.696169 0.173931
vn -0.498904 -0.500000 0.707880
vn -0.965925 -0.258819 0.001264
vn 0.956120 -0.256121 0.142257
vn 0.950455 -0.254586 0.178384
vn -0.707106 -0.707107 0.000925
vn 0.699062 -0.698783 0.151704
vn 0.704434 -0.704271 0.088177
vn 0.000175 -0.899519 0.436882
vn 0.000426 -0.899518 0.436883
vn -0.500774 0.707107 -0.499225
vn 0.978544 0.188111 -0.084066
vn -0.000677 0.899517 -0.436884
vn -0.500774 -0.707107 -0.499225
vn -0.217905 0.816883 0.534060
vn -0.499225 -0.707107 0.500774
vn 0.219834 0.816783 0.533422
vn 0.977414 0.211329 -0.001514
vn 0.978799 0.188111 0.081035
vn -0.214898 0.952760 0.214632
vn -0.258824 0.965877 -0.009586
vn 0.256374 0.955814 0.143845
vn 0.258275 0.963404 0.071740
vn 0.003940 -0.970807 -0.239829
vn 0.953752 0.255479 0.158389
vn 0.949019 0.254197 0.186406
vn -0.141307 0.247789 0.958453
vn 0.001753 0.286103 0.958197
vn -0.191085 -0.810378 -0.553871
vn -0.215562 -0.952760 -0.213966
vn -0.196521 0.737843 0.645730
vn 0.144795 0.247756 0.957941
vn -0.810097 0.554166 0.191424
vn 0.198861 0.737745 0.645126
vn 0.249496 0.143035 0.957754
vn -0.214898 -0.952760 0.214632
vn 0.541186 0.540004 0.644603
vn 0.287817 0.000000 0.957685
vn 0.738792 0.197642 0.644301
vn 0.249496 -0.143035 0.957754
vn 0.738792 -0.197642 0.644301
vn 0.144795 -0.247756 0.957941
vn -0.191482 -0.554166 -0.810083
vn 0.980198 0.140779 0.139261
vn -0.501094 0.500000 -0.706332
vn -0.553870 -0.810393 0.191027
vn -0.554459 -0.810393 -0.189311
vn -0.189369 -0.810378 0.554460
vn 0.541186 -0.540004 0.644603
vn 0.253124 -0.943197 0.215193
vn 0.978963 0.082550 0.186595
vn 0.198861 -0.737745 0.645126
vn -0.252348 -0.943251 0.215866
vn -0.196521 -0.737843 0.645729
vn -0.690146 -0.690542 0.216450
vn -0.706332 0.500000 0.501094
vn -0.242083 -0.071165 -0.967642
vn -0.223344 -0.104303 -0.969143
vn -0.000438 0.002119 -0.999998
vn -0.000073 0.002070 -0.999998
vn -0.000207 0.002357 -0.999997
vn -0.000687 0.002287 -0.999997
vn -0.977437 -0.211220 -0.001538
vn -0.977438 -0.211220 -0.001230
vn -0.971542 -0.236861 0.001710
vn -0.977437 -0.211220 -0.001538
vn -0.977437 -0.211220 -0.001538
vn -0.977438 -0.211220 -0.001231
vn -0.977437 -0.211220 -0.001538
vn -0.977438 -0.211221 -0.001230
vn -0.977437 -0.211220 -0.001538
vn -0.977438 -0.211221 -0.001230
vn -0.977438 -0.211222 0.000000
vn -0.977438 -0.211221 0.000000
vn 0.001653 0.000220 -0.999999
vn 0.001851 0.000291 -0.999998
vn 0.877688 0.246436 -0.411014
vn 0.890834 0.192255 -0.411647
vn 0.888317 0.459232 0.000000
vn 0.888125 0.459132 -0.020778
vn -0.977439 -0.211220 0.000000
vn 0.883057 0.376080 -0.280668
vn 0.901210 0.137477 -0.411000
vn 0.382827 -0.922977 -0.039467
vn 0.372614 -0.926099 -0.059154
vn 0.330319 -0.943289 -0.033093
vn -0.003786 -0.999993 -0.000000
vn -0.000001 -1.000000 -0.000000
vn 0.000012 -1.000000 0.000007
vn 0.000005 -1.000000 0.000012
vn 0.000003 -1.000000 0.000000
vn 0.000007 -1.000000 0.000000
vn 0.001459 0.000131 -0.999999
vn 0.999548 0.030071 0.000000
vn 0.995666 0.093004 0.000000
vn 0.956444 0.291916 0.000000
vn 0.958050 0.286600 0.001007
vn 0.956481 0.291792 0.000796
vn 0.968587 -0.248677 -0.000000
vn -0.257424 0.966299 -0.000000
vn 0.257142 -0.966374 0.000000
vn 0.080129 0.996782 -0.002144
vn 0.080129 0.996785 0.000000
vn 0.010876 0.999941 0.000000
vn 0.010876 0.999939 -0.001717
vn -0.959714 -0.280711 -0.012302
vn -0.960615 -0.277690 -0.010401
vn -0.959385 -0.281981 -0.008196
vn 0.001173 -0.000033 -0.999999
vn 0.001228 -0.000256 -0.999999
vn 0.960445 0.278465 0.001835
vn 0.958069 0.286531 0.002014
vn 0.960160 0.279449 0.001226
vn 0.001417 -0.000149 -0.999999
vn 0.001270 -0.000260 -0.999999
vn -0.827418 -0.561585 -0.001265
vn 0.533787 0.845619 0.000827
vn 0.829349 0.558730 0.001284
vn -0.508131 -0.861279 -0.000776
vn -0.880277 -0.251225 0.402491
vn 0.243299 -0.969951 0.000000
vn 0.243299 -0.969951 0.000000
vn -0.981722 0.190319 0.000000
vn -0.981722 0.190319 -0.000000
vn 0.907070 -0.420981 -0.000000
vn 0.907070 -0.420981 0.000064
vn 0.890384 -0.000269 0.455210
vn 0.906193 0.422865 0.000022
vn 0.906193 0.422865 -0.000000
vn -0.999985 -0.005546 -0.000000
vn -0.999975 -0.003311 0.006206
vn 0.668524 0.190493 0.718880
vn 0.531290 0.847190 -0.000031
vn 0.531290 0.847190 0.000000
vn -0.001285 0.000162 0.999999
vn -0.829391 0.558669 0.000056
vn -0.829391 0.558669 0.000000
vn -0.801952 0.000228 0.597389
vn -0.830576 -0.556905 0.000000
vn -0.830576 -0.556905 0.000059
vn 0.828783 -0.559570 0.000000
vn 0.828783 -0.559570 -0.000038
vn 0.000700 1.000000 0.000000
vn 0.000700 1.000000 -0.000000
vn 0.235047 -0.971984 -0.000000
vn 0.235047 -0.971984 0.000000
vn -0.240618 0.970620 0.000000
vn -0.240618 0.970620 -0.000000
vn 0.001023 -1.000000 -0.000000
vn 0.001023 -1.000000 0.000000
vn -0.500439 -0.865772 0.000000
vn -0.500439 -0.865772 0.000000
vn 0.682368 -0.731009 -0.000000
vn 0.654715 -0.755876 -0.000000
vn 0.961793 0.273778 0.000855
vn 0.960565 0.278055 0.000400
vn 0.961587 0.274500 0.000648
vn 0.961743 0.273953 0.000537
vn 0.001960 0.000126 -0.999998
vn 0.001848 0.000050 -0.999998
vn -0.007572 -0.999971 -0.000000
vn -0.500000 -0.866025 -0.000000
vn 0.001810 0.000069 -0.999998
vn 0.000963 0.000950 -0.999999
vn 0.001746 -0.000003 -0.999999
vn 0.961643 0.274303 0.000000
vn 0.961634 0.274337 0.000109
vn -0.289519 0.957172 0.000000
vn -0.289519 0.957172 -0.000000
vn 0.959858 0.280488 0.000000
vn 0.961211 0.275814 0.000000
vn -0.685178 0.728375 0.000000
vn -0.699100 0.714954 0.009993
vn 0.000000 -1.000000 0.000000
vn -0.714417 -0.699720 -0.000000
vn -0.714417 -0.699720 0.000000
vn -0.955988 -0.293405 0.000000
vn -0.955988 -0.293405 -0.000000
vn 0.000000 0.000000 1.000000
vn 0.000000 1.000000 0.000000
vn 0.000000 1.000000 -0.000000
vn 0.828875 0.559434 0.000000
vn 0.828875 0.559434 -0.000047
vn -0.823481 -0.567344 0.000000
vn -0.823481 -0.567344 0.000000
vn 0.522985 0.852342 -0.000000
vn 0.522985 0.852342 0.000000
vn -0.806111 0.591765 -0.000000
vn -0.806111 0.591765 0.000000
vn 0.823979 -0.566621 0.000000
vn 0.823979 -0.566621 0.000000
vn -0.999981 -0.000538 0.006206
vn 0.958481 0.285155 -0.000097
vn 0.958481 0.285155 0.000000
vn -0.958797 -0.284094 0.000000
vn -0.958797 -0.284094 0.000000
vn 0.999992 0.004128 0.000000
vn 0.999985 0.005504 0.000000
vn -0.955668 -0.294436 -0.002260
vn -0.955779 -0.294052 -0.004539
vn -0.957314 -0.288898 -0.009371
vn -0.957232 -0.289285 -0.004676
vn 0.809332 -0.587351 0.000518
vn 0.001145 0.000209 -0.999999
vn 0.001138 0.000203 -0.999999
vn 0.001001 0.000119 -1.000000
vn 0.001353 0.000351 -0.999999
vn -0.816859 0.576837 -0.000532
vn 0.249504 -0.968374 0.000794
vn 0.961288 0.275543 0.001241
vn 0.001576 0.000216 -0.999999
vn -0.251823 0.967773 -0.000819
vn 0.003782 -0.999993 0.000295
vn 0.000852 -0.000004 -1.000000
vn -1.000000 0.000000 -0.000000
vn -0.999987 0.005206 -0.000000
vn 0.000866 1.000000 -0.000296
vn 0.287332 -0.957831 0.000000
vn 0.287332 -0.957831 0.000000
vn -0.242464 0.970160 -0.000000
vn -0.242464 0.970160 0.000000
vn 0.001576 -0.000079 -0.999999
vn 0.961741 0.273962 -0.000000
vn 0.961741 0.273962 0.000000
vn 0.001453 -0.000866 -0.999999
vn 0.000000 -1.000000 -0.000000
vn 0.000000 -1.000000 0.000000
vn -0.000000 1.000000 -0.000000
vn -0.000000 1.000000 0.000000
vn 0.999996 0.002788 0.000000
vn 0.999992 0.002788 0.002843
vn -0.961754 -0.273915 0.000000
vn -0.961754 -0.273915 0.000000
vn -0.270311 -0.269449 -0.924299
vn -0.270311 -0.269449 -0.924299
vn 0.654717 0.648896 -0.387660
vn 0.654980 0.649157 -0.386776
vn 0.273172 0.269449 -0.923458
vn 0.273172 0.269450 -0.923458
vn -0.654116 -0.648896 -0.388673
vn -0.654381 -0.649157 -0.387790
vn -0.653851 -0.648633 -0.389556
vn 0.103900 -0.579245 -0.808505
vn 0.579607 -0.107551 -0.807768
vn 0.914926 0.225744 -0.334589
vn 0.704105 -0.710096 0.001090
vn 0.704106 -0.710094 0.001096
vn 0.704104 -0.710097 0.001095
vn 0.339830 -0.706954 -0.620268
vn 0.705019 -0.344845 -0.619702
vn 0.655557 0.649731 -0.384830
vn 0.962347 -0.089148 -0.256790
vn 0.273172 0.269449 -0.923458
vn -0.233405 -0.912662 -0.335515
vn 0.080977 -0.962869 -0.257539
vn 0.704103 -0.710098 -0.000000
vn 0.704109 -0.710092 -0.000000
vn 0.654453 0.648633 -0.388543
vn -0.270311 -0.269449 0.924299
vn -0.654960 -0.649731 0.385845
vn -0.270311 -0.269449 0.924299
vn -0.270311 -0.269449 0.924299
vn 0.654717 0.648896 0.387660
vn 0.654980 0.649157 0.386776
vn 0.273172 0.269449 0.923458
vn 0.273172 0.269450 0.923458
vn -0.654116 -0.648896 0.388673
vn -0.654381 -0.649157 0.387790
vn -0.653851 -0.648633 0.389556
vn 0.103900 -0.579245 0.808505
vn 0.579607 -0.107551 0.807768
vn 0.914926 0.225744 0.334589
vn 0.704105 -0.710096 -0.001090
vn 0.704106 -0.710094 -0.001096
vn 0.704104 -0.710097 -0.001095
vn 0.339830 -0.706954 0.620268
vn 0.705019 -0.344845 0.619702
vn 0.655557 0.649731 0.384831
vn 0.962347 -0.089148 0.256790
vn 0.273172 0.269449 0.923458
vn -0.233405 -0.912662 0.335515
vn 0.080977 -0.962869 0.257539
vn 0.000000 -0.000000 -1.000000
vn -0.000000 -0.000000 -1.000000
vn 0.654453 0.648633 0.388543
vn 0.000000 0.000000 -1.000000
vn -0.000000 0.000000 -1.000000
vn -0.000000 0.000000 -1.000000
vn -0.000000 0.000000 1.000000
vn -0.000000 0.000000 1.000000
vn -0.000000 0.000000 1.000000
vn 0.000000 0.000000 1.000000
vn 0.655586 0.650350 -0.383734
vn 0.655594 0.650357 -0.383708
vn 0.704105 -0.710095 -0.001091
vn 0.704105 -0.710095 -0.000000
vn 0.957903 0.287091 0.000000
vn 0.957903 0.287091 0.000000
vn -0.704105 0.710095 0.001090
vn -0.704105 0.710095 0.001090
vn -0.704105 0.710095 0.001090
vn 0.957903 0.287091 -0.000000
vn 0.704106 -0.710095 0.000000
vn 0.704105 -0.710095 -0.001092
vn 0.956576 0.291483 0.000000
vn 0.957309 0.289068 0.000000
vn 0.958007 0.286745 -0.000118
vn 0.656221 0.650391 0.382578
vn -0.270311 -0.269449 0.924299
vn 0.958354 0.285583 -0.000176
vn 0.956207 0.292690 -0.000176
vn -0.704106 0.710095 0.000000
vn -0.704106 0.710095 0.000000
vn -0.072797 0.226806 0.971216
vn -0.142870 0.185955 0.972116
vn -0.408069 0.544032 0.733150
vn -0.152031 0.201882 0.967538
vn -0.076261 0.228037 0.970661
vn -0.425373 0.564852 0.707107
vn 0.270311 0.269450 -0.924299
vn -0.656180 -0.650350 -0.382718
vn -0.656187 -0.650357 -0.382693
vn -0.983371 -0.181609 -0.000000
vn -0.983371 -0.181609 -0.000000
vn -0.965667 0.259782 -0.000000
vn -0.965667 0.259782 -0.000000
vn -0.891223 -0.376605 0.252766
vn -0.651324 -0.275230 0.707124
vn -0.000000 0.252725 0.967538
vn -0.704125 0.710076 -0.000000
vn -0.703101 0.709016 -0.054262
vn -0.670987 0.740180 -0.043715
vn -0.663765 0.747942 -0.000000
vn -0.742311 0.670056 -0.000000
vn -0.734514 0.677188 -0.043651
vn -0.704105 0.710095 0.000000
vn -0.704105 0.710095 0.001090
vn -0.000000 0.707107 0.707107
vn -0.704105 0.710096 0.001090
vn -0.704105 0.710095 0.001092
vn -0.704105 0.710095 0.001092
vn -0.704106 0.710095 0.000000
vn -0.704106 0.710095 0.000000
vn -0.002245 0.266164 0.963925
vn -0.002676 0.727092 0.686535
vn -0.302787 0.081451 0.949571
vn -0.956099 -0.213501 0.200728
vn 0.270311 0.269449 -0.924299
vn -0.273172 -0.269450 -0.923458
vn -0.273172 -0.269449 -0.923458
vn -0.656195 -0.650365 -0.382667
vn 0.704105 -0.710096 -0.001091
vn 0.655601 0.650365 -0.383683
vn -0.672961 0.738533 -0.041143
vn -0.659704 0.751526 -0.000000
vn -0.702900 0.708785 -0.059629
vn -0.732853 0.679146 -0.041075
vn -0.745911 0.666045 -0.000000
vn -0.719947 0.664379 0.200690
vn -0.593945 0.448656 0.667785
vn -0.655628 -0.650391 0.383594
vn -0.738862 -0.090125 0.667802
vn -0.704105 0.710095 0.001092
vn -0.704106 0.710095 0.000000
vn -0.941817 0.253362 0.220880
vn -0.571931 0.774480 0.270325
vn -0.582040 0.772891 0.252725
vn 0.001549 0.000000 -0.999999
vn 0.001549 0.000000 -0.999999
vn 0.000006 1.000000 -0.000003
vn 0.000003 1.000000 -0.000002
vn -0.053218 -0.000215 0.998583
vn -0.000003 -1.000000 -0.000014
vn -0.000005 -1.000000 -0.000019
vn 0.000006 -1.000000 -0.000017
vn 0.000005 -1.000000 -0.000012
vn -0.000000 1.000000 0.000000
vn 0.000000 -1.000000 0.000000
vn 0.000012 -1.000000 -0.000007
vn 0.999968 0.007994 -0.001070
vn 0.999913 0.013188 -0.000725
vn 0.999954 0.009619 0.000000
vn 0.999994 0.003612 -0.000000
vn 0.000000 1.000000 0.000000
vn 0.000000 1.000000 0.000000
vn -0.303745 0.952753 0.000411
vn -0.303745 0.952753 0.000468
vn -0.666174 0.745793 -0.002372
vn -0.673245 0.739419 0.000000
vn 0.000000 1.000000 0.000000
vn 0.000000 1.000000 0.000000
vn 0.976485 0.215580 -0.001417
vn 0.972765 0.231792 -0.001364
vn 0.972729 0.231945 -0.000000
vn 0.976418 0.215887 0.000000
vn 0.968775 0.247939 -0.001310
vn 0.968776 0.247939 0.000000
vn 0.968775 0.247939 -0.001310
vn 0.968775 0.247939 -0.001310
vn 0.968776 0.247939 0.000000
vn 0.967717 0.252036 -0.001307
vn 0.967717 0.252038 -0.000000
vn 0.966642 0.256128 -0.001304
vn 0.966642 0.256132 -0.000000
vn -0.000000 1.000000 0.000000
vn -0.000000 1.000000 0.000000
vn -0.000000 1.000000 0.000000
vn -0.000000 1.000000 0.000000
vn -0.000000 1.000000 0.000000
vn -0.000000 1.000000 0.000000
vn -0.000000 1.000000 0.000000
vn -0.000000 1.000000 0.000000
vn -0.190415 0.981704 0.000249
vn -0.190410 0.981705 0.000284
vn -0.999999 0.000081 0.001343
vn -1.000000 0.000111 0.000000
vn -0.181525 -0.983386 0.000240
vn -0.181525 -0.983386 0.000000
vn -0.999999 0.000000 0.001320
vn -0.999999 0.000000 0.001542
vn -0.779946 0.625846 0.001030
vn -0.779946 0.625846 0.001202
vn -0.999999 0.000000 0.001320
vn -1.000000 0.000000 0.000000
vn -0.072410 -0.997375 0.000096
vn -0.072410 -0.997375 0.000000
vn -0.999999 0.000000 0.001320
vn -1.000000 0.000000 0.000000
vn -0.755006 0.655717 0.000997
vn -0.755006 0.655717 0.001164
vn -0.999999 0.000000 0.001320
vn -0.999999 0.000000 0.001566
vn -0.999999 0.000000 0.001566
vn -0.164999 -0.986294 0.000218
vn -0.164999 -0.986294 0.000000
vn -0.999999 0.000000 0.001320
vn -1.000000 0.000000 0.000000
vn -0.759694 0.650280 0.001003
vn -0.759694 0.650280 0.000000
vn -0.999999 -0.000159 0.001455
vn -0.999999 -0.000024 0.001339
vn -0.999999 -0.000003 0.001567
vn -0.999999 -0.000198 0.001702
vn -0.999999 -0.000293 0.001571
vn -1.000000 -0.000000 0.000000
vn -1.000000 -0.000020 0.000000
vn -0.999889 0.000003 -0.014926
vn -0.999555 0.000005 -0.029848
vn -0.001771 0.811579 0.584240
vn -0.247584 0.778878 0.576240
vn -0.708833 0.000907 0.705376
vn -0.711391 0.000850 0.702796
vn -0.000572 -0.797388 0.603466
vn -0.699290 -0.002219 0.714835
vn 0.690297 0.166384 0.704135
vn -0.000126 -0.707382 0.706832
vn -0.565348 0.073037 0.821613
vn 0.248731 -0.777999 0.576932
vn 0.573380 -0.574179 0.584426
vn 0.539504 -0.589526 0.601161
vn -0.509106 0.572227 0.642937
vn -0.069428 0.718274 0.692287
vn -0.000758 0.727895 0.685688
vn 0.709451 -0.704743 0.004145
vn -1.000000 0.000000 0.000080
vn -1.000000 0.000000 0.000075
vn -1.000000 -0.000000 0.000080
vn -0.000000 -1.000000 -0.000000
vn 0.714428 -0.000000 0.699709
vn 0.714428 -0.000000 0.699709
vn -1.000000 0.000000 0.000080
vn -1.000000 0.000000 0.000075
vn -1.000000 -0.000000 0.000080
vn -0.700165 0.000000 0.713981
vn -0.700165 0.000000 0.713981
vn 0.703405 0.710789 0.000000
vn 0.705111 0.709097 -0.000411
vn 0.714428 -0.000000 0.699709
vn 0.715476 0.000138 0.698637
vn -1.000000 0.000000 0.000080
vn 0.000313 -0.000000 -1.000000
vn 0.705111 -0.709097 -0.000411
vn 0.706813 -0.707400 -0.000542
vn -0.000287 -1.000000 0.000000
vn -0.000405 -1.000000 0.000001
vn -0.709044 -0.705164 0.000434
vn -0.707417 -0.706796 0.000571
vn -1.000000 -0.000002 0.000079
vn -0.711603 0.702582 0.000634
vn -0.710166 0.704034 0.000834
vn -0.700166 -0.000001 0.713980
vn -0.000004 1.000000 0.000628
vn 0.000119 -0.000000 1.000000
vn 0.999913 0.013156 0.001219
vn -0.570122 0.580489 0.581372
vn -0.708100 0.706105 -0.003195
vn 0.623846 0.766557 -0.152337
vn 0.614108 0.785495 -0.076604
vn 0.568381 0.018618 0.822555
vn 0.704140 -0.063385 -0.707227
vn 0.551723 0.696921 0.458151
vn 1.000000 0.000029 0.000958
vn -0.713037 0.701127 0.000000
vn -0.000589 1.000000 0.000045
vn -0.000348 1.000000 0.000000
vn -0.708100 -0.706105 -0.003195
vn 0.703405 -0.710789 0.000000
vn -0.000170 -1.000000 0.000000
vn -0.710668 -0.703528 0.000000
vn 0.001006 0.000000 1.000000
vn 0.001006 0.000000 1.000000
vn -1.000000 -0.000001 0.000000
vn -1.000000 -0.000001 0.000041
vn 0.711649 0.000290 -0.702535
vn 0.716524 0.000276 0.697563
vn 0.001124 -0.999999 0.000206
vn -0.700087 -0.000065 0.714058
vn -0.700167 -0.000001 0.713980
vn 0.585058 0.573910 0.573005
vn -0.702671 0.711514 0.000592
vn -0.704793 0.000099 -0.709413
vn 0.000000 0.707107 -0.707107
vn 0.709616 -0.000099 -0.704589
vn 0.711827 0.702354 -0.000572
vn 0.714428 -0.000000 0.699709
vn 0.705596 -0.708614 -0.000448
vn 0.705597 -0.708614 0.000000
vn 0.705597 0.708614 0.000000
vn 0.705597 0.708614 -0.000448
vn 0.000712 0.707107 0.707106
vn -0.000119 0.000000 -1.000000
vn 0.042545 0.798994 -0.599833
vn 0.043231 0.800824 0.597337
vn 0.000004 -1.000000 -0.000000
vn 0.706813 0.707400 -0.000542
vn -0.709154 -0.705054 0.000000
vn -0.709153 -0.705054 0.000474
vn -0.000830 1.000000 0.000059
vn 0.011928 -0.724789 0.688868
vn 0.000463 -0.000002 -1.000000
vn -0.000313 1.000000 0.000000
vn -0.000313 1.000000 0.000000
vn -0.703981 -0.000002 -0.710218
vn -0.000254 -1.000000 -0.000004
vn -0.000254 -1.000000 0.000000
vn 0.001007 -0.000000 1.000000
vn 0.010116 0.005764 0.999932
vn 0.706272 0.707933 0.003348
vn 0.001006 0.000000 1.000000
vn 0.000312 0.000000 -1.000000
vn 0.009435 -0.009115 -0.999914
vn 0.709503 -0.000000 -0.704702
vn -0.708562 0.705648 0.000473
vn -0.708562 0.705648 0.000000
vn -1.000000 0.000000 0.000080
vn 0.001006 0.000000 1.000000
vn -1.000000 0.000000 0.000000
vn 0.000000 1.000000 0.000000
vn 0.600570 0.799572 -0.000397
vn 0.019224 0.011527 0.999749
vn 0.018555 -0.018228 -0.999662
vn -0.700007 -0.000129 0.714136
vn 0.043890 0.999036 -0.000005
vn 0.012257 -0.721198 -0.692621
vn 0.580264 0.575888 -0.575888
vn -0.574664 0.578689 -0.578689
vn 0.000548 1.000000 0.000003
vn -0.704637 -0.000145 -0.709568
vn -0.725401 0.000780 0.688327
vn -0.722089 0.000787 0.691800
vn 0.734374 0.188826 0.651951
vn 0.737643 0.189820 0.647959
vn 0.731222 0.188073 0.655701
vn 0.553201 -0.410524 0.724871
vn 0.559077 -0.442293 0.701291
vn -0.718825 0.000795 0.695191
vn 0.387708 -0.367319 0.845434
vn -0.731920 0.000750 0.681390
vn 0.133798 -0.496669 0.857566
vn 0.000107 -0.701126 0.713037
vn -0.715568 0.000793 0.698542
vn -0.000499 0.736531 0.676404
vn -0.000527 0.734043 0.679102
vn 0.725034 0.189727 0.662064
vn 0.720453 0.191741 0.666471
vn 0.618950 -0.502253 0.603857
vn -0.488929 -0.569105 0.661111
vn -0.137568 0.708926 0.691736
vn -0.471670 -0.396339 0.787682
vn -0.538146 -0.373651 0.755502
vn 0.728085 -0.222992 0.648203
vn -0.157111 -0.538396 0.827916
vn 0.564058 -0.473355 0.676590
vn -0.674265 -0.371625 0.638171
vn 0.586033 0.062452 0.807877
vn -0.965492 0.004938 -0.260387
vn -0.967112 0.000014 -0.254352
vn -0.001123 0.814065 0.580772
vn 0.606302 -0.557878 0.566719
vn -0.001657 0.002267 -0.999996
vn -0.001634 0.002282 -0.999996
vn -0.001651 0.002269 -0.999996
vn -0.698801 0.003311 -0.715308
vn -0.706916 0.000048 -0.707297
vn -0.501182 0.002157 -0.865339
vn -0.491388 0.004231 -0.870930
vn 0.767850 0.015421 0.640444
vn 0.745565 0.164317 0.645858
vn 0.742545 0.177388 0.645879
vn -0.402378 -0.416661 0.815160
vn 0.000013 -1.000000 -0.000003
vn 0.000007 -1.000000 0.000000
vn -0.000000 1.000000 0.000000
vn -0.000000 1.000000 0.000000
vn -0.001724 0.001832 0.999997
vn -0.002005 0.001688 0.999997
vn -0.001651 0.002269 0.999996
vn 0.000000 -0.000000 1.000000
vn 0.000000 -0.000000 1.000000
vn -0.999999 -0.000000 0.001578
vn -0.999999 0.000000 0.001578
vn -0.999999 0.000000 0.001566
vn -0.999999 0.000031 0.001568
vn -0.999999 0.000022 0.001577
vn 0.972801 0.231638 -0.001555
vn 0.976553 0.215273 -0.001617
vn 0.968774 0.247939 -0.001493
vn -0.000166 0.781828 0.623495
vn -0.999999 0.000007 0.001729
vn 0.000005 -0.999943 -0.010640
vn -0.999999 0.000047 0.001563
vn 0.000027 -0.995488 -0.094888
vn 0.000002 -1.000000 -0.000128
vn -0.001514 0.001413 0.999998
vn -0.001649 0.001406 0.999998
vn 0.385350 -0.922771 -0.000223
vn 0.385350 -0.922771 0.000000
vn 0.001575 -0.000030 0.999999
vn 0.001597 -0.000067 0.999999
vn 0.000000 1.000000 0.000000
vn 0.001551 -0.000022 0.999999
vn 0.982854 -0.184388 -0.000512
vn 0.991274 -0.131815 -0.000000
vn 0.991499 -0.130114 -0.000766
vn -0.181525 -0.983386 0.000280
vn 0.971997 0.234986 -0.001828
vn 0.971998 0.234989 0.000000
vn 0.966643 0.256124 -0.001487
vn 0.967717 0.252034 -0.001490
vn -0.001145 0.001479 0.999998
vn 0.001121 0.000000 0.999999
vn -0.001549 -0.000000 -0.999999
vn -1.000000 0.000000 0.000000
vn -0.999999 0.000000 0.001578
vn -0.999999 0.000000 0.001566
vn -0.999999 0.000000 0.001578
vn -0.000190 0.699521 0.714612
vn -0.072410 -0.997375 0.000112
vn -0.759693 0.650281 0.001171
vn -0.999999 0.000000 0.001578
vn 0.999998 -0.000008 -0.001803
vn 0.702729 -0.711458 -0.000801
vn 0.731080 -0.682292 -0.000563
vn -0.999999 0.000000 0.001542
vn 0.673215 -0.739446 -0.001037
vn -0.001693 0.002225 0.999996
vn -0.001579 0.002089 0.999997
vn -0.001651 0.002269 0.999996
vn -0.001625 0.002269 0.999996
vn -0.001660 0.002269 0.999996
vn -0.001660 0.002269 0.999996
vn -0.001624 0.002269 0.999996
vn 0.991720 -0.128413 -0.000960
vn 0.977579 -0.210569 -0.000482
vn -0.001660 0.002269 0.999996
vn -0.303745 0.952754 0.000000
vn -0.001698 0.002269 0.999996
vn -0.001698 0.002269 0.999996
vn 0.999998 -0.000007 -0.002003
vn 0.003867 -0.001690 0.999991
vn 0.001218 -0.001655 0.999998
vn -0.001549 -0.000000 -0.999999
vn -0.659045 0.752102 0.001264
vn 0.007782 -0.003774 0.999963
vn -0.001874 -0.003426 0.999992
vn 0.003977 -0.007946 0.999961
vn -0.000000 -1.000000 -0.000000
vn -0.000000 -1.000000 -0.000000
vn -0.000000 -1.000000 0.000000
vn -0.000000 -1.000000 0.000000
vn -0.001232 -0.999999 0.000001
vn 0.000053 -0.001518 0.999999
vn -0.001651 0.002269 0.999996
vn -0.000000 1.000000 0.000000
vn -0.000000 1.000000 0.000000
vn -0.000000 1.000000 0.000000
vn -0.000000 1.000000 0.000000
vn -0.000000 1.000000 0.000000
vn -0.842901 0.001241 0.538067
vn 0.000000 0.000000 -1.000000
vn -0.000034 1.000000 0.000168
vn -0.000017 1.000000 0.000084
vn 0.000000 1.000000 0.000000
vn 0.000000 1.000000 0.000000
vn 0.000000 0.000000 -1.000000
vn -0.000034 1.000000 0.000168
vn -0.000017 1.000000 0.000084
vn 0.002132 0.000000 0.999998
vn 0.000000 1.000000 0.000000
vn 0.000000 -0.000000 1.000000
vn -0.000000 -1.000000 -0.000000
vn 0.000000 1.000000 0.000000
vn -0.000017 -1.000000 0.000084
vn -0.000034 -1.000000 0.000168
vn 0.001452 0.000000 0.999999
vn -0.000012 -1.000000 0.000040
vn 0.000000 -0.000000 1.000000
vn -0.000017 -1.000000 0.000084
vn -0.000034 -1.000000 0.000168
vn 0.001415 0.000008 0.999999
vn 0.000000 1.000000 0.000000
vn 0.000000 1.000000 0.000000
vn 0.000000 1.000000 0.000000
vn -0.000018 -1.000000 0.000060
vn -0.000036 -1.000000 0.000121
vn 0.000000 -1.000000 -0.000000
vn 0.000000 -1.000000 -0.000000
vn 0.196629 -0.980426 -0.010083
vn 0.196639 -0.980476 -0.000000
vn -0.000000 1.000000 0.000000
vn -0.000000 1.000000 0.000000
vn -0.000000 -1.000000 -0.000000
vn -0.000000 -1.000000 0.000000
vn -0.000000 -1.000000 -0.000000
vn 0.001452 0.000000 0.999999
vn 0.577932 -0.577932 0.576185
vn 0.577932 0.577932 0.576185
vn 0.577350 0.577350 0.577350
vn 0.577350 -0.577350 0.577350
vn 0.707107 -0.707107 0.000000
vn 0.707107 -0.707107 -0.000000
vn 0.707107 0.707107 0.000000
vn 0.707107 0.707107 0.000000
vn -0.621288 -0.677475 0.393736
vn -0.621496 0.678469 0.391691
vn -0.700082 0.714063 0.000387
vn -0.700082 0.714063 0.000000
vn -0.000150 -1.000000 0.000001
vn -0.000155 -1.000000 0.000001
vn -0.000153 -1.000000 0.000001
vn -0.000150 -1.000000 0.000001
vn -0.699883 -0.714257 0.000000
vn -0.699883 -0.714257 0.000414
vn 0.707107 0.000000 -0.707107
vn 0.707107 0.000000 -0.707107
vn 0.707107 0.000000 -0.707107
vn 0.707468 0.000000 0.706746
vn 0.707315 0.706898 0.000111
vn 0.000658 0.701289 0.712877
vn 0.707107 0.707107 0.000000
vn -0.700870 0.713288 0.001268
vn -0.703995 0.710204 0.000634
vn -0.703995 -0.710204 0.000634
vn -0.700870 -0.713288 0.001268
vn 0.709903 -0.000100 -0.704299
vn 0.712689 -0.000201 -0.701481
vn 0.000658 0.701289 0.712877
vn 0.707315 0.706898 0.000111
vn -0.002051 -0.732587 0.680670
vn 0.708177 0.000000 0.706035
vn -0.001990 0.732840 0.680398
vn -0.707107 0.707107 0.000000
vn -0.703995 0.710204 0.000634
vn 0.000658 -0.701289 0.712877
vn 0.707107 -0.000000 0.707107
vn 0.707107 -0.000000 0.707107
vn 0.707315 -0.706898 0.000111
vn -0.707107 -0.707107 -0.000000
vn -0.707107 0.707107 0.000000
vn 0.000658 -0.701289 0.712877
vn 0.707468 0.000000 0.706746
vn 0.701621 -0.712550 -0.000306
vn 0.701621 -0.712550 0.000000
vn 0.701780 0.712394 0.000000
vn 0.701780 0.712394 -0.000332
vn 0.707315 -0.706898 0.000111
vn 0.713348 -0.000166 0.700810
vn 0.707107 0.707107 0.000000
vn 0.707307 -0.706907 0.000078
vn -0.700870 -0.713288 0.001268
vn -0.703995 -0.710204 0.000634
vn -0.700870 0.713288 0.001268
vn -0.707107 -0.707107 0.000000
vn -0.001651 0.002269 0.999996
vn 0.971996 0.234983 -0.002533
vn 0.999998 -0.000007 -0.001821
vn -0.000156 -1.000000 0.000001
vn -0.000159 -1.000000 0.000001
vn 0.000625 -1.000000 0.000182
vn 0.001250 -0.999999 0.000363
vn 0.001250 -0.999999 0.000000
vn 0.000625 -1.000000 0.000000
vn -0.991240 0.132070 0.000776
vn -0.991369 0.131100 0.000002
vn -0.991111 0.133040 0.000000
vn -0.779947 0.625846 0.000000
vn 0.303037 -0.952979 -0.000466
vn -0.999999 0.000007 0.001746
vn -0.999999 0.000000 0.001542
vn -0.000000 -1.000000 -0.000000
vn -0.000000 -1.000000 0.000000
vn -0.808016 -0.589159 0.001257
vn -0.001549 -0.000000 -0.999999
vn 0.991374 0.131066 -0.000000
vn 0.991705 0.128496 -0.003342
vn 0.005462 0.002758 0.999981
vn -0.000000 -1.000000 -0.000000
vn -0.000000 -1.000000 -0.000000
vn 0.606819 -0.794840 -0.000000
vn 0.606819 -0.794840 -0.000680
vn -0.606819 -0.794840 0.000000
vn -0.606819 -0.794840 0.000680
vn -0.000000 -1.000000 0.000000
vn -0.000000 -1.000000 -0.000000
vn 0.003698 -0.001335 0.999992
vn -0.000000 -1.000000 0.000000
vn -0.000000 -1.000000 -0.000000
vn -0.000153 -1.000000 0.000000
vn -0.000152 -1.000000 -0.000000
vn -0.755007 0.655717 0.000000
vn 0.001737 -0.000061 0.999999
vn 0.999997 -0.002394 0.000000
vn 0.999996 -0.002394 -0.001760
vn 0.001879 -0.000026 0.999998
vn 0.956644 -0.291261 -0.000000
vn 0.001121 0.000000 0.999999
vn -0.001685 0.002268 0.999996
vn -0.001659 0.002268 0.999996
vn -0.001697 0.002268 0.999996
vn -0.000000 1.000000 0.000000
vn -0.999998 0.000007 0.001919
vn -0.001695 0.003771 0.999991
vn -0.000191 0.696694 0.717369
vn 0.968775 0.247939 -0.001493
vn 0.968775 0.247939 -0.001493
vn -0.691492 -0.722384 0.001000
vn 0.757529 -0.652802 -0.000448
vn 0.788033 -0.615630 -0.001626
vn -0.001651 0.002269 0.999996
vn -0.266026 -0.963966 0.000424
vn 0.000018 -1.000000 -0.000010
vn 0.725271 -0.688463 0.000731
vn 0.239333 -0.970932 -0.003323
vn -0.164999 -0.986294 0.000254
vn 0.000000 1.000000 0.000000
vn -0.001624 0.002269 0.999996
vn -0.000503 -0.586551 0.809912
vn -0.000594 -0.584847 0.811144
vn -1.000000 0.000000 0.000000
vn -0.975969 -0.217897 0.002456
vn 0.001119 0.000000 0.999999
vn -0.190420 0.981703 0.000000
vn -0.000858 0.002111 0.999997
vn -0.001257 0.002176 0.999997
vn -0.000151 -1.000000 0.000000
vn -0.999998 -0.000586 0.001981
vn -1.000000 -0.000040 0.000000
vn 0.986711 -0.162285 -0.008022
vn -0.736727 0.000718 0.676190
vn 0.002174 -0.504866 0.863195
vn 0.992025 0.125924 -0.005434
vn 0.999860 0.016757 0.000000
vn 0.000018 -1.000000 -0.000004
vn 0.288403 -0.877906 0.382236
vn 0.563029 0.791195 0.238763
vn 0.920955 -0.308551 0.237988
vn -0.288403 0.877906 -0.382236
vn 0.668467 0.468876 0.577328
vn 0.920206 -0.308570 -0.240846
vn -0.120774 0.363600 -0.923693
vn 0.814905 0.013330 -0.579442
vn -0.117604 0.363700 0.924062
vn 0.816722 0.013355 0.576877
vn 0.562269 0.791206 -0.240512
vn -0.287090 0.877948 0.383128
vn 0.666640 0.468880 -0.579433
vn 0.120774 -0.363600 0.923693
vn 0.115211 -0.364477 -0.924058
vn 0.287090 -0.877948 -0.383128
vn 0.280815 -0.879981 -0.383115
vn 0.281922 -0.880006 0.382243
vn 0.117884 -0.364539 0.923696
vn -0.115211 0.364477 0.924058
vn -0.280815 0.879981 0.383115
vn -0.287264 -0.957852 0.000168
vn -0.287195 -0.957872 0.000000
vn -0.287605 -0.957749 0.000247
vn -0.203990 -0.978973 0.000171
vn -0.082599 -0.996583 0.000128
vn -0.046516 -0.998918 0.000072
vn -0.224129 -0.974557 0.002124
vn -0.222417 -0.974951 0.001062
vn -0.220703 -0.975341 -0.000000
vn -0.189579 0.976476 0.102735
vn -0.184615 0.982811 0.000000
vn -0.107323 0.988546 0.106106
vn -0.869659 0.493652 0.000000
vn -0.809978 0.585250 0.037645
vn -0.847019 0.531471 0.009802
vn -1.000000 0.000000 0.000774
vn -1.000000 0.000000 0.000000
vn -0.998289 0.058467 0.000000
vn -0.998289 0.058467 0.000000
vn -0.993163 0.116734 0.000000
vn -0.993163 0.116734 0.000000
vn 0.001549 -0.000000 0.999999
vn 0.001549 0.000000 0.999999
vn -0.220703 -0.975341 0.000000
vn 0.009041 0.828956 0.559241
vn 0.010522 0.823109 0.567786
vn 0.008898 0.547371 0.836843
vn 0.007484 0.544393 0.838797
vn -0.086341 0.822627 0.561987
vn -0.161878 0.823217 0.544159
vn -0.054875 0.578992 0.813485
vn -0.105938 0.614037 0.782135
vn 0.000860 0.817177 0.576386
vn 0.001261 0.541288 0.840836
vn 0.987910 0.155027 -0.000047
vn 0.987868 0.155297 -0.000035
vn 0.995678 0.092868 -0.000018
vn 0.995691 0.092731 -0.000023
vn 0.839556 0.543273 -0.000042
vn 0.839661 0.543111 -0.000031
vn 0.987825 0.155568 0.000000
vn 0.839766 0.542948 0.000000
vn -0.013797 0.178851 0.983779
vn 0.001491 0.187010 0.982357
vn -0.006149 0.089785 0.995942
vn -0.993163 0.116734 0.000000
vn -0.775847 0.628184 0.058707
vn -0.822565 0.568152 0.024302
vn 0.006475 0.092228 0.995717
vn 0.007085 0.164322 0.986381
vn 0.011653 0.141468 0.989874
vn 0.010896 0.090501 0.995837
vn -0.013307 0.085684 0.996234
vn -0.028060 0.170718 0.984920
vn 0.565540 0.824721 0.000000
vn 0.565540 0.824721 0.000000
vn -0.723721 0.683837 0.092702
vn 0.973966 0.226693 0.000000
vn 0.973764 0.226646 0.020364
vn -0.957707 -0.287646 -0.007587
vn -0.957734 -0.287654 0.000000
vn -0.968341 -0.249630 0.000000
vn -0.971542 -0.236861 -0.001710
vn 0.944430 -0.328712 0.000000
vn 0.944420 -0.328709 0.004638
vn 0.735036 -0.678028 0.000000
vn 0.735035 -0.678027 0.001682
vn 0.772931 0.634259 0.017137
vn 0.773044 0.634352 0.000000
vn 0.432958 0.901046 0.025753
vn 0.433102 0.901345 0.000000
vn 0.807496 0.235934 0.540635
vn 0.819840 0.268016 0.505993
vn 0.541879 0.152902 0.826431
vn 0.555242 0.173323 0.813429
vn 0.189281 0.051923 0.980549
vn 0.185389 0.039846 0.981857
vn 0.532182 0.114733 0.838820
vn 0.010600 0.932280 0.361581
vn 0.424850 0.841878 0.332782
vn 0.197087 0.021545 0.980149
vn 0.568546 0.056911 0.820680
vn 0.946769 -0.219662 0.235322
vn 0.760542 -0.627416 0.167107
vn 0.884864 0.002309 0.465844
vn 0.918872 -0.030103 0.393406
vn 0.599307 0.016586 0.800347
vn 0.382827 -0.922977 0.039467
vn 0.408644 -0.911699 0.042609
vn 0.402649 -0.915355 0.000000
vn 0.005161 0.999987 0.000000
vn 0.005159 0.999538 0.029966
vn 0.194419 0.058679 0.979162
vn 0.800320 0.172691 0.574166
vn 0.766889 0.592775 0.245964
vn 0.806622 0.141922 0.573777
vn 0.372614 -0.926099 0.059154
vn 0.413879 -0.906350 0.085052
vn 0.207476 0.008558 0.978203
vn -0.999999 0.000000 0.001549
vn 0.001549 0.000000 0.999999
vn 0.001549 0.000000 0.999999
vn -0.977438 -0.211220 0.001230
vn -0.977439 -0.211219 -0.000000
vn 0.946030 -0.062290 0.318036
vn -0.977438 -0.211220 0.001231
vn 0.001980 0.000130 0.999998
vn 0.001459 0.000131 0.999999
vn 0.001549 0.000000 0.999999
vn 0.001548 0.000000 0.999999
vn 0.002498 0.000147 0.999997
vn -0.238273 0.902545 0.358663
vn 0.999548 0.030071 0.000000
vn 0.001653 0.000220 0.999999
vn 0.330319 -0.943289 0.033093
vn 0.890834 0.192255 0.411647
vn 0.901210 0.137477 0.411000
vn 0.883057 0.376080 0.280668
vn -0.977438 -0.211221 0.001230
vn 0.888125 0.459133 0.020778
vn 0.877688 0.246436 0.411014
vn 0.001851 0.000291 0.999998
vn -0.977438 -0.211221 0.001230
vn -0.977437 -0.211220 0.001538
vn -0.977437 -0.211220 0.001538
vn -0.977437 -0.211220 0.001538
vn -0.977437 -0.211220 0.001538
vn -0.977437 -0.211220 0.001538
vn 0.010110 0.039297 0.999176
vn 0.005831 0.019652 0.999790
vn 0.990928 0.130733 0.031154
vn 0.977012 0.210878 0.031265
vn 0.001547 0.000000 0.999999
vn -0.008044 0.993530 0.113287
vn -0.020538 0.982597 0.184614
vn -0.005097 0.981070 0.193584
vn 0.048800 0.986757 0.154688
vn 0.075601 0.993095 0.089709
vn 0.142543 0.987897 0.061171
vn 0.087068 0.990516 0.106292
vn 0.956632 0.289628 0.031169
vn 0.990777 -0.134323 0.017834
vn -0.193868 0.966689 0.167118
vn 0.001549 0.000000 0.999999
vn 0.027228 -0.038614 0.998883
vn -0.211100 0.976992 0.030384
vn -0.281922 0.880006 -0.382243
vn -0.117884 0.364539 -0.923696
vn 0.117604 -0.363700 -0.924062
vn 0.000000 -0.000000 1.000000
vn 0.000000 -0.000000 1.000000
vn 0.000000 -0.000000 1.000000
vn 0.000000 -0.000000 1.000000
vn 0.000000 -0.000000 1.000000
vn 0.000000 -0.000000 1.000000
vn 0.000000 -0.000000 1.000000
vn 0.000000 -0.000000 1.000000
vn -0.771675 -0.000000 0.636018
vn -0.771675 -0.000000 0.636018
vn 0.000000 -0.000000 1.000000
vn 0.000000 -0.000000 1.000000
vn -0.967782 -0.251791 -0.000000
vn 0.000000 -0.000000 1.000000
vn 0.000000 -0.000000 1.000000
vn 0.141751 0.769829 0.622310
vn 0.120039 0.789756 0.601561
vn 0.851749 0.523951 0.000000
vn -0.771675 -0.000000 0.636018
vn 0.657592 0.753374 0.000000
vn 0.973701 0.227829 0.000000
vn -0.790441 -0.182491 0.584722
vn 0.163278 0.748902 0.642251
vn 0.507447 0.581360 0.636018
vn 0.771675 -0.000000 0.636018
vn -0.771675 -0.000000 0.636018
vn 0.751380 0.175810 0.636018
vn 0.146981 0.989139 0.000000
vn 0.174557 0.984647 0.000000
vn 0.657273 0.404319 0.636018
vn 0.001549 0.000000 0.999999
vn 0.201997 0.979386 0.000000
vn -0.000000 -0.000000 1.000000
vn -0.000000 -0.000000 1.000000
vn 0.000000 -0.000000 1.000000
vn 0.001549 0.000000 0.999999
vn -0.759524 0.650479 -0.000000
vn -0.759524 0.650479 0.000000
vn -0.232786 -0.098369 0.967540
vn -0.000000 0.967538 0.252725
vn -0.000728 0.970970 0.239201
vn -0.808218 0.217421 0.547277
vn -0.581917 0.772983 0.252725
vn -0.425295 0.564910 0.707107
vn -0.783922 0.620860 0.000000
vn -0.783922 0.620860 0.000000
vn -0.000000 -0.000000 1.000000
vn -0.990225 0.139480 0.000000
vn -0.990225 0.139480 0.000000
vn -0.380158 0.924922 0.000000
vn -0.380158 0.924922 0.000000
vn 0.139480 0.990225 0.000000
vn 0.139480 0.990225 0.000000
vn -0.152006 0.201901 0.967538
vn -0.924922 -0.380158 0.000000
vn -0.924922 -0.380158 -0.000000
vn 0.620860 0.783922 0.000000
vn 0.620860 0.783922 0.000000
vn 0.000000 -0.000000 1.000000
vn 0.798822 0.601568 0.000000
vn 0.798822 0.601568 0.000000
vn -0.601728 0.798700 0.001360
vn -0.601547 0.798836 0.001360
vn -0.601930 0.798549 0.000000
vn -0.798822 -0.601568 0.000000
vn -0.798822 -0.601568 -0.000000
vn -0.601568 0.798822 0.000000
vn -0.000000 1.000000 0.000000
vn -0.000000 1.000000 0.000000
vn 0.000000 1.000000 0.000000
vn 0.000000 1.000000 0.000000
vn -0.592534 0.805546 0.000000
vn -0.592534 0.805546 0.000019
vn -0.000000 -0.000000 1.000000
vn -0.000000 -0.000000 1.000000
vn -0.000000 -0.000000 1.000000
vn 0.955097 0.296293 0.000000
vn 0.955097 0.296293 0.000000
vn 0.956207 0.292690 0.000176
vn 0.000000 -0.000000 1.000000
vn -0.000000 -0.000000 1.000000
vn 0.000000 -0.000000 1.000000
vn 0.000000 -0.000000 1.000000
vn -0.921147 -0.389214 0.000000
vn -0.921147 -0.389214 0.000030
vn -0.601429 0.798927 0.000000
vn -0.601429 0.798927 0.000000
vn -0.000000 -0.000000 1.000000
vn -0.000000 -0.000000 1.000000
vn 0.000000 -0.000000 1.000000
vn -0.000000 -0.000000 1.000000
vn 0.958007 0.286745 0.000118
vn 0.958354 0.285583 0.000176
vn 0.959392 0.282078 0.000000
vn 0.959392 0.282078 -0.000000
vn -0.000000 -0.000000 -1.000000
vn -0.000000 -0.000000 -1.000000
vn 0.000000 -0.000000 -1.000000
vn -0.000000 -0.000000 -1.000000
vn 0.000000 -0.000000 -1.000000
vn 0.000000 -0.000000 -1.000000
vn -0.000000 -0.000000 -1.000000
vn -0.000000 -0.000000 -1.000000
vn -0.601429 0.798927 -0.000000
vn -0.921147 -0.389214 -0.000030
vn -0.000000 -0.000000 -1.000000
vn 0.000000 -0.000000 -1.000000
vn -0.000000 -0.000000 -1.000000
vn 0.955097 0.296293 -0.000000
vn -0.592534 0.805546 -0.000019
vn 0.000000 1.000000 -0.000000
vn -0.000000 1.000000 -0.000000
vn -0.601547 0.798836 -0.001360
vn -0.798822 -0.601568 0.000000
vn -0.601728 0.798700 -0.001360
vn 0.798822 0.601568 -0.000000
vn 0.000000 -0.000000 -1.000000
vn 0.620860 0.783922 -0.000000
vn -0.961754 -0.273915 -0.000000
vn 0.999992 0.002788 -0.002843
vn -0.000000 1.000000 0.000000
vn 0.000000 -1.000000 -0.000000
vn 0.001453 -0.000866 0.999999
vn 0.961741 0.273962 0.000000
vn 0.001576 -0.000079 0.999999
vn -0.242464 0.970161 0.000000
vn 0.287332 -0.957831 -0.000000
vn -0.246368 0.001377 0.969175
vn -0.226437 0.073793 0.971226
vn 0.000866 1.000000 0.000296
vn 0.001576 0.000216 0.999999
vn 0.001417 -0.000149 0.999999
vn -1.000000 0.000000 0.000000
vn -0.999987 0.005206 0.000000
vn 0.001001 0.000119 1.000000
vn 0.000852 -0.000004 1.000000
vn 0.003782 -0.999993 -0.000295
vn -0.251823 0.967773 0.000819
vn 0.001353 0.000351 0.999999
vn 0.961288 0.275543 -0.001241
vn 0.960445 0.278465 -0.001835
vn 0.249504 -0.968374 -0.000794
vn -0.816859 0.576837 0.000532
vn 0.001145 0.000209 0.999999
vn 0.001138 0.000203 0.999999
vn 0.809332 -0.587351 -0.000518
vn 0.001270 -0.000260 0.999999
vn 0.001228 -0.000256 0.999999
vn -0.955668 -0.294436 0.002260
vn -0.957232 -0.289285 0.004676
vn -0.957314 -0.288898 0.009371
vn -0.955779 -0.294052 0.004539
vn 0.999985 0.005504 -0.000000
vn 0.999992 0.004128 -0.000000
vn -0.958797 -0.284094 -0.000000
vn 0.961743 0.273953 -0.000537
vn 0.961793 0.273778 -0.000855
vn 0.961634 0.274337 -0.000109
vn 0.958481 0.285155 0.000097
vn 0.960565 0.278055 -0.000400
vn -0.999981 -0.000538 -0.006206
vn -0.999975 -0.003311 -0.006206
vn 0.823979 -0.566621 -0.000000
vn -0.806111 0.591765 0.000000
vn 0.522985 0.852342 0.000000
vn -0.823481 -0.567344 -0.000000
vn 0.828875 0.559434 0.000047
vn 0.000000 1.000000 0.000000
vn -0.955988 -0.293405 -0.000000
vn -0.714417 -0.699720 -0.000000
vn 0.000000 -1.000000 -0.000000
vn 0.305221 -0.952282 -0.000000
vn 0.961587 0.274500 -0.000648
vn -0.289519 0.957172 0.000000
vn -0.300262 0.953857 0.000000
vn -0.003351 0.999994 0.000000
vn 1.000000 -0.000004 -0.000000
vn 0.000995 -1.000000 -0.000000
vn 0.008849 0.999436 -0.032407
vn -0.712690 0.701195 0.019982
vn 0.709078 -0.705130 -0.000000
vn -0.001386 0.002258 -0.999997
vn -0.500439 -0.865772 -0.000000
vn 0.001023 -1.000000 -0.000000
vn -0.240618 0.970620 0.000000
vn 0.235047 -0.971984 -0.000000
vn 0.000700 1.000000 0.000000
vn 0.828783 -0.559570 0.000038
vn -0.830576 -0.556905 -0.000059
vn -0.801952 0.000228 -0.597389
vn -0.829391 0.558669 -0.000056
vn -0.001285 0.000162 -0.999999
vn 0.531290 0.847190 0.000031
vn 0.668524 0.190493 -0.718880
vn 0.906193 0.422865 -0.000022
vn 0.890384 -0.000269 -0.455210
vn 0.907070 -0.420981 -0.000064
vn -0.981722 0.190319 0.000000
vn 0.243299 -0.969951 -0.000000
vn -0.880277 -0.251225 -0.402491
vn -0.508131 -0.861279 0.000776
vn 0.829349 0.558730 -0.001284
vn 0.533787 0.845619 -0.000827
vn -0.827418 -0.561585 0.001265
vn 0.958069 0.286531 -0.002014
vn 0.001173 -0.000033 0.999999
vn -0.959714 -0.280711 0.012302
vn -0.959385 -0.281981 0.008196
vn -0.960615 -0.277690 0.010401
vn 0.080129 0.996782 0.002144
vn 0.010876 0.999939 0.001717
vn -0.750396 0.660988 -0.000000
vn 0.752579 -0.658503 0.000000
vn 0.271365 0.962476 0.000000
vn 0.956481 0.291792 -0.000796
vn -0.238273 0.902545 -0.358663
vn -0.277982 -0.960586 -0.000000
vn 0.669260 0.743028 0.000000
vn 0.002498 0.000147 -0.999997
vn 0.001980 0.000130 -0.999998
vn 0.999966 0.008257 0.000000
vn 0.999966 0.008257 0.000000
vn 0.918872 -0.030103 -0.393406
vn 0.946030 -0.062290 -0.318036
vn 0.966958 0.000015 -0.254938
vn 0.719255 0.006291 -0.694718
vn 0.262207 0.002475 -0.965008
vn 0.001549 0.000000 -0.999999
vn -0.701544 -0.712626 -0.000000
vn -0.242083 -0.071165 0.967642
vn -0.223344 -0.104303 0.969143
vn -0.028476 0.255389 0.966419
vn 0.064768 0.239126 0.968826
vn 0.003940 -0.970807 0.239829
vn -0.244105 0.002683 0.969745
vn 0.969474 0.008099 0.245058
vn 0.968237 0.004057 0.250003
vn -0.131079 0.196245 0.971754
vn 0.242813 -0.935286 0.257455
vn 0.225961 0.104247 0.968542
vn 0.245034 0.070639 0.966938
vn 0.783534 -0.566645 0.254929
vn 0.926887 0.282447 0.247191
vn 0.927897 0.277372 0.249143
vn -0.928505 -0.271528 0.253282
vn -0.925824 -0.278701 0.255296
vn -0.798973 -0.542011 0.260511
vn 0.801360 0.539932 0.257481
vn -0.999999 0.000000 -0.001549
vn -1.000000 0.000000 -0.000774
vn 0.000792 -0.000004 -1.000000
vn 0.197087 0.021545 -0.980149
vn 0.207476 0.008558 -0.978203
vn 0.999966 0.008257 0.000000
vn -0.000685 -0.583140 0.812372
vn -0.001656 0.002241 0.999996
vn -0.965926 -0.258819 0.000000
vn -0.965926 -0.258819 -0.000000
vn -0.999966 0.008203 0.000000
vn -0.999966 0.008203 0.000000
vn 0.408644 -0.911699 -0.042609
vn 0.413879 -0.906350 -0.085052
vn 0.806622 0.141922 -0.573777
vn 0.800320 0.172691 -0.574166
vn 0.956518 0.291668 0.001598
vn 0.766889 0.592775 -0.245964
vn 0.807496 0.235934 -0.540635
vn 0.194419 0.058679 -0.979162
vn 0.189281 0.051923 -0.980549
vn 0.929910 0.269475 -0.250300
vn 0.679306 0.203050 -0.705205
vn 0.678747 0.206875 -0.704632
vn 0.005159 0.999538 -0.029966
vn 0.244019 0.072845 -0.967031
vn 0.243997 0.074272 -0.966928
vn -0.241022 -0.072698 -0.967793
vn -0.676606 -0.203804 -0.707579
vn -0.678918 -0.198768 -0.706797
vn 0.599307 0.016586 -0.800347
vn 0.568546 0.056911 -0.820680
vn 0.884864 0.002309 -0.465844
vn -0.924019 -0.283610 -0.256428
vn 0.760542 -0.627416 -0.167107
vn 0.946769 -0.219662 -0.235322
vn -0.957128 -0.289666 0.000000
vn -0.955553 -0.294819 0.000000
vn 0.532182 0.114733 -0.838820
vn -0.999946 0.010412 -0.000000
vn -0.166067 -0.172379 0.970931
vn -0.063337 -0.237030 0.969436
vn 0.185389 0.039846 -0.981857
vn 0.166945 0.174732 0.970360
vn -0.789284 0.558657 -0.254820
vn 0.424850 0.841878 -0.332782
vn -0.929400 -0.269271 0.252406
vn 0.010600 0.932280 -0.361581
vn 0.001255 0.726978 0.686660
vn 0.179794 -0.675212 -0.715376
vn 0.541879 0.152902 -0.826431
vn 0.001079 0.970837 0.239740
vn -0.965427 0.010102 -0.260476
vn 0.555242 0.173323 -0.813429
vn 0.819840 0.268016 -0.505993
vn 0.003350 -0.726212 0.687463
vn 0.432958 0.901046 -0.025753
vn -0.573511 0.408986 -0.709800
vn 0.930934 0.266659 -0.249509
vn 0.034329 -0.251818 0.967166
vn 0.681627 0.197297 -0.704598
vn 0.683394 0.195371 -0.703422
vn -0.701867 0.000090 0.712308
vn -0.698502 0.003753 0.715598
vn 0.136696 -0.190707 -0.972083
vn 0.772931 0.634259 -0.017137
vn -0.966653 0.000024 0.256091
vn -0.966055 0.005063 0.258287
vn 0.735035 -0.678027 -0.001682
vn 0.944420 -0.328709 -0.004638
vn -0.957707 -0.287646 0.007587
vn -0.695112 0.007416 -0.718863
vn 0.704000 0.000055 0.710200
vn 0.711673 0.003173 0.702504
vn 0.229222 -0.071509 0.970744
vn 0.256738 0.001261 0.966480
vn 0.973764 0.226646 -0.020364
vn -0.172089 0.681658 0.711145
vn -0.723721 0.683837 -0.092702
vn -0.809978 0.585250 -0.037645
vn -0.775847 0.628184 -0.058707
vn 0.000860 0.817177 -0.576386
vn -0.086341 0.822627 -0.561987
vn -0.242024 0.935802 0.256319
vn 0.001491 0.187010 -0.982357
vn 0.007085 0.164322 -0.986381
vn 0.179794 -0.675212 0.715376
vn -0.013797 0.178851 -0.983779
vn -0.028060 0.170718 -0.984920
vn 0.136696 -0.190707 0.972083
vn 0.681627 0.197297 0.704598
vn 0.683394 0.195371 0.703422
vn 0.929910 0.269475 0.250300
vn 0.930934 0.266659 0.249509
vn -0.573511 0.408986 0.709800
vn 0.011653 0.141468 -0.989874
vn -0.958675 -0.284505 0.000000
vn -0.847019 0.531471 -0.009802
vn -0.822565 0.568152 -0.024302
vn -0.789284 0.558657 0.254820
vn -0.054875 0.578992 -0.813485
vn 0.001261 0.541288 -0.840836
vn 0.839661 0.543111 0.000031
vn 0.987868 0.155297 0.000035
vn 0.148997 0.988838 0.000000
vn 0.148997 0.988834 -0.002561
vn 0.572963 -0.407871 0.710883
vn 0.839556 0.543273 0.000042
vn 0.987910 0.155027 0.000047
vn 0.007484 0.544393 -0.838797
vn 0.010522 0.823109 -0.567786
vn -0.105938 0.614037 -0.782135
vn -0.161878 0.823217 -0.544159
vn 0.008898 0.547371 -0.836843
vn 0.679306 0.203050 0.705205
vn 0.570762 0.821116 0.000000
vn 0.570762 0.821115 -0.000969
vn 0.514139 0.816688 0.262071
vn 0.366904 0.588672 0.720310
vn 0.009041 0.828956 -0.559241
vn 0.244019 0.072845 0.967031
vn -0.220703 -0.975341 0.000000
vn 0.800509 0.539764 0.260460
vn 0.576588 0.389852 0.718027
vn -0.790531 0.558217 0.251904
vn -0.579409 0.409848 0.704493
vn 0.001549 -0.000000 -0.999999
vn 0.932781 0.267581 0.241497
vn 0.702911 0.202366 0.681883
vn -0.243401 0.936289 0.253218
vn -0.177184 0.684990 0.706679
vn -0.963811 0.009863 0.266405
vn -0.965492 0.004938 0.260387
vn -0.690588 0.006574 0.723219
vn -0.698801 0.003311 0.715308
vn 0.000451 0.971113 0.238618
vn -0.676012 -0.207661 0.707025
vn -0.676606 -0.203804 0.707579
vn -0.240968 -0.074120 0.967699
vn -0.241022 -0.072698 0.967793
vn -0.000526 0.728635 0.684902
vn 0.876018 0.482278 -0.000115
vn 0.876018 0.482278 0.000000
vn 0.217101 0.229161 0.948869
vn 0.171905 0.280036 0.944473
vn 0.224834 0.116105 0.967455
vn -0.414192 0.294613 0.861190
vn 0.187163 0.054361 0.980824
vn -0.222417 -0.974951 -0.001062
vn -0.224129 -0.974557 -0.002124
vn -0.082599 -0.996583 -0.000128
vn -0.046516 -0.998918 -0.000072
vn -0.203990 -0.978973 -0.000171
vn -0.287605 -0.957749 -0.000247
vn -0.576844 -0.390338 0.717557
vn 0.579536 0.390899 0.715078
vn -0.060921 0.459293 0.886193
vn -0.121067 0.476370 0.870870
vn -0.287264 -0.957852 -0.000168
vn -0.280815 0.879981 -0.383115
vn -0.115211 0.364477 -0.924058
vn -0.510910 0.000082 0.859634
vn -0.501182 0.002157 0.865339
vn -0.000523 0.440313 0.897844
vn 0.117884 -0.364539 -0.923696
vn -0.680640 -0.197590 -0.705469
vn 0.514240 0.817266 -0.260064
vn 0.281922 -0.880006 -0.382243
vn 0.280815 -0.879981 0.383115
vn 0.366980 0.591471 -0.717975
vn 0.287090 -0.877948 0.383128
vn 0.115211 -0.364477 0.924058
vn 0.120774 -0.363600 -0.923693
vn 0.666640 0.468880 0.579433
vn -0.287090 0.877948 -0.383128
vn -0.492274 -0.830353 -0.261114
vn 0.562269 0.791206 0.240512
vn 0.816722 0.013355 -0.576877
vn -0.117604 0.363700 -0.924062
vn 0.814905 0.013330 0.579442
vn -0.359331 -0.594307 -0.719500
vn -0.120774 0.363600 0.923693
vn 0.920206 -0.308570 0.240846
vn 0.668467 0.468876 -0.577328
vn -0.288403 0.877906 0.382236
vn 0.920955 -0.308551 -0.237988
vn 0.563029 0.791195 -0.238763
vn 0.288403 -0.877906 -0.382236
vn 0.000018 -1.000000 0.000004
vn 0.000018 -1.000000 0.000010
vn 0.000013 -1.000000 0.000003
vn 0.999860 0.016757 -0.000000
vn 0.999968 0.007994 0.001070
vn 0.999913 0.013188 0.000725
vn 0.991705 0.128496 0.003342
vn 0.992025 0.125924 0.005434
vn 0.002174 -0.504866 -0.863195
vn 0.002224 -0.503588 -0.863941
vn -0.736727 0.000718 -0.676190
vn -0.731920 0.000750 -0.681390
vn -0.999999 0.000047 -0.001563
vn -0.999999 0.000081 -0.001343
vn -0.999999 0.000031 -0.001568
vn 0.986711 -0.162285 0.008022
vn -0.359331 -0.594307 0.719500
vn -0.001651 0.002269 -0.999996
vn -0.001651 0.002269 -0.999996
vn -0.001460 0.003236 -0.999994
vn -0.001345 0.005082 -0.999986
vn 0.000421 0.006017 -0.999982
vn -0.001259 0.003338 -0.999994
vn -0.001724 0.001832 -0.999997
vn -0.001579 0.002089 -0.999997
vn -0.999999 -0.000159 -0.001455
vn -0.999999 -0.000024 -0.001339
vn -0.492274 -0.830353 0.261114
vn -0.999999 -0.000198 -0.001702
vn -0.999999 -0.000293 -0.001571
vn -0.999998 -0.000586 -0.001981
vn -0.000153 -1.000000 -0.000001
vn -0.000150 -1.000000 -0.000001
vn -0.000858 0.002111 -0.999997
vn -0.000833 0.001806 -0.999998
vn -0.190415 0.981704 -0.000249
vn 0.001119 0.000000 -0.999999
vn 0.366980 0.591471 0.717975
vn -0.975969 -0.217897 -0.002456
vn -0.001697 0.002268 -0.999996
vn -0.001698 0.002269 -0.999996
vn -0.001660 0.002269 -0.999996
vn -0.001660 0.002269 -0.999996
vn 0.514240 0.817266 0.260064
vn -0.678918 -0.198768 0.706797
vn -0.680640 -0.197590 0.705469
vn 0.967717 0.252034 0.001490
vn 0.968775 0.247939 0.001493
vn 0.968775 0.247939 0.001310
vn 0.967717 0.252036 0.001307
vn -0.000523 0.440313 -0.897844
vn -0.060921 0.459293 -0.886193
vn -0.510910 0.000082 -0.859634
vn -0.001651 0.002269 -0.999996
vn -0.001685 0.002268 -0.999996
vn -0.001624 0.002269 -0.999996
vn -0.001659 0.002268 -0.999996
vn -0.001624 0.002269 -0.999996
vn -0.999999 0.000000 -0.001320
vn -0.121067 0.476370 -0.870870
vn -0.000503 -0.586551 -0.809912
vn 0.000000 1.000000 -0.000000
vn 0.000000 1.000000 -0.000000
vn -0.164999 -0.986294 -0.000254
vn -0.164999 -0.986294 -0.000218
vn -0.001651 0.002269 -0.999996
vn -0.001658 0.002200 -0.999996
vn -0.001693 0.002225 -0.999996
vn 0.187163 0.054361 -0.980824
vn 0.224834 0.116105 -0.967455
vn -0.414192 0.294613 -0.861190
vn 0.217101 0.229161 -0.948869
vn 0.171905 0.280036 -0.944473
vn 0.876018 0.482278 0.000115
vn -0.000526 0.728635 -0.684902
vn 0.239333 -0.970932 0.003323
vn -0.001524 0.002166 -0.999996
vn 0.725271 -0.688463 -0.000731
vn 0.757529 -0.652802 0.000448
vn 0.000451 0.971113 -0.238618
vn -0.690588 0.006574 -0.723219
vn 0.579536 0.390899 -0.715078
vn -0.576844 -0.390338 -0.717557
vn 0.000006 -1.000000 0.000017
vn -0.963811 0.009863 -0.266405
vn -0.177184 0.684990 -0.706679
vn -0.243401 0.936289 -0.253218
vn 0.702911 0.202366 -0.681883
vn 0.932781 0.267581 -0.241497
vn -0.266026 -0.963966 -0.000424
vn -0.579409 0.409848 -0.704493
vn -0.790531 0.558217 -0.251904
vn 0.576588 0.389852 -0.718027
vn 0.800509 0.539764 -0.260460
vn 0.788033 -0.615630 0.001626
vn -0.691492 -0.722384 -0.001000
vn 0.366904 0.588672 -0.720310
vn 0.514139 0.816688 -0.262071
vn 0.570762 0.821115 0.000969
vn 0.968775 0.247939 0.001493
vn 0.968774 0.247939 0.001493
vn 0.968775 0.247939 0.001310
vn -0.000191 0.696694 -0.717369
vn -0.999999 0.000000 -0.001578
vn -0.999999 0.000000 -0.001578
vn -0.999999 0.000000 -0.001566
vn -0.999999 0.000000 -0.001566
vn -0.001325 0.003059 -0.999995
vn -0.001695 0.003771 -0.999991
vn -0.002325 0.003096 -0.999992
vn -0.001861 0.002580 -0.999995
vn -0.999998 0.000007 -0.001919
vn 0.148997 0.988834 0.002561
vn -0.000000 1.000000 -0.000000
vn -0.000000 1.000000 -0.000000
vn -0.000000 1.000000 -0.000000
vn -0.000000 1.000000 -0.000000
vn -0.240968 -0.074120 -0.967699
vn 0.001121 0.000000 -0.999999
vn -0.676012 -0.207661 -0.707025
vn -0.001145 0.001479 -0.999998
vn -0.000859 0.001520 -0.999999
vn 0.982854 -0.184388 0.000512
vn 0.956644 -0.291261 0.000000
vn 0.977579 -0.210569 0.000482
vn 0.001737 -0.000061 -0.999999
vn 0.001879 -0.000026 -0.999998
vn 0.999996 -0.002394 0.001760
vn 0.001597 -0.000067 -0.999999
vn -0.755006 0.655717 -0.000997
vn -0.000156 -1.000000 -0.000001
vn -0.000000 -1.000000 0.000000
vn -0.000000 -1.000000 0.000000
vn 0.007782 -0.003774 -0.999963
vn 0.003977 -0.007946 -0.999961
vn -0.695112 0.007416 0.718863
vn 0.003867 -0.001690 -0.999991
vn 0.003698 -0.001335 -0.999992
vn 0.000625 -1.000000 -0.000182
vn -0.000000 -1.000000 0.000000
vn -0.606819 -0.794840 -0.000680
vn 0.606819 -0.794840 0.000680
vn -0.000000 -1.000000 0.000000
vn -0.965427 0.010102 0.260476
vn -0.001874 -0.003426 -0.999992
vn 0.005462 0.002758 -0.999981
vn -0.999946 0.010412 0.000000
vn -0.001549 -0.000000 0.999999
vn -0.808016 -0.589159 -0.001257
vn -0.924019 -0.283610 0.256428
vn -0.000000 -1.000000 0.000000
vn -0.000000 -1.000000 0.000000
vn -0.999999 0.000000 -0.001578
vn -0.999999 0.000000 -0.001578
vn -0.999999 0.000000 -0.001566
vn -0.999999 0.000000 -0.001566
vn 0.243997 0.074272 0.966928
vn -0.999999 0.000000 -0.001542
vn -0.999999 0.000000 -0.001320
vn 0.678747 0.206875 0.704632
vn -0.999999 0.000007 -0.001746
vn -0.999999 0.000000 -0.001320
vn 0.956518 0.291668 -0.001598
vn -0.001625 0.002269 -0.999996
vn -0.001625 0.002269 -0.999996
vn 0.303037 -0.952979 0.000466
vn -0.999966 0.008203 -0.000000
vn -0.965926 -0.258819 0.000000
vn 0.999966 0.008257 -0.000000
vn -0.001651 0.002269 -0.999996
vn -0.779946 0.625846 -0.001030
vn 0.000792 -0.000004 1.000000
vn -0.991240 0.132070 -0.000776
vn 0.262207 0.002475 0.965008
vn 0.719255 0.006291 0.694718
vn 0.966958 0.000015 0.254938
vn -0.991369 0.131100 -0.000002
vn 0.572963 -0.407871 -0.710883
vn 0.737643 0.189820 -0.647959
vn 0.742545 0.177388 -0.645879
vn 0.001250 -0.999999 -0.000363
vn 0.999966 0.008257 -0.000000
vn -0.000159 -1.000000 -0.000001
vn -0.000155 -1.000000 -0.000001
vn 0.999998 -0.000007 0.001821
vn 0.971996 0.234983 0.002533
vn 0.971997 0.234986 0.001828
vn -0.000687 0.002287 0.999997
vn -0.000438 0.002119 0.999998
vn -0.001386 0.002258 0.999997
vn -0.001657 0.002267 0.999996
vn -0.001634 0.002282 0.999996
vn 0.709078 -0.705130 0.000000
vn 0.682368 -0.731009 0.000000
vn -0.699100 0.714954 -0.009993
vn -0.712690 0.701195 -0.019982
vn 0.008849 0.999436 0.032407
vn 0.000995 -1.000000 0.000000
vn 1.000000 -0.000004 0.000000
vn -0.003351 0.999994 -0.000000
vn -0.300262 0.953857 -0.000000
vn 0.305221 -0.952282 0.000000
vn -0.685178 0.728375 -0.000000
vn 0.654715 -0.755876 0.000000
vn 0.001960 0.000126 0.999998
vn 0.001848 0.000050 0.999998
vn 0.001810 0.000069 0.999998
vn 0.000963 0.000950 0.999999
vn 0.001746 -0.000003 0.999999
vn -0.007572 -0.999971 0.000000
vn -0.003786 -0.999993 0.000000
vn -0.000073 0.002070 0.999998
vn 0.752579 -0.658503 -0.000000
vn -0.750396 0.660988 0.000000
vn -0.701544 -0.712626 0.000000
vn 0.669260 0.743028 -0.000000
vn -0.277982 -0.960586 0.000000
vn 0.271365 0.962476 -0.000000
vn 0.257142 -0.966374 -0.000000
vn -0.257424 0.966299 0.000000
vn -0.000001 -1.000000 0.000000
vn 0.968587 -0.248677 0.000000
vn -0.000207 0.002357 0.999997
vn -0.500000 -0.866025 0.000000
vn 0.000106 -0.701090 -0.713073
vn 0.000104 -0.701053 -0.713109
vn -0.924922 -0.380158 0.000000
vn 0.000056 -0.001604 -0.999999
vn 0.000059 -0.001689 -0.999999
vn 0.001549 0.000000 -0.999999
vn 0.002275 -0.502309 -0.864685
vn -0.152006 0.201901 -0.967538
vn -0.001303 0.002308 -0.999997
vn -0.002340 0.002602 -0.999994
vn -0.002033 0.002294 -0.999995
vn -0.001726 0.001986 -0.999997
vn -0.703995 -0.710204 -0.000634
vn 0.000000 -1.000000 0.000000
vn 0.000000 -1.000000 0.000000
vn 0.000000 -1.000000 0.000000
vn -0.002924 0.001488 -0.999995
vn -0.000118 -0.707466 -0.706748
vn -0.000111 -0.707550 -0.706663
vn 0.323336 0.133930 -0.936759
vn 0.133930 0.323336 -0.936759
vn 0.323336 -0.133930 -0.936759
vn -0.133930 0.323336 -0.936759
vn -0.323336 0.133930 -0.936759
vn 0.133930 -0.323336 -0.936759
vn -0.323336 -0.133930 -0.936759
vn -0.133930 -0.323336 -0.936759
vn -0.700870 0.713288 -0.001268
vn -0.703995 0.710204 -0.000634
vn -0.700870 -0.713288 -0.001268
vn 0.707307 -0.706907 -0.000078
vn 0.707107 0.707107 -0.000000
vn 0.707107 0.707107 -0.000000
vn 0.707107 0.000000 0.707107
vn 0.709903 -0.000100 0.704299
vn 0.713348 -0.000166 -0.700810
vn 0.707315 -0.706898 -0.000111
vn 0.701780 0.712394 0.000332
vn 0.701621 -0.712550 0.000306
vn 0.707468 0.000000 -0.706746
vn 0.000658 -0.701289 -0.712877
vn -0.703995 0.710204 -0.000634
vn -0.703995 -0.710204 -0.000634
vn 0.707315 -0.706898 -0.000111
vn 0.707107 -0.000000 -0.707107
vn 0.707107 -0.000000 -0.707107
vn -0.970708 -0.240261 0.000000
vn -0.000000 1.000000 -0.000000
vn -0.000000 1.000000 -0.000000
vn -0.000000 -0.000000 -1.000000
vn -0.000000 -0.000000 -1.000000
vn 0.000243 -0.221721 -0.975110
vn 0.000000 0.000000 1.000000
vn 0.000000 0.000000 1.000000
vn -0.000015 1.000000 0.000254
vn 0.000000 1.000000 -0.000000
vn -0.970708 0.240261 -0.000000
vn 0.000000 -0.000000 -1.000000
vn -0.000000 -0.000000 -1.000000
vn 0.000000 -0.000000 -1.000000
vn 0.000000 0.000000 1.000000
vn 0.000000 0.000000 1.000000
vn 0.000000 0.000000 1.000000
vn -0.000000 1.000000 -0.000000
vn 0.000000 0.000000 1.000000
vn -0.000015 -1.000000 0.000254
vn -0.000000 -1.000000 0.000000
vn -0.000031 1.000000 0.000507
vn -0.000000 -1.000000 0.000000
vn -0.000000 -1.000000 0.000000
vn -0.000000 -1.000000 0.000000
vn -0.000031 -1.000000 0.000507
vn 0.000243 0.221721 -0.975110
vn 0.000658 -0.701289 -0.712877
vn -0.001990 0.732840 -0.680398
vn 0.708177 0.000000 -0.706035
vn -0.002051 -0.732587 -0.680670
vn 0.707315 0.706898 -0.000111
vn 0.000658 0.701289 -0.712877
vn 0.712689 -0.000201 0.701481
vn -0.700870 -0.713288 -0.001268
vn -0.700870 0.713288 -0.001268
vn 0.707107 0.707107 -0.000000
vn 0.000658 0.701289 -0.712877
vn 0.707315 0.706898 -0.000111
vn 0.707107 0.000000 0.707107
vn 0.707468 0.000000 -0.706746
vn 0.707107 0.000000 0.707107
vn -0.699883 -0.714257 -0.000414
vn -0.000150 -1.000000 -0.000001
vn -0.700082 0.714063 -0.000387
vn -0.621496 0.678469 -0.391691
vn -0.621288 -0.677475 -0.393736
vn 0.707107 -0.707107 0.000000
vn 0.577350 0.577350 -0.577350
vn 0.577350 -0.577350 -0.577350
vn -0.532675 0.533692 -0.656834
vn 0.001016 0.754754 -0.656007
vn 0.707106 -0.707107 0.001095
vn -0.532675 -0.533691 -0.656834
vn 0.999999 -0.000000 0.001549
vn -0.999999 0.000000 -0.001549
vn 0.707106 0.707107 0.001095
vn 0.534707 0.533692 -0.655181
vn -0.000000 -1.000000 0.000000
vn -0.000000 -1.000000 0.000000
vn 0.534707 -0.533692 -0.655181
vn -0.707106 0.707107 -0.001095
vn 0.000000 1.000000 -0.000000
vn 0.000000 1.000000 -0.000000
vn -0.000000 -1.000000 0.000000
vn -0.753737 0.000000 -0.657176
vn 0.755769 -0.000000 -0.654839
vn 0.000000 1.000000 -0.000000
vn 0.001016 -0.754754 -0.656007
vn -0.707106 -0.707107 -0.001095
vn 0.577932 0.577932 -0.576185
vn 0.577932 -0.577932 -0.576185
vn -0.000017 1.000000 -0.000084
vn 0.000000 1.000000 -0.000000
vn -0.000000 -1.000000 0.000000
vn 0.000000 1.000000 -0.000000
vn -0.000017 1.000000 -0.000084
vn 0.001452 0.000000 -0.999999
vn -0.000000 -1.000000 0.000000
vn -0.000017 -1.000000 -0.000084
vn 0.000000 -1.000000 0.000000
vn -0.000012 -1.000000 -0.000040
vn -0.000018 -1.000000 -0.000060
vn 0.000000 1.000000 -0.000000
vn 0.000000 1.000000 -0.000000
vn -0.000000 1.000000 -0.000000
vn -0.000000 1.000000 -0.000000
vn -0.707106 -0.707106 -0.001281
vn 0.001051 -0.549904 -0.835228
vn -0.001050 -0.550251 0.834999
vn 0.551195 -0.000000 -0.834377
vn 0.548959 -0.000000 0.835849
vn -0.001050 0.550251 0.834999
vn -0.707106 0.707106 -0.001281
vn -0.001246 -0.000000 0.999999
vn 0.001051 0.549903 -0.835228
vn 0.000000 1.000000 -0.000043
vn 0.999998 -0.000000 0.001814
vn 0.001246 0.000000 -0.999999
vn 0.000000 -1.000000 -0.000043
vn -0.999998 0.000000 -0.001875
vn 0.196629 -0.980426 0.010083
vn -0.000036 -1.000000 -0.000121
vn -0.000000 -1.000000 0.000000
vn -0.000017 -1.000000 -0.000084
vn 0.000000 1.000000 -0.000000
vn 0.000000 1.000000 -0.000000
vn 0.000000 1.000000 -0.000000
vn 0.000000 0.000000 1.000000
vn 0.001415 0.000008 -0.999999
vn -0.000034 -1.000000 -0.000168
vn -0.944976 -0.237418 0.225061
vn -0.945722 -0.230111 0.229476
vn -0.555420 -0.190169 0.809534
vn 0.000000 -0.000000 -1.000000
vn -0.810686 0.554166 0.188914
vn 0.978799 -0.188111 -0.081035
vn 0.977414 -0.211329 0.001514
vn -0.945580 -0.223024 -0.236935
vn -0.944962 -0.230229 -0.232470
vn -0.944275 0.237418 -0.227987
vn -0.944962 0.230229 -0.232470
vn 0.980198 -0.140779 -0.139261
vn -0.539018 -0.540201 0.646253
vn 0.000426 0.899518 -0.436883
vn 0.000677 0.899517 -0.436884
vn -0.216705 -0.214299 0.952426
vn -0.942929 -0.252763 0.216787
vn -0.736794 -0.197741 0.646555
vn -0.001026 -0.398819 0.917029
vn -0.001638 -0.399138 0.916890
vn -0.942928 0.252763 0.216787
vn -0.736794 0.197741 0.646555
vn -0.706332 -0.500000 -0.501095
vn -0.810097 -0.554165 -0.191424
vn -0.809534 -0.190169 -0.555420
vn -0.191085 0.810379 0.553871
vn -0.215562 0.952760 0.213966
vn -0.811250 -0.190169 0.552910
vn 0.001638 0.398820 -0.917028
vn 0.001645 0.398652 -0.917101
vn -0.001026 0.398819 0.917029
vn -0.001638 0.399138 0.916889
vn -0.555420 0.190169 0.809534
vn -0.690146 0.690542 0.216450
vn -0.501094 -0.500000 0.706332
vn 0.001638 -0.398820 -0.917028
vn 0.001645 -0.398652 -0.917101
vn -0.945580 0.223025 -0.236935
vn -0.539018 0.540201 0.646253
vn -0.946398 0.222788 0.233874
vn -0.945722 0.230111 0.229476
vn -0.944976 0.237418 0.225061
vn -0.000421 0.398668 0.917095
vn 0.000677 0.899517 -0.436884
vn -0.811250 0.190169 0.552910
vn -0.810686 -0.554165 0.188914
vn -0.707880 -0.500000 0.498904
vn -0.252348 0.943251 0.215866
vn 0.253124 0.943197 0.215193
vn 0.690828 0.690434 0.214609
vn 0.000175 0.899519 -0.436882
vn 0.943518 0.252709 0.214272
vn 0.943518 -0.252709 0.214272
vn 0.690828 -0.690434 0.214609
vn -0.188972 0.554166 -0.810672
vn -0.553870 0.810393 -0.191027
vn -0.498904 0.500000 -0.707880
vn 0.001753 -0.286103 0.958197
vn -0.141307 -0.247789 0.958453
vn 0.978544 -0.188111 0.084066
vn 0.979762 -0.140779 0.142296
vn -0.246047 -0.143068 0.958641
vn -0.284387 0.000000 0.958710
vn -0.213754 0.214299 -0.953092
vn -0.246047 0.143068 0.958641
vn -0.258819 -0.965926 0.000339
vn 0.000421 -0.399291 -0.916824
vn 0.001026 -0.399139 -0.916890
vn -0.189369 0.810378 -0.554460
vn -0.569401 0.570317 0.592048
vn -0.778151 0.208751 0.592371
vn -0.213754 -0.214299 -0.953092
vn -0.778151 -0.208751 0.592371
vn -0.944275 -0.237418 -0.227987
vn -0.552910 -0.190169 -0.811250
vn -0.569401 -0.570317 0.592048
vn -0.207835 -0.779068 0.591488
vn -0.000421 -0.398668 0.917095
vn 0.977741 -0.000000 -0.209815
vn 0.978963 -0.082551 -0.186595
vn -0.707880 0.500000 0.498904
vn 0.209666 -0.779068 0.590842
vn -0.809534 0.190169 -0.555420
vn 0.000677 -0.899517 -0.436884
vn 0.000677 -0.899517 -0.436884
vn -0.188972 -0.554166 -0.810672
vn 0.571232 -0.570317 0.590282
vn -0.499225 0.707107 -0.500774
vn -0.000677 -0.899517 0.436884
vn -0.000677 -0.899517 0.436884
vn -0.554459 0.810393 0.189311
vn -0.000175 -0.899516 0.436888
vn -0.000426 -0.899517 0.436886
vn -0.552910 0.190169 -0.811250
vn 0.779982 -0.208751 0.589958
vn 0.779982 0.208751 0.589958
vn 0.571232 0.570317 0.590282
vn -0.001645 -0.399305 0.916817
vn 0.209666 0.779068 0.590842
vn 0.000421 0.399291 -0.916824
vn 0.001026 0.399139 -0.916890
vn -0.000426 0.899517 0.436886
vn -0.000677 0.899517 0.436884
vn -0.001645 0.399305 0.916817
vn -0.207835 0.779068 0.591488
vn 0.953203 0.255342 0.161878
vn 0.945068 0.253144 0.206794
vn -0.216705 0.214299 0.952426
vn -0.000175 0.899516 0.436888
vn -0.191482 0.554166 0.810083
vn 0.978380 0.082550 0.189626
vn 0.979762 0.140779 0.142296
vn -0.946398 -0.222788 0.233874
vn 0.977086 -0.000000 0.212843
vn 0.001549 0.000000 0.999999
vn 0.001549 0.000000 0.999999
vn 0.001549 0.000000 0.999999
vn 0.001549 0.000000 0.999999
vn 0.978380 -0.082551 0.189626
vn 0.001549 0.000000 0.999999
vn -0.498904 -0.500000 -0.707880
vn 0.001549 0.000000 0.999999
vn 0.001549 0.000000 0.999999
vn 0.001549 0.000000 0.999999
vn 0.001549 0.000000 0.999999
vn 0.001549 0.000000 0.999999
vn 0.000175 -0.899519 -0.436882
vn 0.000426 -0.899518 -0.436883
vn -0.500774 0.707107 0.499225
vn 0.978544 0.188111 0.084066
vn -0.000677 0.899517 0.436884
vn -0.500774 -0.707107 0.499225
vn 0.001549 0.000000 0.999999
vn -0.499225 -0.707107 -0.500774
vn 0.001549 0.000000 0.999999
vn 0.977414 0.211329 0.001514
vn 0.978799 0.188111 -0.081035
vn -0.214898 0.952760 -0.214632
vn -0.206432 0.773876 0.598750
vn -0.206432 0.773876 0.598750
vn -0.565589 0.566517 0.599306
vn -0.565589 0.566517 0.599306
vn -0.772949 0.207360 0.599627
vn -0.772949 0.207360 0.599627
vn -0.191085 -0.810378 0.553871
vn -0.215562 -0.952760 0.213966
vn -0.772949 -0.207359 0.599627
vn -0.772949 -0.207359 0.599627
vn -0.565589 -0.566517 0.599306
vn -0.565589 -0.566517 0.599306
vn -0.810097 0.554166 -0.191424
vn -0.206432 -0.773876 0.598750
vn -0.206432 -0.773876 0.598750
vn 0.208286 -0.773876 0.598108
vn -0.214898 -0.952760 -0.214632
vn 0.567443 -0.566517 0.597551
vn 0.567443 -0.566517 0.597551
vn 0.774802 -0.207360 0.597230
vn 0.774802 -0.207360 0.597230
vn 0.001452 0.000000 -0.999999
vn 0.774802 0.207359 0.597230
vn -0.965925 0.258819 0.001496
vn 0.567443 0.566517 0.597551
vn 0.258228 0.963294 0.073370
vn -0.191482 -0.554166 0.810083
vn 0.980198 0.140779 -0.139261
vn -0.501094 0.500000 0.706332
vn -0.553870 -0.810393 -0.191027
vn -0.554459 -0.810393 0.189311
vn -0.189369 -0.810378 -0.554460
vn -0.258821 0.965876 -0.009780
vn 0.208286 0.773876 0.598108
vn 0.978963 0.082550 -0.186595
vn 0.696766 -0.696500 0.171477
vn 0.704299 -0.704158 0.090134
vn -0.707106 -0.707107 0.001095
vn -0.706332 0.500000 -0.501094
vn -0.000034 -1.000000 -0.000168
vn 0.000000 -0.000000 -1.000000
vn 0.002132 0.000000 -0.999998
vn -0.000034 1.000000 -0.000168
vn -0.000000 1.000000 -0.000000
vn -0.000034 1.000000 -0.000168
vn -0.842901 0.001241 -0.538067
vn -0.000000 1.000000 -0.000000
vn -0.000000 1.000000 -0.000000
vn -0.000000 1.000000 -0.000000
vn -0.000000 1.000000 -0.000000
vn -0.002005 0.001688 -0.999997
vn 0.000053 -0.001518 -0.999999
vn -0.001232 -0.999999 -0.000001
vn 0.001218 -0.001655 -0.999998
vn -0.659045 0.752102 -0.001264
vn -0.666174 0.745793 0.002372
vn -0.001549 -0.000000 0.999999
vn 0.999998 -0.000007 0.002003
vn -0.303745 0.952753 -0.000411
vn 0.991720 -0.128413 0.000960
vn 0.991499 -0.130114 0.000766
vn 0.673215 -0.739446 0.001037
vn 0.702729 -0.711458 0.000801
vn -0.999999 0.000000 -0.001542
vn -0.999999 0.000000 -0.001320
vn 0.731080 -0.682292 0.000563
vn 0.999998 -0.000008 0.001803
vn -0.999999 -0.000003 -0.001567
vn -0.999999 -0.000000 -0.001578
vn -0.759693 0.650281 -0.001171
vn -0.759694 0.650280 -0.001003
vn -0.072410 -0.997375 -0.000112
vn -0.072410 -0.997375 -0.000096
vn -0.000190 0.699521 -0.714612
vn -0.999889 0.000003 0.014926
vn -0.999999 0.000000 -0.001320
vn -0.001549 -0.000000 0.999999
vn 0.001121 0.000000 -0.999999
vn -0.001514 0.001413 -0.999998
vn 0.966643 0.256124 0.001487
vn 0.966642 0.256128 0.001304
vn -0.181525 -0.983386 -0.000280
vn -0.181525 -0.983386 -0.000240
vn 0.001551 -0.000022 -0.999999
vn 0.001575 -0.000030 -0.999999
vn 0.000000 1.000000 -0.000000
vn 0.385350 -0.922771 0.000223
vn -0.001649 0.001406 -0.999998
vn 0.000002 -1.000000 0.000128
vn 0.000027 -0.995488 0.094888
vn -0.999999 0.000022 -0.001577
vn 0.000005 -0.999943 0.010640
vn -0.999999 0.000007 -0.001729
vn -0.000166 0.781828 -0.623495
vn 0.972801 0.231638 0.001555
vn 0.972765 0.231792 0.001364
vn 0.976553 0.215273 0.001617
vn 0.976485 0.215580 0.001417
vn 0.000000 -0.000000 -1.000000
vn -0.402378 -0.416661 -0.815160
vn -0.471670 -0.396339 -0.787682
vn 0.745565 0.164317 -0.645858
vn 0.767850 0.015421 -0.640444
vn -0.491388 0.004231 0.870930
vn -0.706916 0.000048 0.707297
vn 0.606302 -0.557878 -0.566719
vn 0.573380 -0.574179 -0.584426
vn -0.001123 0.814065 -0.580772
vn -0.967112 0.000014 0.254352
vn 0.586033 0.062452 -0.807877
vn -0.674265 -0.371625 -0.638171
vn 0.564058 -0.473355 -0.676590
vn 0.559077 -0.442293 -0.701291
vn -0.715568 0.000793 -0.698542
vn -0.718825 0.000795 -0.695191
vn -0.157111 -0.538396 -0.827916
vn 0.728085 -0.222992 -0.648203
vn -0.538146 -0.373651 -0.755502
vn -0.137568 0.708926 -0.691736
vn -0.069428 0.718274 -0.692287
vn -0.488929 -0.569105 -0.661111
vn 0.725034 0.189727 -0.662064
vn 0.731222 0.188073 -0.655701
vn -0.000527 0.734043 -0.679102
vn -0.000758 0.727895 -0.685688
vn 0.618950 -0.502253 -0.603857
vn 0.720453 0.191741 -0.666471
vn -0.000499 0.736531 -0.676404
vn -0.711391 0.000850 -0.702796
vn 0.000107 -0.701126 -0.713037
vn 0.133798 -0.496669 -0.857566
vn -0.725401 0.000780 -0.688327
vn 0.387708 -0.367319 -0.845434
vn -0.722089 0.000787 -0.691800
vn 0.553201 -0.410524 -0.724871
vn 0.734374 0.188826 -0.651951
vn -0.704637 -0.000145 0.709568
vn 0.001006 0.000000 -1.000000
vn 0.001006 0.000000 -1.000000
vn 0.000548 1.000000 -0.000003
vn -0.700167 -0.000001 -0.713980
vn -0.700166 -0.000001 -0.713980
vn -0.574664 0.578689 0.578689
vn 0.580264 0.575888 0.575888
vn 0.012257 -0.721198 0.692621
vn 0.043890 0.999036 0.000005
vn -0.700087 -0.000065 -0.714058
vn -0.700007 -0.000129 -0.714136
vn 0.018555 -0.018228 0.999662
vn 0.009435 -0.009115 0.999914
vn 0.010116 0.005764 -0.999932
vn 0.019224 0.011527 -0.999749
vn 0.714428 -0.000000 -0.699709
vn 0.714428 -0.000000 -0.699709
vn 0.600570 0.799572 0.000397
vn 0.614108 0.785495 0.076604
vn 0.000000 1.000000 -0.000000
vn -1.000000 0.000000 -0.000075
vn -1.000000 0.000000 -0.000075
vn 0.001006 0.000000 -1.000000
vn -1.000000 0.000000 -0.000080
vn -1.000000 0.000000 -0.000080
vn -0.708562 0.705648 -0.000473
vn 0.709503 -0.000000 0.704702
vn 0.000312 0.000000 1.000000
vn 0.001007 -0.000000 -1.000000
vn 0.706272 0.707933 -0.003348
vn -0.000254 -1.000000 0.000004
vn -0.703981 -0.000002 0.710218
vn -0.000313 1.000000 -0.000000
vn 0.000463 -0.000002 1.000000
vn 0.011928 -0.724789 -0.688868
vn -0.000589 1.000000 -0.000045
vn -0.000830 1.000000 -0.000059
vn -0.709153 -0.705054 -0.000474
vn 0.706813 0.707400 0.000542
vn 0.705111 0.709097 0.000411
vn 0.000004 -1.000000 0.000000
vn 0.043231 0.800824 -0.597337
vn 0.042545 0.798994 0.599833
vn -0.000119 0.000000 1.000000
vn 0.000712 0.707107 -0.707106
vn 0.705597 0.708614 0.000448
vn 0.705596 -0.708614 0.000448
vn 0.714428 -0.000000 -0.699709
vn 0.714428 -0.000000 -0.699709
vn 0.711827 0.702354 0.000572
vn 0.709616 -0.000099 0.704589
vn 0.000000 0.707107 0.707107
vn -0.704793 0.000099 0.709413
vn -0.702671 0.711514 -0.000592
vn 0.585058 0.573910 -0.573005
vn 0.139480 0.990225 -0.000000
vn -0.380158 0.924922 -0.000000
vn -0.990225 0.139480 -0.000000
vn 0.655586 0.650350 0.383734
vn 0.655594 0.650357 0.383708
vn 0.704105 -0.710095 0.001091
vn -0.783922 0.620860 -0.000000
vn -0.704105 0.710095 -0.001090
vn -0.704105 0.710095 -0.001090
vn -0.704105 0.710095 -0.001090
vn -0.425295 0.564910 -0.707107
vn 0.704105 -0.710095 0.001092
vn -0.581917 0.772983 -0.252725
vn 0.656221 0.650391 -0.382578
vn -0.270311 -0.269449 -0.924299
vn -0.808218 0.217421 -0.547277
vn -0.000728 0.970970 -0.239201
vn -0.000000 0.967538 -0.252725
vn -0.232786 -0.098369 -0.967540
vn -0.759524 0.650479 0.000000
vn 0.270311 0.269450 0.924299
vn -0.656180 -0.650350 0.382718
vn -0.656187 -0.650357 0.382693
vn -0.582040 0.772891 -0.252725
vn -0.571931 0.774480 -0.270325
vn -0.941817 0.253362 -0.220880
vn -0.738862 -0.090125 -0.667802
vn -0.593945 0.448656 -0.667785
vn -0.670987 0.740180 0.043715
vn -0.703101 0.709016 0.054262
vn -0.734514 0.677188 0.043651
vn -0.704105 0.710095 -0.001090
vn -0.719947 0.664379 -0.200690
vn -0.704105 0.710096 -0.001090
vn -0.704105 0.710095 -0.001092
vn -0.704105 0.710095 -0.001092
vn -0.956099 -0.213501 -0.200728
vn -0.302787 0.081451 -0.949571
vn -0.002676 0.727092 -0.686535
vn -0.002245 0.266164 -0.963925
vn -0.072797 0.226806 -0.971216
vn 0.270311 0.269449 0.924299
vn -0.273172 -0.269450 0.923458
vn -0.273172 -0.269449 0.923458
vn -0.656195 -0.650365 0.382667
vn 0.704105 -0.710096 0.001091
vn 0.655601 0.650365 0.383683
vn -0.672961 0.738533 0.041143
vn -0.702900 0.708785 0.059629
vn -0.732853 0.679146 0.041075
vn -0.000000 0.707107 -0.707107
vn -0.076261 0.228037 -0.970661
vn -0.000000 0.252725 -0.967538
vn -0.655628 -0.650391 -0.383594
vn -0.651324 -0.275230 -0.707124
vn -0.704105 0.710095 -0.001092
vn 0.001124 -0.999999 -0.000206
vn 0.716524 0.000276 -0.697563
vn 0.715476 0.000138 -0.698637
vn 0.711649 0.000290 0.702535
vn -1.000000 -0.000001 -0.000041
vn 0.001006 0.000000 -1.000000
vn 0.000006 1.000000 0.000003
vn 0.000003 1.000000 0.000002
vn -0.053218 -0.000215 -0.998583
vn -0.000003 -1.000000 0.000014
vn -0.000005 -1.000000 0.000019
vn 0.000000 1.000000 -0.000000
vn -0.303745 0.952753 -0.000468
vn -0.190410 0.981705 -0.000284
vn -0.999999 0.000000 -0.001542
vn -0.779946 0.625846 -0.001202
vn -0.755006 0.655717 -0.001164
vn -0.999555 0.000005 0.029848
vn -0.001771 0.811579 -0.584240
vn -0.247584 0.778878 -0.576240
vn -0.708833 0.000907 -0.705376
vn -0.000572 -0.797388 -0.603466
vn -0.699290 -0.002219 -0.714835
vn 0.690297 0.166384 -0.704135
vn -0.000126 -0.707382 -0.706832
vn -0.565348 0.073037 -0.821613
vn 0.248731 -0.777999 -0.576932
vn 0.539504 -0.589526 -0.601161
vn -0.509106 0.572227 -0.642937
vn 0.709451 -0.704743 -0.004145
vn -1.000000 0.000000 -0.000080
vn -1.000000 -0.000000 -0.000080
vn -0.000000 -1.000000 0.000000
vn -1.000000 -0.000000 -0.000080
vn -0.700165 0.000000 -0.713981
vn -0.700165 0.000000 -0.713981
vn -1.000000 0.000000 -0.000080
vn 0.000313 -0.000000 1.000000
vn 0.705111 -0.709097 0.000411
vn 0.706813 -0.707400 0.000542
vn -0.000287 -1.000000 -0.000000
vn -0.000405 -1.000000 -0.000001
vn -0.709044 -0.705164 -0.000434
vn -0.707417 -0.706796 -0.000571
vn -1.000000 -0.000002 -0.000079
vn -0.711603 0.702582 -0.000634
vn -0.710166 0.704034 -0.000834
vn -0.000004 1.000000 -0.000628
vn 0.000119 -0.000000 -1.000000
vn 0.999913 0.013156 -0.001219
vn -0.570122 0.580489 -0.581372
vn -0.708100 0.706105 0.003195
vn 0.623846 0.766557 0.152337
vn 0.568381 0.018618 -0.822555
vn 0.704140 -0.063385 0.707227
vn 0.551723 0.696921 -0.458151
vn 1.000000 0.000029 -0.000958
vn -0.708100 -0.706105 0.003195
vn 0.001549 0.000000 -0.999999
vn 0.001549 0.000000 -0.999999
vn 0.001549 0.000000 -0.999999
vn 0.001549 0.000000 -0.999999
vn 0.001549 0.000000 -0.999999
vn -0.258819 0.965926 -0.000401
vn -0.258819 0.965926 -0.000433
vn 0.001549 0.000000 -0.999999
vn 0.001549 0.000000 -0.999999
vn 0.001549 0.000000 -0.999999
vn -0.258819 -0.965926 -0.000401
vn -0.258819 -0.965926 -0.000433
vn 0.531765 -0.530555 -0.660104
vn -0.231757 0.861842 0.451130
vn 0.258819 -0.965926 0.000339
vn 0.258819 -0.965926 0.000366
vn 0.258819 -0.965926 0.000393
vn 0.195430 -0.724835 -0.660621
vn -0.178334 -0.660562 0.729284
vn 0.175683 -0.660651 0.729846
vn 0.001549 0.000000 -0.999999
vn 0.258819 0.965926 0.000401
vn 0.258819 0.965926 0.000433
vn 0.482349 -0.483687 0.730333
vn 0.659435 -0.177054 0.730614
vn 0.659435 0.177054 0.730614
vn 0.482349 0.483687 0.730333
vn 0.175683 0.660651 0.729846
vn 0.965925 0.258819 0.001496
vn 0.965925 0.258819 0.001616
vn 0.001549 0.000000 -0.999999
vn 0.001549 0.000000 -0.999999
vn -0.707106 -0.707107 -0.001183
vn -0.707106 -0.707107 -0.001270
vn 0.001549 0.000000 -0.999999
vn -0.707106 0.707107 -0.001095
vn -0.707106 0.707107 -0.001183
vn -0.258819 -0.965926 -0.000465
vn -0.193034 0.724933 -0.661219
vn -0.231757 -0.861842 0.451130
vn -0.258819 0.965926 -0.000366
vn -0.258819 0.965926 -0.000393
vn 0.965925 0.258819 0.001365
vn 0.965925 0.258819 0.001466
vn -0.707106 -0.707107 -0.000999
vn -0.707106 -0.707107 -0.001074
vn 0.965925 0.258819 0.001264
vn 0.965924 0.258819 0.001735
vn -0.178334 0.660562 0.729284
vn -0.484844 0.483508 0.728798
vn -0.661776 0.176964 0.728517
vn -0.661776 -0.176964 0.728517
vn -0.484844 -0.483508 0.728798
vn 0.258819 0.965926 0.000339
vn 0.258819 0.965926 0.000366
vn -0.001833 -0.000000 0.999998
vn -0.001833 -0.000000 0.999998
vn -0.001833 -0.000000 0.999998
vn -0.258819 0.965926 -0.000465
vn -0.222852 -0.828728 0.513368
vn -0.178071 0.668743 -0.721854
vn -0.001833 -0.000000 0.999998
vn -0.001833 -0.000000 0.999998
vn -0.001833 -0.000000 0.999998
vn -0.001833 -0.000000 0.999998
vn -0.001833 -0.000000 0.999998
vn -0.258819 -0.965926 -0.000339
vn -0.258819 -0.965926 -0.000366
vn -0.258819 0.965926 -0.000339
vn 0.630212 0.631041 0.452350
vn 0.001833 0.000000 -0.999998
vn 0.001833 0.000000 -0.999998
vn 0.001833 0.000000 -0.999998
vn 0.001833 0.000000 -0.999998
vn 0.001833 0.000000 -0.999998
vn 0.001833 0.000000 -0.999998
vn 0.001833 0.000000 -0.999998
vn 0.001833 0.000000 -0.999998
vn 0.001833 0.000000 -0.999998
vn 0.001833 0.000000 -0.999998
vn -0.488436 0.489554 -0.722335
vn 0.001833 0.000000 -0.999998
vn 0.001833 0.000000 -0.999998
vn 0.707106 0.707107 0.001183
vn 0.707106 0.707107 0.001270
vn -0.538022 -0.310662 -0.783595
vn -0.531847 0.142525 -0.834761
vn -0.310597 0.538075 -0.783585
vn -0.143715 -0.536592 -0.831514
vn 0.000077 -0.000000 -1.000000
vn 0.143841 0.536582 -0.831498
vn 0.310707 -0.538054 -0.783555
vn -0.111485 -0.421268 -0.900058
vn -0.965925 -0.258819 -0.001496
vn -0.965925 -0.258819 -0.001616
vn -0.001549 -0.000000 0.999999
vn -0.001549 -0.000000 0.999999
vn 0.605875 -0.606671 0.514652
vn -0.306995 -0.308389 -0.900361
vn -0.001549 -0.000000 0.999999
vn -0.419874 -0.112878 -0.900536
vn -0.001549 -0.000000 0.999999
vn -0.419874 0.112878 -0.900536
vn -0.001549 -0.000000 0.999999
vn -0.306995 0.308389 -0.900361
vn -0.001549 -0.000000 0.999999
vn -0.111485 0.421268 -0.900058
vn 0.827931 0.222057 0.514996
vn 0.531940 -0.142515 -0.834703
vn 0.538108 0.310641 -0.783544
vn 0.605875 0.606671 0.514652
vn -0.233739 0.873851 -0.426323
vn 0.234627 0.874116 -0.425290
vn 0.640473 0.640065 -0.424396
vn 0.874884 0.234315 -0.423880
vn 0.874884 -0.234315 -0.423880
vn 0.640473 -0.640065 -0.424396
vn -0.965925 0.258819 -0.001496
vn -0.965925 0.258819 -0.001616
vn -0.001549 -0.000000 0.999999
vn 0.114272 0.421268 -0.899709
vn -0.001549 -0.000000 0.999999
vn 0.309783 0.308389 -0.899406
vn -0.001549 -0.000000 0.999999
vn 0.422661 0.112878 -0.899231
vn -0.001549 -0.000000 0.999999
vn 0.422661 -0.112878 -0.899231
vn -0.001549 -0.000000 0.999999
vn 0.309783 -0.308389 -0.899406
vn 0.234627 -0.874116 -0.425290
vn -0.001549 -0.000000 0.999999
vn 0.114272 -0.421268 -0.899709
vn -0.233739 -0.873851 -0.426323
vn -0.639125 -0.639534 -0.427218
vn -0.873077 -0.234050 -0.427735
vn -0.873077 0.234050 -0.427735
vn -0.639125 0.639534 -0.427218
vn 0.258819 0.965926 0.000465
vn -0.667624 0.179189 -0.722613
vn -0.178071 -0.668743 -0.721854
vn -0.707106 0.707107 -0.001270
vn 0.221261 -0.828728 0.514056
vn -0.488436 -0.489554 -0.722335
vn -0.631679 -0.630852 0.450564
vn -0.001549 -0.000000 0.999999
vn -0.001549 -0.000000 0.999999
vn -0.001549 -0.000000 0.999999
vn -0.001549 -0.000000 0.999999
vn -0.001549 -0.000000 0.999999
vn -0.001549 -0.000000 0.999999
vn -0.862539 -0.230895 0.450237
vn -0.001549 -0.000000 0.999999
vn -0.001549 -0.000000 0.999999
vn -0.001549 -0.000000 0.999999
vn -0.001549 -0.000000 0.999999
vn -0.001549 -0.000000 0.999999
vn -0.001549 -0.000000 0.999999
vn -0.440271 -0.439058 0.783192
vn -0.600977 -0.160706 0.782943
vn -0.600977 0.160706 0.782943
vn -0.965924 -0.258819 -0.001735
vn -0.440271 0.439058 0.783192
vn -0.161920 0.599764 0.783623
vn 0.159492 0.599764 0.784121
vn 0.437843 0.439058 0.784552
vn 0.230127 0.861936 0.451783
vn 0.598549 0.160706 0.784801
vn 0.598549 -0.160706 0.784801
vn 0.437843 -0.439058 0.784552
vn 0.159492 -0.599764 0.784121
vn 0.490671 0.489554 -0.720819
vn 0.221261 0.828728 0.514056
vn -0.161920 -0.599764 0.783623
vn 0.180306 -0.668743 -0.721299
vn 0.258819 -0.965926 0.000433
vn 0.258819 -0.965926 0.000465
vn -0.829522 -0.222057 0.512429
vn 0.258819 -0.965926 0.000401
vn -0.222852 0.828728 0.513368
vn 0.490671 -0.489554 -0.720819
vn -0.607466 -0.606671 0.512773
vn 0.707106 -0.707107 0.001183
vn 0.707106 -0.707107 0.001270
vn 0.531765 0.530555 -0.660104
vn -0.965925 -0.258819 -0.001365
vn -0.965925 -0.258819 -0.001466
vn -0.001870 0.000118 0.999998
vn -0.001802 -0.000000 0.999998
vn 0.114272 -0.421268 -0.899709
vn -0.002007 0.000118 0.999998
vn 0.309783 -0.308389 -0.899406
vn -0.002075 -0.000000 0.999998
vn 0.422661 -0.112878 -0.899231
vn -0.002007 -0.000118 0.999998
vn 0.422661 0.112878 -0.899231
vn -0.001870 -0.000118 0.999998
vn 0.707106 -0.707107 0.001095
vn -0.607466 0.606671 0.512773
vn 0.309783 0.308389 -0.899406
vn 0.669859 -0.179189 -0.720541
vn -0.001802 0.000000 0.999998
vn 0.114272 0.421268 -0.899709
vn -0.001871 0.000118 0.999998
vn -0.111485 0.421268 -0.900058
vn -0.002007 0.000118 0.999998
vn -0.306995 0.308389 -0.900361
vn -0.002075 -0.000000 0.999998
vn -0.419874 0.112878 -0.900536
vn 0.965925 -0.258819 0.001616
vn 0.965924 -0.258819 0.001736
vn 0.965925 -0.258819 0.001496
vn -0.002007 -0.000118 0.999998
vn -0.419874 -0.112878 -0.900536
vn -0.001871 -0.000118 0.999998
vn -0.639125 0.639534 -0.427218
vn -0.873077 0.234050 -0.427735
vn -0.873077 -0.234050 -0.427735
vn -0.639125 -0.639534 -0.427218
vn -0.233739 -0.873851 -0.426323
vn 0.234627 -0.874116 -0.425290
vn 0.640473 -0.640065 -0.424396
vn 0.874884 -0.234315 -0.423880
vn 0.874884 0.234315 -0.423880
vn 0.234627 0.874116 -0.425290
vn 0.538108 0.310641 -0.783544
vn 0.310707 -0.538054 -0.783555
vn 0.143841 0.536582 -0.831498
vn 0.000077 -0.000000 -1.000000
vn -0.143715 -0.536592 -0.831514
vn -0.310597 0.538075 -0.783585
vn -0.531847 0.142525 -0.834761
vn -0.829522 0.222057 0.512429
vn -0.538022 -0.310662 -0.783595
vn 0.669859 0.179189 -0.720541
vn 0.965925 -0.258819 0.001365
vn 0.965925 -0.258819 0.001467
vn 0.965925 -0.258819 0.001264
vn -0.862539 0.230895 0.450237
vn 0.725913 0.194183 -0.659806
vn 0.725913 -0.194183 -0.659806
vn 0.861236 -0.230990 0.452677
vn 0.195430 0.724836 -0.660621
vn -0.723854 -0.194281 -0.662035
vn -0.965925 0.258819 -0.001365
vn -0.965925 0.258819 -0.001467
vn -0.631679 0.630852 0.450564
vn 0.707106 -0.707107 0.000925
vn 0.707106 -0.707107 0.000999
vn -0.306995 -0.308389 -0.900361
vn 0.707106 -0.707107 0.001074
vn 0.630212 -0.631041 0.452350
vn 0.827931 -0.222057 0.514996
vn -0.965925 -0.258819 -0.001264
vn -0.111485 -0.421268 -0.900058
vn 0.180306 0.668743 -0.721299
vn 0.707106 0.707107 0.000999
vn 0.707106 0.707107 0.001074
vn -0.707106 0.707107 -0.000925
vn -0.707106 0.707107 -0.000999
vn -0.258819 -0.965926 -0.000393
vn -0.707106 -0.707107 -0.000925
vn 0.861236 0.230989 0.452677
vn -0.965925 0.258819 -0.001264
vn 0.258819 0.965926 0.000393
vn -0.723854 0.194281 -0.662035
vn -0.667624 -0.179189 -0.722613
vn -0.965924 0.258819 -0.001736
vn -0.193034 -0.724933 -0.661219
vn -0.529538 0.530750 -0.661736
vn -0.707106 0.707107 -0.001074
vn 0.230127 -0.861936 0.451783
vn -0.529538 -0.530750 -0.661736
vn -0.001833 -0.000000 0.999998
vn -0.001833 -0.000000 0.999998
vn -0.001833 -0.000000 0.999998
vn -0.001833 -0.000000 0.999998
vn 0.707106 0.707107 0.000925
vn 0.965926 0.258819 -0.000000
vn 0.965926 -0.258819 -0.000000
vn 0.707107 -0.707106 -0.000000
vn 0.258819 -0.965926 -0.000000
vn -0.258819 -0.965926 -0.000000
vn -0.707107 -0.707106 -0.000000
vn -0.965926 -0.258819 -0.000000
vn -0.965926 0.258819 -0.000000
vn -0.707107 0.707106 -0.000000
vn -0.258819 0.965926 -0.000000
vn 0.258819 0.965926 -0.000000
vn 0.707107 0.707106 -0.000000
vn -0.965926 0.258819 -0.000000
vn -0.707107 -0.707106 -0.000000
vn -0.258819 -0.965926 -0.000000
vn 0.258819 -0.965926 -0.000000
vn 0.707107 -0.707106 -0.000000
vn 0.965926 -0.258819 -0.000000
vn 0.965926 0.258819 -0.000000
vn 0.707107 0.707106 -0.000000
vn 0.258819 0.965926 -0.000000
vn -0.258819 0.965926 -0.000000
vn -0.707107 0.707106 -0.000000
vn -0.000124 -0.000000 1.000000
vn -0.000527 0.000697 1.000000
vn -0.000527 -0.000697 1.000000
vn -0.001332 -0.000698 0.999999
vn -0.001735 -0.000000 0.999999
vn -0.001332 0.000697 0.999999
vn -0.000527 0.000697 1.000000
vn -0.000125 -0.000000 1.000000
vn -0.000527 -0.000697 1.000000
vn -0.001332 -0.000697 0.999999
vn -0.001735 0.000000 0.999999
vn -0.001332 0.000698 0.999999
vn -0.001722 0.000000 0.999999
vn -0.001322 -0.000692 0.999999
vn -0.000523 -0.000692 1.000000
vn -0.000124 -0.000000 1.000000
vn -0.000523 0.000692 1.000000
vn -0.001322 0.000692 0.999999
vn -0.001722 -0.000000 0.999999
vn -0.001322 -0.000692 0.999999
vn -0.000523 -0.000692 1.000000
vn -0.000123 -0.000000 1.000000
vn -0.000523 0.000692 1.000000
vn -0.001322 0.000692 0.999999
vn 0.258704 0.965957 -0.000000
vn 0.258704 0.965957 0.000000
vn 0.965918 0.258848 0.000000
vn 0.965918 0.258848 0.000000
vn 0.707045 0.707168 -0.000000
vn 0.707045 0.707168 0.000000
vn 0.965918 -0.258848 0.000000
vn 0.965918 -0.258848 0.000000
vn 0.965918 0.258850 -0.000000
vn 0.965918 0.258850 0.000000
vn 0.707049 -0.707165 0.000000
vn 0.707049 -0.707165 0.000000
vn 0.965918 -0.258850 -0.000000
vn 0.965918 -0.258850 0.000000
vn 0.258710 -0.965955 0.000000
vn 0.258710 -0.965955 0.000000
vn 0.707045 -0.707168 -0.000000
vn 0.707045 -0.707168 0.000000
vn -0.258928 -0.965897 -0.000000
vn -0.258928 -0.965897 0.000000
vn 0.258704 -0.965957 -0.000000
vn 0.258704 -0.965957 0.000000
vn -0.707166 -0.707048 -0.000000
vn -0.707166 -0.707048 0.000000
vn -0.258935 -0.965895 0.000000
vn -0.258935 -0.965895 0.000000
vn -0.965934 -0.258790 -0.000000
vn -0.965934 -0.258790 0.000000
vn -0.707169 -0.707044 0.000000
vn -0.707169 -0.707044 0.000000
vn -0.965934 0.258790 -0.000000
vn -0.965934 0.258790 0.000000
vn -0.965934 -0.258788 0.000000
vn -0.965934 -0.258788 0.000000
vn -0.707166 0.707048 -0.000000
vn -0.707166 0.707048 0.000000
vn -0.965934 0.258788 0.000000
vn -0.965934 0.258788 0.000000
vn -0.258928 0.965897 -0.000000
vn -0.258928 0.965897 0.000000
vn -0.707169 0.707044 0.000000
vn -0.707169 0.707044 0.000000
vn 0.258710 0.965955 0.000000
vn 0.258710 0.965955 0.000000
vn -0.258935 0.965895 0.000000
vn -0.258935 0.965895 0.000000
vn 0.707049 0.707165 0.000000
vn 0.707049 0.707165 0.000000
vn -0.700651 -0.700440 0.135915
vn 0.965925 0.258819 0.001496
vn -0.953203 -0.255342 0.161878
vn 0.965925 -0.258819 0.001496
vn -0.955677 0.256012 0.145396
vn 0.707106 -0.707107 0.001095
vn -0.704299 0.704158 0.090134
vn -0.707106 0.707107 -0.001095
vn -0.120817 0.211862 -0.969803
vn 0.001502 0.244637 -0.969613
vn -0.181917 0.683013 -0.707389
vn 0.123820 0.211862 -0.969424
vn 0.184108 0.683013 -0.706823
vn 0.258819 -0.965926 0.000401
vn 0.213363 0.122319 -0.969285
vn 0.501095 0.500000 -0.706332
vn 0.246139 0.000000 -0.969235
vn 0.684107 0.183013 -0.706048
vn 0.213363 -0.122319 -0.969285
vn 0.684107 -0.183013 -0.706048
vn 0.123820 -0.211862 -0.969424
vn 0.501094 -0.500000 -0.706332
vn 0.250808 -0.934570 -0.252337
vn 0.184108 -0.683013 -0.706823
vn -0.250026 -0.934570 -0.253112
vn -0.181917 -0.683013 -0.707389
vn -0.683761 -0.684153 -0.253784
vn -0.498904 -0.500000 -0.707880
vn -0.934178 -0.250417 -0.254172
vn -0.681917 -0.183013 -0.708164
vn -0.934178 0.250417 -0.254172
vn -0.681917 0.183013 -0.708164
vn -0.683761 0.684153 -0.253784
vn -0.498904 0.500000 -0.707880
vn -0.250026 0.934570 -0.253112
vn 0.250808 0.934570 -0.252337
vn 0.693806 0.693504 -0.194128
vn 0.684543 0.684153 -0.251665
vn 0.945068 0.253144 -0.206794
vn 0.934960 0.250417 -0.251277
vn 0.946701 -0.253585 -0.198626
vn 0.934960 -0.250417 -0.251277
vn 0.696766 -0.696500 -0.171477
vn 0.684543 -0.684153 -0.251665
vn 0.001502 -0.244637 -0.969613
vn -0.120817 -0.211862 -0.969803
vn -0.210360 -0.122319 -0.969942
vn -0.243135 0.000000 -0.969992
vn -0.210360 0.122319 -0.969942
vn -0.258819 -0.965926 -0.000401
vn -0.772949 0.207360 -0.599627
vn -0.772949 -0.207359 -0.599627
vn -0.772949 -0.207359 -0.599627
vn -0.565589 -0.566517 -0.599306
vn -0.206432 -0.773876 -0.598750
vn -0.206432 -0.773876 -0.598750
vn 0.208286 -0.773876 -0.598108
vn 0.208286 -0.773876 -0.598108
vn 0.567443 -0.566517 -0.597551
vn 0.774802 -0.207360 -0.597230
vn 0.774802 -0.207360 -0.597230
vn 0.774802 0.207359 -0.597230
vn 0.567443 0.566517 -0.597551
vn -0.258819 0.965926 -0.000401
vn -0.258228 -0.963294 0.073370
vn 0.700651 0.700440 -0.135915
vn 0.707106 0.707107 0.001095
vn 0.258821 -0.965876 -0.009780
vn 0.258819 0.965926 0.000401
vn -0.965925 -0.258819 -0.001496
vn 0.955677 -0.256012 -0.145396
vn -0.565589 0.566517 -0.599306
vn -0.707106 -0.707107 -0.001095
vn 0.704299 -0.704158 -0.090134
vn -0.206432 0.773876 -0.598750
vn 0.208286 0.773876 -0.598108
vn -0.258821 0.965876 0.009780
vn 0.258228 0.963294 -0.073370
vn -0.965925 0.258819 -0.001496
vn 0.774802 -0.207360 -0.597230
vn 0.567443 -0.566517 -0.597551
vn -0.206432 -0.773876 -0.598750
vn -0.565589 -0.566517 -0.599306
vn -0.772949 -0.207359 -0.599627
vn -0.772949 0.207360 -0.599627
vn -0.565589 0.566517 -0.599306
vn -0.206432 0.773876 -0.598750
vn 0.001549 0.000000 -0.999999
vn 0.001549 0.000000 -0.999999
vn 0.001549 0.000000 -0.999999
vn 0.001549 0.000000 -0.999999
vn 0.001549 0.000000 -0.999999
vn 0.001549 0.000000 -0.999999
vn 0.001549 0.000000 -0.999999
vn 0.001549 0.000000 -0.999999
vn 0.001549 0.000000 -0.999999
vn 0.001549 0.000000 -0.999999
vn 0.001549 0.000000 -0.999999
vn 0.001549 0.000000 -0.999999
vn 0.953203 0.255342 -0.161878
vn -0.207835 0.779068 -0.591488
vn 0.209666 0.779068 -0.590842
vn 0.571232 0.570317 -0.590282
vn 0.779982 0.208751 -0.589958
vn 0.779982 -0.208751 -0.589958
vn 0.571232 -0.570317 -0.590282
vn 0.209666 -0.779068 -0.590842
vn -0.207835 -0.779068 -0.591488
vn -0.569401 -0.570317 -0.592048
vn -0.778151 -0.208751 -0.592371
vn -0.778151 0.208751 -0.592371
vn -0.569401 0.570317 -0.592048
vn -0.246047 0.143068 -0.958641
vn -0.141307 0.247789 -0.958453
vn -0.284387 0.000000 -0.958710
vn -0.246047 -0.143068 -0.958641
vn -0.141307 -0.247789 -0.958453
vn 0.001753 -0.286103 -0.958197
vn 0.144795 -0.247756 -0.957941
vn 0.699062 -0.698783 -0.151704
vn 0.690828 -0.690434 -0.214609
vn 0.950455 -0.254586 -0.178384
vn 0.943518 -0.252709 -0.214272
vn 0.949019 0.254197 -0.186406
vn 0.943518 0.252709 -0.214272
vn 0.696489 0.696169 -0.173931
vn 0.690828 0.690434 -0.214609
vn 0.256374 0.955814 -0.143845
vn 0.253124 0.943197 -0.215193
vn -0.252348 0.943251 -0.215866
vn -0.539018 0.540201 -0.646253
vn -0.690146 0.690542 -0.216450
vn -0.736794 0.197741 -0.646555
vn -0.942928 0.252763 -0.216787
vn -0.736794 -0.197741 -0.646555
vn -0.942929 -0.252763 -0.216787
vn -0.539018 -0.540201 -0.646253
vn -0.690146 -0.690542 -0.216450
vn -0.196521 -0.737843 -0.645729
vn -0.252348 -0.943251 -0.215866
vn 0.198861 -0.737745 -0.645126
vn 0.253124 -0.943197 -0.215193
vn 0.541186 -0.540004 -0.644603
vn 0.249496 -0.143035 -0.957754
vn 0.738792 -0.197642 -0.644301
vn 0.287817 0.000000 -0.957685
vn 0.738792 0.197642 -0.644301
vn 0.249496 0.143035 -0.957754
vn 0.541186 0.540004 -0.644603
vn 0.144795 0.247756 -0.957941
vn 0.198861 0.737745 -0.645126
vn 0.001753 0.286103 -0.958197
vn -0.196521 0.737843 -0.645730
vn 0.953752 0.255479 -0.158389
vn 0.258275 0.963404 -0.071740
vn -0.258824 0.965877 0.009586
vn 0.219834 0.816783 -0.533422
vn 0.219834 0.816783 -0.533422
vn -0.217905 0.816883 -0.534060
vn -0.217905 0.816883 -0.534060
vn 0.704434 -0.704271 -0.088177
vn -0.707106 -0.707107 -0.000925
vn -0.597084 0.598063 -0.534613
vn -0.597084 0.598063 -0.534613
vn 0.956120 -0.256121 -0.142257
vn -0.965925 -0.258819 -0.001264
vn 0.700951 0.700707 -0.132955
vn -0.816040 0.218920 -0.534932
vn -0.816040 0.218920 -0.534932
vn -0.816040 -0.218920 -0.534932
vn -0.816040 -0.218920 -0.534932
vn -0.597084 -0.598063 -0.534613
vn -0.217905 -0.816883 -0.534060
vn -0.217905 -0.816883 -0.534060
vn 0.219834 -0.816783 -0.533422
vn 0.219834 -0.816783 -0.533422
vn 0.598840 -0.597863 -0.532870
vn 0.598840 -0.597863 -0.532870
vn 0.817623 -0.218820 -0.532551
vn 0.817623 -0.218820 -0.532551
vn 0.817623 0.218820 -0.532551
vn 0.817623 0.218820 -0.532551
vn 0.598840 0.597863 -0.532870
vn 0.598840 0.597863 -0.532870
vn -0.965925 0.258819 -0.001264
vn 0.817623 0.218820 -0.532551
vn 0.817623 -0.218820 -0.532551
vn 0.598840 -0.597863 -0.532870
vn -0.597084 -0.598063 -0.534613
vn -0.816040 -0.218920 -0.534932
vn -0.816040 0.218920 -0.534932
vn 0.001766 -0.000000 -0.999998
vn 0.001924 -0.000273 -0.999998
vn 0.001923 0.000272 -0.999998
vn 0.002237 0.000272 -0.999998
vn 0.002394 0.000000 -0.999997
vn 0.002237 -0.000272 -0.999998
vn 0.001923 -0.000272 -0.999998
vn 0.001766 0.000001 -0.999998
vn 0.001924 0.000273 -0.999998
vn 0.002238 0.000273 -0.999997
vn 0.002396 0.000000 -0.999997
vn 0.002238 -0.000273 -0.999997
vn -0.219083 0.821233 -0.526858
vn 0.220987 0.821133 -0.526218
vn 0.602012 0.601048 -0.525664
vn 0.821961 0.219985 -0.525345
vn 0.821961 -0.219985 -0.525345
vn 0.602012 -0.601048 -0.525664
vn 0.220987 -0.821133 -0.526218
vn -0.219083 -0.821233 -0.526858
vn -0.600281 -0.601247 -0.527413
vn -0.820403 -0.220085 -0.527733
vn -0.820403 0.220085 -0.527733
vn -0.600281 0.601247 -0.527412
vn 0.258824 -0.965877 -0.009586
vn -0.258275 -0.963404 0.071740
vn 0.707106 0.707107 0.000925
vn -0.700951 -0.700707 0.132955
vn 0.965925 0.258819 0.001264
vn -0.953752 -0.255479 0.158389
vn 0.965925 -0.258819 0.001264
vn -0.956120 0.256121 0.142257
vn 0.707106 -0.707107 0.000925
vn -0.704434 0.704271 0.088177
vn -0.707106 0.707107 -0.000925
vn -0.258935 0.965895 -0.000000
vn 0.258819 -0.965926 -0.000339
vn -0.707169 0.707044 -0.000000
vn -0.707106 0.707107 0.000925
vn -0.965934 0.258788 -0.000000
vn -0.704434 0.704271 -0.088177
vn -0.965934 -0.258788 -0.000000
vn 0.707106 -0.707107 -0.000925
vn -0.707169 -0.707044 -0.000000
vn -0.956120 0.256121 -0.142257
vn -0.258935 -0.965895 -0.000000
vn 0.965925 -0.258819 -0.001264
vn 0.258704 -0.965957 0.000000
vn -0.953752 -0.255479 -0.158389
vn 0.707045 -0.707168 0.000000
vn 0.965925 0.258819 -0.001264
vn 0.965918 -0.258850 0.000000
vn -0.700951 -0.700707 -0.132955
vn 0.965918 0.258850 0.000000
vn 0.707106 0.707107 -0.000925
vn 0.707045 0.707168 0.000000
vn -0.258275 -0.963404 -0.071740
vn 0.258704 0.965957 0.000000
vn 0.258819 0.965926 -0.000339
vn 0.001549 0.000000 0.999999
vn 0.001549 0.000000 0.999999
vn 0.001549 0.000000 0.999999
vn 0.001549 0.000000 0.999999
vn 0.001549 0.000000 0.999999
vn -0.258819 0.965926 0.000401
vn -0.258819 0.965926 0.000433
vn 0.001549 0.000000 0.999999
vn 0.001549 0.000000 0.999999
vn 0.001549 0.000000 0.999999
vn -0.258819 -0.965926 0.000401
vn -0.258819 -0.965926 0.000433
vn 0.531765 -0.530555 0.660104
vn -0.231757 0.861842 -0.451130
vn 0.258819 -0.965926 -0.000366
vn 0.258819 -0.965926 -0.000393
vn 0.195430 -0.724835 0.660621
vn -0.178334 -0.660562 -0.729284
vn 0.175683 -0.660651 -0.729846
vn 0.001549 0.000000 0.999999
vn 0.258819 0.965926 -0.000401
vn 0.258819 0.965926 -0.000433
vn 0.482349 -0.483687 -0.730333
vn 0.659435 -0.177054 -0.730614
vn 0.659435 0.177054 -0.730614
vn 0.482349 0.483687 -0.730333
vn 0.175683 0.660651 -0.729846
vn 0.965925 0.258819 -0.001496
vn 0.965925 0.258819 -0.001616
vn 0.001549 0.000000 0.999999
vn 0.001549 0.000000 0.999999
vn -0.707106 -0.707107 0.001183
vn -0.707106 -0.707107 0.001270
vn 0.001549 0.000000 0.999999
vn -0.707106 0.707107 0.001095
vn -0.707106 0.707107 0.001183
vn -0.258819 -0.965926 0.000465
vn -0.193034 0.724933 0.661219
vn -0.231757 -0.861842 -0.451130
vn -0.258819 0.965926 0.000366
vn -0.258819 0.965926 0.000393
vn 0.965925 0.258819 -0.001365
vn 0.965925 0.258819 -0.001466
vn -0.707106 -0.707107 0.000999
vn -0.707106 -0.707107 0.001074
vn 0.965925 0.258819 -0.001264
vn 0.965924 0.258819 -0.001735
vn -0.178334 0.660562 -0.729284
vn -0.484844 0.483508 -0.728798
vn -0.661776 0.176964 -0.728517
vn -0.661776 -0.176964 -0.728517
vn -0.484844 -0.483508 -0.728798
vn 0.258819 0.965926 -0.000366
vn -0.001833 -0.000000 -0.999998
vn -0.001833 -0.000000 -0.999998
vn -0.001833 -0.000000 -0.999998
vn -0.258819 0.965926 0.000465
vn -0.222852 -0.828728 -0.513368
vn -0.178071 0.668743 0.721854
vn -0.001833 -0.000000 -0.999998
vn -0.001833 -0.000000 -0.999998
vn -0.001833 -0.000000 -0.999998
vn -0.001833 -0.000000 -0.999998
vn -0.001833 -0.000000 -0.999998
vn -0.258819 -0.965926 0.000366
vn -0.258819 0.965926 0.000339
vn 0.630212 0.631041 -0.452350
vn 0.001833 0.000000 0.999998
vn 0.001833 0.000000 0.999998
vn 0.001833 0.000000 0.999998
vn 0.001833 0.000000 0.999998
vn 0.001833 0.000000 0.999998
vn 0.001833 0.000000 0.999998
vn 0.001833 0.000000 0.999998
vn 0.001833 0.000000 0.999998
vn 0.001833 0.000000 0.999998
vn 0.001833 0.000000 0.999998
vn -0.488436 0.489554 0.722335
vn 0.001833 0.000000 0.999998
vn 0.001833 0.000000 0.999998
vn 0.707106 0.707107 -0.001183
vn 0.707106 0.707107 -0.001270
vn -0.538022 -0.310662 0.783595
vn -0.531847 0.142525 0.834761
vn -0.310597 0.538075 0.783585
vn -0.143715 -0.536592 0.831514
vn 0.000077 -0.000000 1.000000
vn 0.143841 0.536582 0.831498
vn 0.310707 -0.538054 0.783555
vn -0.111485 -0.421268 0.900058
vn -0.965925 -0.258819 0.001496
vn -0.965925 -0.258819 0.001616
vn -0.001549 -0.000000 -0.999999
vn -0.001549 -0.000000 -0.999999
vn 0.605875 -0.606671 -0.514652
vn -0.306995 -0.308389 0.900361
vn -0.001549 -0.000000 -0.999999
vn -0.419874 -0.112878 0.900536
vn -0.001549 -0.000000 -0.999999
vn -0.419874 0.112878 0.900536
vn -0.001549 -0.000000 -0.999999
vn -0.306995 0.308389 0.900361
vn -0.001549 -0.000000 -0.999999
vn -0.111485 0.421268 0.900058
vn 0.827931 0.222057 -0.514996
vn 0.531940 -0.142515 0.834703
vn 0.538108 0.310641 0.783544
vn 0.605875 0.606671 -0.514652
vn -0.233739 0.873851 0.426323
vn 0.234627 0.874116 0.425290
vn 0.640473 0.640065 0.424396
vn 0.874884 0.234315 0.423880
vn 0.874884 -0.234315 0.423880
vn 0.640473 -0.640065 0.424396
vn -0.965925 0.258819 0.001496
vn -0.965925 0.258819 0.001616
vn -0.001549 -0.000000 -0.999999
vn 0.114272 0.421268 0.899709
vn -0.001549 -0.000000 -0.999999
vn 0.309783 0.308389 0.899406
vn -0.001549 -0.000000 -0.999999
vn 0.422661 0.112878 0.899231
vn -0.001549 -0.000000 -0.999999
vn 0.422661 -0.112878 0.899231
vn -0.001549 -0.000000 -0.999999
vn 0.309783 -0.308389 0.899406
vn 0.234627 -0.874116 0.425290
vn -0.001549 -0.000000 -0.999999
vn 0.114272 -0.421268 0.899709
vn -0.233739 -0.873851 0.426323
vn -0.639125 -0.639534 0.427218
vn -0.873077 -0.234050 0.427735
vn -0.873077 0.234050 0.427735
vn -0.639125 0.639534 0.427218
vn 0.258819 0.965926 -0.000465
vn -0.667624 0.179189 0.722613
vn -0.178071 -0.668743 0.721854
vn -0.707106 0.707107 0.001270
vn 0.221261 -0.828728 -0.514056
vn -0.488436 -0.489554 0.722335
vn -0.631679 -0.630852 -0.450564
vn -0.001549 -0.000000 -0.999999
vn -0.001549 -0.000000 -0.999999
vn -0.001549 -0.000000 -0.999999
vn -0.001549 -0.000000 -0.999999
vn -0.001549 -0.000000 -0.999999
vn -0.001549 -0.000000 -0.999999
vn -0.862539 -0.230895 -0.450237
vn -0.001549 -0.000000 -0.999999
vn -0.001549 -0.000000 -0.999999
vn -0.001549 -0.000000 -0.999999
vn -0.001549 -0.000000 -0.999999
vn -0.001549 -0.000000 -0.999999
vn -0.001549 -0.000000 -0.999999
vn -0.440271 -0.439058 -0.783192
vn -0.600977 -0.160706 -0.782943
vn -0.600977 0.160706 -0.782943
vn -0.965924 -0.258819 0.001735
vn -0.440271 0.439058 -0.783192
vn -0.161920 0.599764 -0.783623
vn 0.159492 0.599764 -0.784121
vn 0.437843 0.439058 -0.784552
vn 0.230127 0.861936 -0.451783
vn 0.598549 0.160706 -0.784801
vn 0.598549 -0.160706 -0.784801
vn 0.437843 -0.439058 -0.784552
vn 0.159492 -0.599764 -0.784121
vn 0.490671 0.489554 0.720819
vn 0.221261 0.828728 -0.514056
vn -0.161920 -0.599764 -0.783623
vn 0.180306 -0.668743 0.721299
vn 0.258819 -0.965926 -0.000433
vn 0.258819 -0.965926 -0.000465
vn -0.829522 -0.222057 -0.512429
vn 0.258819 -0.965926 -0.000401
vn -0.222852 0.828728 -0.513368
vn 0.490671 -0.489554 0.720819
vn -0.607466 -0.606671 -0.512773
vn 0.707106 -0.707107 -0.001183
vn 0.707106 -0.707107 -0.001270
vn 0.531765 0.530555 0.660104
vn -0.965925 -0.258819 0.001365
vn -0.965925 -0.258819 0.001466
vn -0.001870 0.000118 -0.999998
vn -0.001802 -0.000000 -0.999998
vn 0.114272 -0.421268 0.899709
vn -0.002007 0.000118 -0.999998
vn 0.309783 -0.308389 0.899406
vn -0.002075 -0.000000 -0.999998
vn 0.422661 -0.112878 0.899231
vn -0.002007 -0.000118 -0.999998
vn 0.422661 0.112878 0.899231
vn -0.001870 -0.000118 -0.999998
vn 0.707106 -0.707107 -0.001095
vn -0.607466 0.606671 -0.512773
vn 0.309783 0.308389 0.899406
vn 0.669859 -0.179189 0.720541
vn -0.001802 0.000000 -0.999998
vn 0.114272 0.421268 0.899709
vn -0.001871 0.000118 -0.999998
vn -0.111485 0.421268 0.900058
vn -0.002007 0.000118 -0.999998
vn -0.306995 0.308389 0.900361
vn -0.002075 -0.000000 -0.999998
vn -0.419874 0.112878 0.900536
vn 0.965925 -0.258819 -0.001616
vn 0.965924 -0.258819 -0.001736
vn 0.965925 -0.258819 -0.001496
vn -0.002007 -0.000118 -0.999998
vn -0.419874 -0.112878 0.900536
vn -0.001871 -0.000118 -0.999998
vn -0.639125 0.639534 0.427218
vn -0.873077 0.234050 0.427735
vn -0.873077 -0.234050 0.427735
vn -0.639125 -0.639534 0.427218
vn -0.233739 -0.873851 0.426323
vn 0.234627 -0.874116 0.425290
vn 0.640473 -0.640065 0.424396
vn 0.874884 -0.234315 0.423880
vn 0.874884 0.234315 0.423880
vn 0.234627 0.874116 0.425290
vn 0.538108 0.310641 0.783544
vn 0.310707 -0.538054 0.783555
vn 0.143841 0.536582 0.831498
vn 0.000077 -0.000000 1.000000
vn -0.143715 -0.536592 0.831514
vn -0.310597 0.538075 0.783585
vn -0.531847 0.142525 0.834761
vn -0.829522 0.222057 -0.512429
vn -0.538022 -0.310662 0.783595
vn 0.669859 0.179189 0.720541
vn 0.965925 -0.258819 -0.001365
vn 0.965925 -0.258819 -0.001467
vn 0.965925 -0.258819 -0.001264
vn -0.862539 0.230895 -0.450237
vn 0.725913 0.194183 0.659806
vn 0.725913 -0.194183 0.659806
vn 0.861236 -0.230990 -0.452677
vn 0.195430 0.724836 0.660621
vn -0.723854 -0.194281 0.662035
vn -0.965925 0.258819 0.001365
vn -0.965925 0.258819 0.001467
vn -0.631679 0.630852 -0.450564
vn 0.707106 -0.707107 -0.000925
vn 0.707106 -0.707107 -0.000999
vn -0.306995 -0.308389 0.900361
vn 0.707106 -0.707107 -0.001074
vn 0.630212 -0.631041 -0.452350
vn 0.827931 -0.222057 -0.514996
vn -0.965925 -0.258819 0.001264
vn -0.111485 -0.421268 0.900058
vn 0.180306 0.668743 0.721299
vn 0.707106 0.707107 -0.000999
vn 0.707106 0.707107 -0.001074
vn -0.707106 0.707107 0.000925
vn -0.707106 0.707107 0.000999
vn -0.258819 -0.965926 0.000393
vn -0.707106 -0.707107 0.000925
vn 0.861236 0.230989 -0.452677
vn -0.965925 0.258819 0.001264
vn 0.258819 0.965926 -0.000393
vn -0.723854 0.194281 0.662035
vn -0.667624 -0.179189 0.722613
vn -0.965924 0.258819 0.001736
vn -0.193034 -0.724933 0.661219
vn -0.529538 0.530750 0.661736
vn -0.707106 0.707107 0.001074
vn 0.230127 -0.861936 -0.451783
vn -0.529538 -0.530750 0.661736
vn -0.001833 -0.000000 -0.999998
vn -0.001833 -0.000000 -0.999998
vn -0.001833 -0.000000 -0.999998
vn -0.001833 -0.000000 -0.999998
vn 0.707106 0.707107 -0.000925
vn 0.965926 0.258819 0.000000
vn 0.965926 -0.258819 0.000000
vn 0.707107 -0.707106 0.000000
vn 0.258819 -0.965926 0.000000
vn -0.258819 -0.965926 0.000000
vn -0.707107 -0.707106 0.000000
vn -0.965926 -0.258819 0.000000
vn -0.965926 0.258819 0.000000
vn -0.707107 0.707106 0.000000
vn -0.258819 0.965926 0.000000
vn 0.258819 0.965926 0.000000
vn 0.707107 0.707106 0.000000
vn -0.965926 0.258819 0.000000
vn -0.707107 -0.707106 0.000000
vn -0.258819 -0.965926 0.000000
vn 0.258819 -0.965926 0.000000
vn 0.707107 -0.707106 0.000000
vn 0.965926 -0.258819 0.000000
vn 0.965926 0.258819 0.000000
vn 0.707107 0.707106 0.000000
vn 0.258819 0.965926 0.000000
vn -0.258819 0.965926 0.000000
vn -0.707107 0.707106 0.000000
vn -0.000124 -0.000000 -1.000000
vn -0.000527 0.000697 -1.000000
vn -0.000527 -0.000697 -1.000000
vn -0.001332 -0.000698 -0.999999
vn -0.001735 -0.000000 -0.999999
vn -0.001332 0.000697 -0.999999
vn -0.000527 0.000697 -1.000000
vn -0.000125 -0.000000 -1.000000
vn -0.000527 -0.000697 -1.000000
vn -0.001332 -0.000697 -0.999999
vn -0.001735 0.000000 -0.999999
vn -0.001332 0.000698 -0.999999
vn -0.001722 0.000000 -0.999999
vn -0.001322 -0.000692 -0.999999
vn -0.000523 -0.000692 -1.000000
vn -0.000124 -0.000000 -1.000000
vn -0.000523 0.000692 -1.000000
vn -0.001322 0.000692 -0.999999
vn -0.001722 -0.000000 -0.999999
vn -0.001322 -0.000692 -0.999999
vn -0.000523 -0.000692 -1.000000
vn -0.000123 -0.000000 -1.000000
vn -0.000523 0.000692 -1.000000
vn -0.001322 0.000692 -0.999999
vn 0.258824 -0.965877 0.009586
vn 0.965918 0.258848 -0.000000
vn 0.965918 -0.258848 -0.000000
vn -0.600281 0.601247 0.527412
vn 0.707049 -0.707165 -0.000000
vn -0.820403 0.220085 0.527733
vn 0.258710 -0.965955 -0.000000
vn -0.820403 -0.220085 0.527733
vn -0.258928 -0.965897 0.000000
vn -0.600281 -0.601247 0.527413
vn -0.707166 -0.707048 0.000000
vn -0.219083 -0.821233 0.526858
vn -0.965934 -0.258790 0.000000
vn 0.220987 -0.821133 0.526218
vn -0.965934 0.258790 0.000000
vn 0.602012 -0.601048 0.525664
vn -0.707166 0.707048 0.000000
vn 0.821961 -0.219985 0.525345
vn -0.258928 0.965897 0.000000
vn 0.821961 0.219985 0.525345
vn 0.258710 0.965955 -0.000000
vn 0.602012 0.601048 0.525664
vn 0.707049 0.707165 -0.000000
vn -0.700651 -0.700440 -0.135915
vn 0.965925 0.258819 -0.001496
vn -0.953203 -0.255342 -0.161878
vn 0.965925 -0.258819 -0.001496
vn -0.955677 0.256012 -0.145396
vn 0.707106 -0.707107 -0.001095
vn -0.704299 0.704158 -0.090134
vn -0.707106 0.707107 0.001095
vn -0.120817 0.211862 0.969803
vn 0.001502 0.244637 0.969613
vn -0.181917 0.683013 0.707389
vn 0.123820 0.211862 0.969424
vn 0.184108 0.683013 0.706823
vn 0.258819 -0.965926 -0.000401
vn 0.213363 0.122319 0.969285
vn 0.501095 0.500000 0.706332
vn 0.246139 0.000000 0.969235
vn 0.684107 0.183013 0.706048
vn 0.213363 -0.122319 0.969285
vn 0.684107 -0.183013 0.706048
vn 0.123820 -0.211862 0.969424
vn 0.501094 -0.500000 0.706332
vn 0.250808 -0.934570 0.252337
vn 0.184108 -0.683013 0.706823
vn -0.250026 -0.934570 0.253112
vn -0.181917 -0.683013 0.707389
vn -0.683761 -0.684153 0.253784
vn -0.498904 -0.500000 0.707880
vn -0.934178 -0.250417 0.254172
vn -0.681917 -0.183013 0.708164
vn -0.934178 0.250417 0.254172
vn -0.681917 0.183013 0.708164
vn -0.683761 0.684153 0.253784
vn -0.498904 0.500000 0.707880
vn -0.250026 0.934570 0.253112
vn 0.250808 0.934570 0.252337
vn 0.693806 0.693504 0.194128
vn 0.684543 0.684153 0.251665
vn 0.934960 0.250417 0.251277
vn 0.946701 -0.253585 0.198626
vn 0.934960 -0.250417 0.251277
vn 0.684543 -0.684153 0.251665
vn 0.001502 -0.244637 0.969613
vn -0.120817 -0.211862 0.969803
vn -0.210360 -0.122319 0.969942
vn -0.243135 0.000000 0.969992
vn -0.210360 0.122319 0.969942
vn -0.258819 -0.965926 0.000401
vn -0.772949 -0.207359 0.599627
vn -0.206432 -0.773876 0.598750
vn 0.208286 -0.773876 0.598108
vn 0.774802 -0.207360 0.597230
vn -0.258819 0.965926 0.000401
vn -0.258228 -0.963294 -0.073370
vn 0.700651 0.700440 0.135915
vn 0.707106 0.707107 -0.001095
vn 0.258821 -0.965876 0.009780
vn 0.258819 0.965926 -0.000401
vn -0.965925 -0.258819 0.001496
vn 0.955677 -0.256012 0.145396
vn -0.891223 -0.376605 -0.252766
vn -0.965667 0.259782 0.000000
vn -0.983371 -0.181609 0.000000
vn -0.425373 0.564852 -0.707107
vn -0.152031 0.201882 -0.967538
vn -0.408069 0.544032 -0.733150
vn -0.142870 0.185955 -0.972116
vn 0.999999 -0.000000 0.001549
vn 0.999999 -0.000000 0.001549
vn 0.999999 -0.000000 0.001549
vn 0.999999 -0.000000 -0.001549
vn 0.999999 -0.000000 -0.001549
vn 0.999999 -0.000000 -0.001549
vn 0.999999 -0.000000 -0.001549
vn 0.999999 -0.000000 0.001549
vn 0.999999 -0.000000 0.001549
vn 0.999999 -0.000000 0.001549
vn 0.999999 -0.000000 0.001549
vn 0.999999 -0.000000 -0.001549
vn 0.999999 -0.000000 -0.001549
vn 0.999999 -0.000000 -0.001549
vn 0.999999 -0.000000 0.001549
vn 0.999999 -0.000000 0.001549
vn 0.999999 -0.000000 0.001549
vn 0.999999 -0.000000 0.001549
vn 0.999999 -0.000000 0.001549
vn 0.999999 -0.000000 0.001549
vn 0.999999 -0.000000 0.001549
vn 0.999999 -0.000000 0.001549
vn 0.999999 -0.000000 -0.001549
vn 0.999999 -0.000000 -0.001549
vn 0.999999 -0.000000 -0.001549
vn 0.999999 -0.000000 -0.001549
vn 0.999999 -0.000000 -0.001549
vn 0.999999 -0.000000 -0.001549
vn 0.999999 -0.000000 -0.001549
vn 0.999999 -0.000000 -0.001549
vn 0.239136 0.220575 -0.945601
vn 0.239163 0.214456 -0.947000
vn 0.684623 0.165897 -0.709767
vn 0.238034 0.948732 -0.207960
vn 0.238028 0.947370 -0.214087
vn 0.204923 0.567218 -0.797665
vn 0.205010 0.555097 -0.806125
vn 0.683779 0.710827 -0.164838
vn 0.204632 0.814726 -0.542538
vn 0.204621 0.806442 -0.554781
vn 0.629374 -0.448109 0.634891
vn 0.202513 0.555097 0.806756
vn 0.202451 0.567218 0.798296
vn 0.682421 0.165897 0.711884
vn 0.815423 -0.409951 -0.408688
vn 0.889480 -0.432965 -0.146175
vn 0.889023 -0.432965 0.148930
vn 0.814153 -0.409951 0.411212
vn 0.889922 -0.147553 -0.431587
vn 0.204621 -0.806442 -0.554781
vn 0.204632 -0.814726 -0.542538
vn 0.975610 -0.155972 -0.154461
vn 0.239163 -0.214456 -0.947000
vn 0.239181 -0.208328 -0.948363
vn 0.975127 -0.155972 0.157482
vn 0.888581 -0.147553 0.434341
vn 0.236229 0.214456 0.947737
vn 0.236206 0.220575 0.946337
vn 0.204565 -0.797982 -0.566902
vn 0.238013 -0.945970 -0.220206
vn 0.238028 -0.947370 -0.214087
vn 0.629662 0.633915 0.449084
vn 0.889922 0.147553 -0.431587
vn 0.629374 0.448109 0.634891
vn 0.202513 -0.555097 0.806756
vn 0.202451 -0.567218 0.798296
vn 0.237329 -0.945970 0.220943
vn 0.237364 -0.947370 0.214824
vn 0.202808 -0.797982 0.567533
vn 0.202902 -0.806442 0.555412
vn 0.631338 0.448109 -0.632938
vn 0.975610 0.155972 -0.154461
vn 0.631050 0.633915 -0.447132
vn 0.237389 0.948732 0.208696
vn 0.237364 0.947370 0.214824
vn 0.975127 0.155972 0.157482
vn 0.202530 -0.542855 0.815040
vn 0.889480 0.432965 -0.146175
vn 0.202902 0.806442 0.555412
vn 0.202808 0.797982 0.567533
vn 0.682421 -0.165897 0.711884
vn 0.236242 -0.208328 0.949099
vn 0.236229 -0.214456 0.947737
vn 0.202951 -0.814726 0.543170
vn 0.237329 0.945970 0.220943
vn 0.683779 0.710827 0.164838
vn 0.204632 0.814726 0.542538
vn 0.204621 0.806442 0.554781
vn 0.629374 -0.448109 -0.634891
vn 0.202513 0.555097 -0.806756
vn 0.202451 0.567218 -0.798296
vn 0.682421 0.165897 -0.711884
vn 0.815423 -0.409951 0.408688
vn 0.889480 -0.432965 0.146175
vn 0.889023 -0.432965 -0.148930
vn 0.814153 -0.409951 -0.411212
vn 0.889922 -0.147553 0.431587
vn 0.204621 -0.806442 0.554781
vn 0.204632 -0.814726 0.542538
vn 0.975610 -0.155972 0.154461
vn 0.239163 -0.214456 0.947000
vn 0.239181 -0.208328 0.948363
vn 0.975127 -0.155972 -0.157482
vn 0.888581 -0.147553 -0.434341
vn 0.236229 0.214456 -0.947737
vn 0.236206 0.220575 -0.946337
vn 0.204565 -0.797982 0.566902
vn 0.238013 -0.945970 0.220206
vn 0.238028 -0.947370 0.214087
vn 0.629662 0.633915 -0.449084
vn 0.889922 0.147553 0.431587
vn 0.629374 0.448109 -0.634891
vn 0.202513 -0.555097 -0.806756
vn 0.202451 -0.567218 -0.798296
vn 0.237329 -0.945970 -0.220943
vn 0.237364 -0.947370 -0.214824
vn 0.202808 -0.797982 -0.567533
vn 0.202902 -0.806442 -0.555412
vn 0.631050 -0.633915 0.447132
vn 0.683779 -0.710827 0.164838
vn 0.683265 -0.710827 -0.166955
vn 0.629662 -0.633915 -0.449084
vn 0.202530 0.542855 -0.815040
vn 0.236242 0.208328 -0.949099
vn 0.236229 -0.214456 -0.947737
vn 0.236206 -0.220575 -0.946337
vn 0.238028 0.947370 0.214087
vn 0.238013 0.945970 0.220206
vn 0.238034 -0.948732 0.207960
vn 0.815423 0.409951 0.408688
vn 0.239163 0.214456 0.947000
vn 0.239181 0.208328 0.948363
vn 0.204565 0.797982 0.566902
vn 0.888581 0.147553 -0.434341
vn 0.204923 -0.567218 0.797665
vn 0.205010 -0.555097 0.806125
vn 0.814153 0.409951 -0.411212
vn 0.631338 -0.448109 0.632938
vn 0.205053 -0.542855 0.814409
vn 0.205010 0.555097 0.806125
vn 0.205053 0.542855 0.814409
vn 0.239136 -0.220575 0.945601
vn 0.684623 -0.165897 0.709767
vn 0.889023 0.432965 -0.148930
vn 0.202951 0.814726 -0.543170
vn 0.202902 0.806442 -0.555412
vn 0.631050 -0.633915 -0.447132
vn 0.683779 -0.710827 -0.164838
vn 0.683265 -0.710827 0.166955
vn 0.629662 -0.633915 0.449084
vn 0.202530 0.542855 0.815040
vn 0.236242 0.208328 0.949099
vn 0.236206 -0.220575 0.946337
vn 0.238013 0.945970 -0.220206
vn 0.238034 -0.948732 -0.207960
vn 0.815423 0.409951 -0.408688
vn 0.239181 0.208328 -0.948363
vn 0.204565 0.797982 -0.566902
vn 0.888581 0.147553 0.434341
vn 0.204923 -0.567218 -0.797665
vn 0.205010 -0.555097 -0.806125
vn 0.814153 0.409951 0.411212
vn 0.631338 -0.448109 -0.632938
vn 0.205053 -0.542855 -0.814409
vn 0.205053 0.542855 -0.814409
vn 0.239136 -0.220575 -0.945601
vn 0.684623 -0.165897 -0.709767
vn 0.889023 0.432965 0.148930
vn 0.202951 0.814726 0.543170
vn 0.237389 -0.948732 0.208696
vn 0.683265 0.710827 0.166955
vn 0.237364 0.947370 -0.214824
vn 0.237329 0.945970 -0.220943
vn 0.202951 -0.814726 -0.543170
vn 0.236242 -0.208328 -0.949099
vn 0.682421 -0.165897 -0.711884
vn 0.202808 0.797982 -0.567533
vn 0.889480 0.432965 0.146175
vn 0.202530 -0.542855 -0.815040
vn 0.975127 0.155972 -0.157482
vn 0.237389 0.948732 -0.208696
vn 0.631050 0.633915 0.447132
vn 0.975610 0.155972 0.154461
vn 0.631338 0.448109 0.632938
vn 0.204923 0.567218 0.797665
vn 0.238034 0.948732 0.207960
vn 0.684623 0.165897 0.709767
vn 0.239136 0.220575 0.945601
vn 0.683265 0.710827 -0.166955
vn 0.237389 -0.948732 -0.208696
vn -0.974135 0.091037 -0.206817
vn -0.972124 0.000000 -0.234466
vn -0.976210 0.152562 -0.154074
vn -0.974771 0.091037 0.203798
vn -0.976683 0.152562 0.151049
vn -0.972846 0.000000 0.231454
vn -0.976210 -0.152562 -0.154074
vn -0.974312 -0.205308 -0.092546
vn -0.972485 -0.232960 -0.001506
vn -0.976683 -0.152562 0.151049
vn -0.974771 -0.091036 0.203798
vn -0.974594 -0.205308 0.089527
vn -0.974594 0.205308 0.089527
vn -0.972485 0.232960 -0.001506
vn -0.974312 0.205308 -0.092545
vn -0.974135 -0.091036 -0.206817
vn -0.976683 0.152562 -0.151049
vn -0.974771 0.091037 -0.203798
vn -0.972846 0.000000 -0.231454
vn -0.974312 -0.205308 0.092546
vn -0.976210 -0.152562 0.154074
vn -0.972485 -0.232960 0.001506
vn -0.974771 -0.091036 -0.203798
vn -0.976683 -0.152562 -0.151049
vn -0.974594 -0.205308 -0.089527
vn -0.974312 0.205308 0.092545
vn -0.972485 0.232960 0.001506
vn -0.976210 0.152562 0.154074
vn -0.974135 -0.091036 0.206817
vn -0.972124 0.000000 0.234466
vn -0.974594 0.205308 -0.089527
vn -0.974135 0.091037 0.206817
# 3970 normals

vt 0.480326 0.271716 0.000000
vt 0.692544 0.270460 0.000000
vt 0.692549 0.267463 0.000000
vt 0.479773 0.254482 0.000000
vt 0.453716 0.267937 0.000000
vt 0.461941 0.251526 0.000000
vt 0.442846 0.708959 0.000000
vt 0.445030 0.689264 0.000000
vt 0.427809 0.689264 0.000000
vt 0.427607 0.711261 0.000000
vt 0.443384 0.854290 0.000000
vt 0.427980 0.852438 0.000000
vt 0.427654 0.873524 0.000000
vt 0.445179 0.873524 0.000000
vt 0.217569 0.632257 0.000000
vt 0.214433 0.649871 0.000000
vt 0.228658 0.652206 0.000000
vt 0.229359 0.635760 0.000000
vt 0.429767 0.059242 0.000000
vt 0.410827 0.057474 0.000000
vt 0.410827 0.074732 0.000000
vt 0.431591 0.074411 0.000000
vt 0.572882 0.059771 0.000000
vt 0.570615 0.074778 0.000000
vt 0.800401 0.759877 0.000000
vt 0.816515 0.705636 0.000000
vt 0.806491 0.496840 0.000000
vt 0.654033 0.291435 0.000000
vt 0.653624 0.301777 0.000000
vt 0.690604 0.301777 0.000000
vt 0.690604 0.291441 0.000000
vt 0.701196 0.454477 0.000000
vt 0.691880 0.454477 0.000000
vt 0.691195 0.457278 0.000000
vt 0.702165 0.457278 0.000000
vt 0.003093 0.515771 0.000000
vt 0.003283 0.479275 0.000000
vt 0.005338 0.479275 0.000000
vt 0.005338 0.515771 0.000000
vt 0.691195 0.458783 0.000000
vt 0.702165 0.458783 0.000000
vt 0.388190 0.571052 0.000000
vt 0.424103 0.571226 0.000000
vt 0.424103 0.569030 0.000000
vt 0.388190 0.569030 0.000000
vt 0.389805 0.573916 0.000000
vt 0.424103 0.573916 0.000000
vt 0.000326 0.515771 0.000000
vt 0.000326 0.480964 0.000000
vt 0.727174 0.291435 0.000000
vt 0.727583 0.301777 0.000000
vt 0.686257 0.463896 0.000000
vt 0.683360 0.464898 0.000000
vt 0.683360 0.453552 0.000000
vt 0.686257 0.454260 0.000000
vt 0.005338 0.552268 0.000000
vt 0.003283 0.552268 0.000000
vt 0.681803 0.464898 0.000000
vt 0.681803 0.453552 0.000000
vt 0.460017 0.571052 0.000000
vt 0.460017 0.569030 0.000000
vt 0.458402 0.573916 0.000000
vt 0.000326 0.550578 0.000000
vt 0.037264 0.457364 0.000000
vt 0.037242 0.455209 0.000000
vt 0.011560 0.455470 0.000000
vt 0.013785 0.457603 0.000000
vt 0.263088 0.317564 0.000000
vt 0.263088 0.314991 0.000000
vt 0.229154 0.314814 0.000000
vt 0.230725 0.317564 0.000000
vt 0.117926 0.182658 0.000000
vt 0.111684 0.182773 0.000000
vt 0.111940 0.188661 0.000000
vt 0.117926 0.188687 0.000000
vt 0.037401 0.470881 0.000000
vt 0.055481 0.470697 0.000000
vt 0.056560 0.457168 0.000000
vt 0.779461 0.664451 0.000000
vt 0.779461 0.648321 0.000000
vt 0.777703 0.648321 0.000000
vt 0.777703 0.664451 0.000000
vt 0.039315 0.497769 0.000000
vt 0.059761 0.497794 0.000000
vt 0.113618 0.194680 0.000000
vt 0.117926 0.194680 0.000000
vt 0.057525 0.519468 0.000000
vt 0.014129 0.497746 0.000000
vt 0.032242 0.566570 0.000000
vt 0.781218 0.664451 0.000000
vt 0.781218 0.648321 0.000000
vt 0.082588 0.543191 0.000000
vt 0.090482 0.533726 0.000000
vt 0.067499 0.508403 0.000000
vt 0.125056 0.557976 0.000000
vt 0.124907 0.542046 0.000000
vt 0.104838 0.565830 0.000000
vt 0.104915 0.573383 0.000000
vt 0.461000 0.885304 0.000000
vt 0.360005 0.885664 0.000000
vt 0.360005 0.946637 0.000000
vt 0.460172 0.946535 0.000000
vt 0.735480 0.290459 0.000000
vt 0.782861 0.290755 0.000000
vt 0.782861 0.286011 0.000000
vt 0.735480 0.285848 0.000000
vt 0.669431 0.498821 0.000000
vt 0.669396 0.465360 0.000000
vt 0.666705 0.468097 0.000000
vt 0.666210 0.498821 0.000000
vt 0.653624 0.468097 0.000000
vt 0.653624 0.498821 0.000000
vt 0.186197 0.537002 0.000000
vt 0.166941 0.542963 0.000000
vt 0.182610 0.554285 0.000000
vt 0.178623 0.511728 0.000000
vt 0.158789 0.531765 0.000000
vt 0.372239 0.515699 0.000000
vt 0.365430 0.519293 0.000000
vt 0.377355 0.535348 0.000000
vt 0.384870 0.529342 0.000000
vt 0.825643 0.999674 0.000000
vt 0.827640 0.997535 0.000000
vt 0.650557 0.997533 0.000000
vt 0.653936 0.999674 0.000000
vt 0.586026 0.907522 0.000000
vt 0.588665 0.904884 0.000000
vt 0.586026 0.904884 0.000000
vt 0.672326 0.014248 0.000000
vt 0.674615 0.014248 0.000000
vt 0.674615 0.007681 0.000000
vt 0.672326 0.007681 0.000000
vt 0.670036 0.014248 0.000000
vt 0.670036 0.007681 0.000000
vt 0.588665 0.907522 0.000000
vt 0.676904 0.014248 0.000000
vt 0.676904 0.007681 0.000000
vt 0.583387 0.904884 0.000000
vt 0.588665 0.910161 0.000000
vt 0.679194 0.014248 0.000000
vt 0.679194 0.007681 0.000000
vt 0.667747 0.014248 0.000000
vt 0.667747 0.007681 0.000000
vt 0.586026 0.910161 0.000000
vt 0.681483 0.014248 0.000000
vt 0.681483 0.007681 0.000000
vt 0.583387 0.907522 0.000000
vt 0.583387 0.910161 0.000000
vt 0.683772 0.014248 0.000000
vt 0.683772 0.007681 0.000000
vt 0.665458 0.014248 0.000000
vt 0.665458 0.007681 0.000000
vt 0.292027 0.296168 0.000000
vt 0.292012 0.299015 0.000000
vt 0.315189 0.298932 0.000000
vt 0.315189 0.296171 0.000000
vt 0.735480 0.280181 0.000000
vt 0.782861 0.280181 0.000000
vt 0.782856 0.273219 0.000000
vt 0.735480 0.265849 0.000000
vt 0.827248 0.096160 0.000000
vt 0.785197 0.096156 0.000000
vt 0.785172 0.103840 0.000000
vt 0.827248 0.103848 0.000000
vt 0.291673 0.293117 0.000000
vt 0.315189 0.293117 0.000000
vt 0.954139 0.533381 0.000000
vt 0.939410 0.533380 0.000000
vt 0.939377 0.575427 0.000000
vt 0.945216 0.575469 0.000000
vt 0.852258 0.830135 0.000000
vt 0.854824 0.830274 0.000000
vt 0.847304 0.566821 0.000000
vt 0.844213 0.558411 0.000000
vt 0.791318 0.497716 0.000000
vt 0.787895 0.498062 0.000000
vt 0.787895 0.746354 0.000000
vt 0.789136 0.756183 0.000000
vt 0.852058 0.991474 0.000000
vt 0.850051 0.989467 0.000000
vt 0.837935 0.989467 0.000000
vt 0.835928 0.991474 0.000000
vt 0.358084 0.163348 0.000000
vt 0.354499 0.163416 0.000000
vt 0.354670 0.171450 0.000000
vt 0.358346 0.170967 0.000000
vt 0.785193 0.046025 0.000000
vt 0.827248 0.046025 0.000000
vt 0.961803 0.533381 0.000000
vt 0.961783 0.575483 0.000000
vt 0.837670 0.499730 0.000000
vt 0.835124 0.499353 0.000000
vt 0.830498 0.694141 0.000000
vt 0.832905 0.695936 0.000000
vt 0.358131 0.158218 0.000000
vt 0.354531 0.158154 0.000000
vt 0.934687 0.575318 0.000000
vt 0.934663 0.578793 0.000000
vt 0.939449 0.578963 0.000000
vt 0.840468 0.500010 0.000000
vt 0.835666 0.701150 0.000000
vt 0.358291 0.147921 0.000000
vt 0.354634 0.147869 0.000000
vt 0.902761 0.996611 0.000000
vt 0.949727 0.996611 0.000000
vt 0.949727 0.999674 0.000000
vt 0.899940 0.999674 0.000000
vt 0.459139 0.024640 0.000000
vt 0.461402 0.024640 0.000000
vt 0.461402 0.036460 0.000000
vt 0.459149 0.034526 0.000000
vt 0.864721 0.999364 0.000000
vt 0.854011 0.999364 0.000000
vt 0.854011 0.999674 0.000000
vt 0.865004 0.999674 0.000000
vt 0.001673 0.237035 0.000000
vt 0.000326 0.231589 0.000000
vt 0.012875 0.231589 0.000000
vt 0.012875 0.237036 0.000000
vt 0.593890 0.842421 0.000000
vt 0.588638 0.841121 0.000000
vt 0.588638 0.843131 0.000000
vt 0.593890 0.843131 0.000000
vt 0.202325 0.051077 0.000000
vt 0.249291 0.051077 0.000000
vt 0.249291 0.049403 0.000000
vt 0.203876 0.049403 0.000000
vt 0.199504 0.054140 0.000000
vt 0.249291 0.054140 0.000000
vt 0.865004 0.987906 0.000000
vt 0.854011 0.987906 0.000000
vt 0.854011 0.988217 0.000000
vt 0.864721 0.988217 0.000000
vt 0.864721 0.993790 0.000000
vt 0.865004 0.993790 0.000000
vt 0.718315 0.021488 0.000000
vt 0.723599 0.021488 0.000000
vt 0.723599 0.023349 0.000000
vt 0.718314 0.022150 0.000000
vt 0.983368 0.760855 0.000000
vt 0.978079 0.760855 0.000000
vt 0.978079 0.761268 0.000000
vt 0.983663 0.761268 0.000000
vt 0.972790 0.760855 0.000000
vt 0.972495 0.761268 0.000000
vt 0.583387 0.842421 0.000000
vt 0.583387 0.843131 0.000000
vt 0.882934 0.515840 0.000000
vt 0.882934 0.510267 0.000000
vt 0.881258 0.510267 0.000000
vt 0.881258 0.515840 0.000000
vt 0.983663 0.741447 0.000000
vt 0.983368 0.741447 0.000000
vt 0.972495 0.741447 0.000000
vt 0.972790 0.741447 0.000000
vt 0.438943 0.036460 0.000000
vt 0.438943 0.034557 0.000000
vt 0.319418 0.083412 0.000000
vt 0.319418 0.081325 0.000000
vt 0.313581 0.081325 0.000000
vt 0.313581 0.083412 0.000000
vt 0.307745 0.083412 0.000000
vt 0.307745 0.081325 0.000000
vt 0.728884 0.022150 0.000000
vt 0.728884 0.021488 0.000000
vt 0.882934 0.504694 0.000000
vt 0.881258 0.504694 0.000000
vt 0.904312 0.994938 0.000000
vt 0.949727 0.994938 0.000000
vt 0.202325 0.025622 0.000000
vt 0.203876 0.025622 0.000000
vt 0.728832 0.033989 0.000000
vt 0.711076 0.034017 0.000000
vt 0.711076 0.035689 0.000000
vt 0.730812 0.035689 0.000000
vt 0.730812 0.025302 0.000000
vt 0.728824 0.025302 0.000000
vt 0.902761 0.971157 0.000000
vt 0.904312 0.971157 0.000000
vt 0.012875 0.226143 0.000000
vt 0.001673 0.226143 0.000000
vt 0.910880 0.431773 0.000000
vt 0.913181 0.433212 0.000000
vt 0.909493 0.281500 0.000000
vt 0.907103 0.282646 0.000000
vt 0.795959 0.280358 0.000000
vt 0.798502 0.277956 0.000000
vt 0.791222 0.271602 0.000000
vt 0.789554 0.274768 0.000000
vt 0.781592 0.103448 0.000000
vt 0.781737 0.096530 0.000000
vt 0.924307 0.575397 0.000000
vt 0.923908 0.578599 0.000000
vt 0.429821 0.088451 0.000000
vt 0.428613 0.091188 0.000000
vt 0.573342 0.091188 0.000000
vt 0.572228 0.088559 0.000000
vt 0.311664 0.158163 0.000000
vt 0.311671 0.163546 0.000000
vt 0.785170 0.113508 0.000000
vt 0.827248 0.113515 0.000000
vt 0.945203 0.578978 0.000000
vt 0.311683 0.171607 0.000000
vt 0.127732 0.296196 0.000000
vt 0.127767 0.299034 0.000000
vt 0.781918 0.048541 0.000000
vt 0.737579 0.300832 0.000000
vt 0.782861 0.300832 0.000000
vt 0.128014 0.293117 0.000000
vt 0.934664 0.533380 0.000000
vt 0.924264 0.533380 0.000000
vt 0.238443 0.652473 0.000000
vt 0.233635 0.874064 0.000000
vt 0.238115 0.875608 0.000000
vt 0.240495 0.652608 0.000000
vt 0.959569 0.578974 0.000000
vt 0.919653 0.437336 0.000000
vt 0.908810 0.456658 0.000000
vt 0.910410 0.458745 0.000000
vt 0.921955 0.438774 0.000000
vt 0.800787 0.291011 0.000000
vt 0.800787 0.300832 0.000000
vt 0.903231 0.449552 0.000000
vt 0.901626 0.447620 0.000000
vt 0.799728 0.286485 0.000000
vt 0.620684 0.183920 0.000000
vt 0.621460 0.186556 0.000000
vt 0.628150 0.186556 0.000000
vt 0.628150 0.183976 0.000000
vt 0.607673 0.165917 0.000000
vt 0.607673 0.168497 0.000000
vt 0.617877 0.168453 0.000000
vt 0.618286 0.165917 0.000000
vt 0.607673 0.171077 0.000000
vt 0.617590 0.171130 0.000000
vt 0.363927 0.334121 0.000000
vt 0.364118 0.337786 0.000000
vt 0.373656 0.337786 0.000000
vt 0.369972 0.334121 0.000000
vt 0.284853 0.554689 0.000000
vt 0.264650 0.554837 0.000000
vt 0.264650 0.557555 0.000000
vt 0.284858 0.557407 0.000000
vt 0.310950 0.077060 0.000000
vt 0.307745 0.077060 0.000000
vt 0.307745 0.077996 0.000000
vt 0.310991 0.078024 0.000000
vt 0.312933 0.077979 0.000000
vt 0.312933 0.077060 0.000000
vt 0.428682 0.105975 0.000000
vt 0.425411 0.105957 0.000000
vt 0.425411 0.107348 0.000000
vt 0.428693 0.107348 0.000000
vt 0.435906 0.105010 0.000000
vt 0.432665 0.105010 0.000000
vt 0.432635 0.105975 0.000000
vt 0.435906 0.105957 0.000000
vt 0.785903 0.662444 0.000000
vt 0.785903 0.650329 0.000000
vt 0.784325 0.650329 0.000000
vt 0.784325 0.662444 0.000000
vt 0.773018 0.650329 0.000000
vt 0.773018 0.662444 0.000000
vt 0.774596 0.662444 0.000000
vt 0.774596 0.650329 0.000000
vt 0.318121 0.077996 0.000000
vt 0.314876 0.078024 0.000000
vt 0.314876 0.079371 0.000000
vt 0.318121 0.079371 0.000000
vt 0.318121 0.077060 0.000000
vt 0.314917 0.077060 0.000000
vt 0.430658 0.107348 0.000000
vt 0.430658 0.105937 0.000000
vt 0.428652 0.105010 0.000000
vt 0.425411 0.105010 0.000000
vt 0.307745 0.079371 0.000000
vt 0.310991 0.079371 0.000000
vt 0.312933 0.079371 0.000000
vt 0.432623 0.107348 0.000000
vt 0.775696 0.662444 0.000000
vt 0.775696 0.650329 0.000000
vt 0.783225 0.650329 0.000000
vt 0.783225 0.662444 0.000000
vt 0.430658 0.105010 0.000000
vt 0.435906 0.107348 0.000000
vt 0.130577 0.090001 0.000000
vt 0.130563 0.080854 0.000000
vt 0.111615 0.080854 0.000000
vt 0.111615 0.090018 0.000000
vt 0.373675 0.325976 0.000000
vt 0.369985 0.325971 0.000000
vt 0.978011 0.967560 0.000000
vt 0.978011 0.977101 0.000000
vt 0.980571 0.977304 0.000000
vt 0.980571 0.967560 0.000000
vt 0.613373 0.040375 0.000000
vt 0.617360 0.040705 0.000000
vt 0.617360 0.038136 0.000000
vt 0.611613 0.038433 0.000000
vt 0.511221 0.995574 0.000000
vt 0.498589 0.997083 0.000000
vt 0.498589 0.987713 0.000000
vt 0.511221 0.987713 0.000000
vt 0.485899 0.997674 0.000000
vt 0.485899 0.987713 0.000000
vt 0.130596 0.102009 0.000000
vt 0.137544 0.101998 0.000000
vt 0.137444 0.089990 0.000000
vt 0.137476 0.123031 0.000000
vt 0.137482 0.113950 0.000000
vt 0.130614 0.113961 0.000000
vt 0.130416 0.123365 0.000000
vt 0.370034 0.294244 0.000000
vt 0.373730 0.290548 0.000000
vt 0.364191 0.290548 0.000000
vt 0.364186 0.294235 0.000000
vt 0.806342 0.377220 0.000000
vt 0.806342 0.387061 0.000000
vt 0.825909 0.387094 0.000000
vt 0.825905 0.377082 0.000000
vt 0.111615 0.102026 0.000000
vt 0.806329 0.353116 0.000000
vt 0.806337 0.364991 0.000000
vt 0.825901 0.364853 0.000000
vt 0.825897 0.352978 0.000000
vt 0.345436 0.334121 0.000000
vt 0.345436 0.337786 0.000000
vt 0.137404 0.080854 0.000000
vt 0.568094 0.622645 0.000000
vt 0.566440 0.813803 0.000000
vt 0.591714 0.821377 0.000000
vt 0.584149 0.634570 0.000000
vt 0.111615 0.113978 0.000000
vt 0.169720 0.175112 0.000000
vt 0.172074 0.162785 0.000000
vt 0.172402 0.162785 0.000000
vt 0.172402 0.175112 0.000000
vt 0.605441 0.812380 0.000000
vt 0.607170 0.642616 0.000000
vt 0.627855 0.807835 0.000000
vt 0.629524 0.644011 0.000000
vt 0.204476 0.629430 0.000000
vt 0.209593 0.629430 0.000000
vt 0.210384 0.628231 0.000000
vt 0.203687 0.628231 0.000000
vt 0.219899 0.273939 0.000000
vt 0.219899 0.255348 0.000000
vt 0.218707 0.254158 0.000000
vt 0.218623 0.272654 0.000000
vt 0.140923 0.078326 0.000000
vt 0.140923 0.099258 0.000000
vt 0.142360 0.097809 0.000000
vt 0.142266 0.076981 0.000000
vt 0.188715 0.273939 0.000000
vt 0.189988 0.272651 0.000000
vt 0.176037 0.099258 0.000000
vt 0.174603 0.097806 0.000000
vt 0.176037 0.078326 0.000000
vt 0.174694 0.076981 0.000000
vt 0.961814 0.300833 0.000000
vt 0.967322 0.300833 0.000000
vt 0.968174 0.299542 0.000000
vt 0.960965 0.299542 0.000000
vt 0.188715 0.255348 0.000000
vt 0.189907 0.254158 0.000000
vt 0.947686 0.148610 0.000000
vt 0.942098 0.148607 0.000000
vt 0.942098 0.169024 0.000000
vt 0.947686 0.169027 0.000000
vt 0.140923 0.099268 0.000000
vt 0.176036 0.099268 0.000000
vt 0.209582 0.648127 0.000000
vt 0.204464 0.648127 0.000000
vt 0.968174 0.268365 0.000000
vt 0.960965 0.268365 0.000000
vt 0.169715 0.199798 0.000000
vt 0.169691 0.187426 0.000000
vt 0.172402 0.187426 0.000000
vt 0.172402 0.199798 0.000000
vt 0.370003 0.314128 0.000000
vt 0.373693 0.314134 0.000000
vt 0.373711 0.302347 0.000000
vt 0.370021 0.302341 0.000000
vt 0.172402 0.212135 0.000000
vt 0.169784 0.212056 0.000000
vt 0.250089 0.662336 0.000000
vt 0.250384 0.641695 0.000000
vt 0.247692 0.641712 0.000000
vt 0.247565 0.662419 0.000000
vt 0.238134 0.636185 0.000000
vt 0.240377 0.636186 0.000000
vt 0.236709 0.940955 0.000000
vt 0.239514 0.941766 0.000000
vt 0.250760 0.999674 0.000000
vt 0.250831 0.945444 0.000000
vt 0.248425 0.945344 0.000000
vt 0.248399 0.999499 0.000000
vt 0.794620 0.497413 0.000000
vt 0.793408 0.480625 0.000000
vt 0.790894 0.480441 0.000000
vt 0.864035 0.832036 0.000000
vt 0.849953 0.850994 0.000000
vt 0.851562 0.854879 0.000000
vt 0.866729 0.832421 0.000000
vt 0.019582 0.058647 0.000000
vt 0.247179 0.063321 0.000000
vt 0.247809 0.060785 0.000000
vt 0.018922 0.056101 0.000000
vt 0.592277 0.085793 0.000000
vt 0.571500 0.086056 0.000000
vt 0.592277 0.088343 0.000000
vt 0.910146 0.256538 0.000000
vt 0.915920 0.278335 0.000000
vt 0.918306 0.277195 0.000000
vt 0.912158 0.254786 0.000000
vt 0.498916 0.034867 0.000000
vt 0.499641 0.034904 0.000000
vt 0.499660 0.032449 0.000000
vt 0.498450 0.033830 0.000000
vt 0.500363 0.028551 0.000000
vt 0.496922 0.028561 0.000000
vt 0.497112 0.030622 0.000000
vt 0.499388 0.030612 0.000000
vt 0.794223 0.808083 0.000000
vt 0.790981 0.759218 0.000000
vt 0.791904 0.806013 0.000000
vt 0.494813 0.032628 0.000000
vt 0.492954 0.032926 0.000000
vt 0.492858 0.034738 0.000000
vt 0.494785 0.034782 0.000000
vt 0.912922 0.047023 0.000000
vt 0.912922 0.047634 0.000000
vt 0.915934 0.047636 0.000000
vt 0.915934 0.047022 0.000000
vt 0.497208 0.036241 0.000000
vt 0.496845 0.037236 0.000000
vt 0.499059 0.037309 0.000000
vt 0.498247 0.035884 0.000000
vt 0.496094 0.034795 0.000000
vt 0.494558 0.036919 0.000000
vt 0.496335 0.035788 0.000000
vt 0.910800 0.047024 0.000000
vt 0.910800 0.047634 0.000000
vt 0.977944 0.651435 0.000000
vt 0.977944 0.661191 0.000000
vt 0.977005 0.660890 0.000000
vt 0.977005 0.651434 0.000000
vt 0.433973 0.138769 0.000000
vt 0.435394 0.138770 0.000000
vt 0.435529 0.137330 0.000000
vt 0.433979 0.137330 0.000000
vt 0.502113 0.024975 0.000000
vt 0.496515 0.024975 0.000000
vt 0.977944 0.641678 0.000000
vt 0.977005 0.641978 0.000000
vt 0.381318 0.150587 0.000000
vt 0.376878 0.148023 0.000000
vt 0.378070 0.143576 0.000000
vt 0.384575 0.147331 0.000000
vt 0.433983 0.131625 0.000000
vt 0.435532 0.131626 0.000000
vt 0.435407 0.130213 0.000000
vt 0.433984 0.130213 0.000000
vt 0.371751 0.148023 0.000000
vt 0.370559 0.143576 0.000000
vt 0.367311 0.150587 0.000000
vt 0.364055 0.147331 0.000000
vt 0.500733 0.037222 0.000000
vt 0.498393 0.039047 0.000000
vt 0.500056 0.038929 0.000000
vt 0.501292 0.034984 0.000000
vt 0.496378 0.038958 0.000000
vt 0.487993 0.031296 0.000000
vt 0.491049 0.032244 0.000000
vt 0.491553 0.030351 0.000000
vt 0.489134 0.028976 0.000000
vt 0.487993 0.034602 0.000000
vt 0.490896 0.034690 0.000000
vt 0.497280 0.032386 0.000000
vt 0.435871 0.137330 0.000000
vt 0.435871 0.135918 0.000000
vt 0.435391 0.135918 0.000000
vt 0.433984 0.141622 0.000000
vt 0.435407 0.141622 0.000000
vt 0.435532 0.140209 0.000000
vt 0.433983 0.140209 0.000000
vt 0.493651 0.029351 0.000000
vt 0.494860 0.030962 0.000000
vt 0.364748 0.155027 0.000000
vt 0.360299 0.153836 0.000000
vt 0.502782 0.029276 0.000000
vt 0.501184 0.030872 0.000000
vt 0.435871 0.134505 0.000000
vt 0.435529 0.134505 0.000000
vt 0.364748 0.160154 0.000000
vt 0.360299 0.161347 0.000000
vt 0.856721 0.552455 0.000000
vt 0.857367 0.598582 0.000000
vt 0.860191 0.605859 0.000000
vt 0.859365 0.558444 0.000000
vt 0.497438 0.033394 0.000000
vt 0.496493 0.033839 0.000000
vt 0.432702 0.141622 0.000000
vt 0.432702 0.140210 0.000000
vt 0.435871 0.138770 0.000000
vt 0.501410 0.032693 0.000000
vt 0.367311 0.164593 0.000000
vt 0.364055 0.167851 0.000000
vt 0.371751 0.167157 0.000000
vt 0.370559 0.171607 0.000000
vt 0.376878 0.167156 0.000000
vt 0.378070 0.171607 0.000000
vt 0.432702 0.138770 0.000000
vt 0.432702 0.137330 0.000000
vt 0.381317 0.164593 0.000000
vt 0.384575 0.167851 0.000000
vt 0.383881 0.160153 0.000000
vt 0.388330 0.161347 0.000000
vt 0.383881 0.155027 0.000000
vt 0.388330 0.153836 0.000000
vt 0.493157 0.040130 0.000000
vt 0.491319 0.039091 0.000000
vt 0.489094 0.040473 0.000000
vt 0.491153 0.042585 0.000000
vt 0.490931 0.037158 0.000000
vt 0.492800 0.036553 0.000000
vt 0.494404 0.038573 0.000000
vt 0.492852 0.038071 0.000000
vt 0.970423 0.642831 0.000000
vt 0.970423 0.651431 0.000000
vt 0.968416 0.651430 0.000000
vt 0.968416 0.643485 0.000000
vt 0.877869 0.047023 0.000000
vt 0.877869 0.047634 0.000000
vt 0.879991 0.047634 0.000000
vt 0.879991 0.047024 0.000000
vt 0.970423 0.636535 0.000000
vt 0.968416 0.637669 0.000000
vt 0.366771 0.548376 0.000000
vt 0.357882 0.548380 0.000000
vt 0.358560 0.546309 0.000000
vt 0.366771 0.546305 0.000000
vt 0.495875 0.040951 0.000000
vt 0.495002 0.044407 0.000000
vt 0.375660 0.548380 0.000000
vt 0.374982 0.546309 0.000000
vt 0.970423 0.607601 0.000000
vt 0.970423 0.601305 0.000000
vt 0.968416 0.602439 0.000000
vt 0.968416 0.608255 0.000000
vt 0.970422 0.616201 0.000000
vt 0.968416 0.616200 0.000000
vt 0.432702 0.135918 0.000000
vt 0.433971 0.135918 0.000000
vt 0.433979 0.134505 0.000000
vt 0.432702 0.134505 0.000000
vt 0.487993 0.037975 0.000000
vt 0.970423 0.624801 0.000000
vt 0.968416 0.624144 0.000000
vt 0.831438 0.776214 0.000000
vt 0.837998 0.776226 0.000000
vt 0.836815 0.778318 0.000000
vt 0.830755 0.778306 0.000000
vt 0.498789 0.041040 0.000000
vt 0.499370 0.044407 0.000000
vt 0.822477 0.776209 0.000000
vt 0.822477 0.778302 0.000000
vt 0.813516 0.776214 0.000000
vt 0.814199 0.778306 0.000000
vt 0.366771 0.555176 0.000000
vt 0.356998 0.555181 0.000000
vt 0.356998 0.551084 0.000000
vt 0.366771 0.551080 0.000000
vt 0.432702 0.131625 0.000000
vt 0.432702 0.130213 0.000000
vt 0.905665 0.047022 0.000000
vt 0.905665 0.047636 0.000000
vt 0.908678 0.047634 0.000000
vt 0.908678 0.047023 0.000000
vt 0.493136 0.031411 0.000000
vt 0.806957 0.776226 0.000000
vt 0.808140 0.778318 0.000000
vt 0.435871 0.133065 0.000000
vt 0.435394 0.133065 0.000000
vt 0.501038 0.040543 0.000000
vt 0.502402 0.042961 0.000000
vt 0.970423 0.660031 0.000000
vt 0.968416 0.659374 0.000000
vt 0.435871 0.131625 0.000000
vt 0.432702 0.133065 0.000000
vt 0.433973 0.133066 0.000000
vt 0.805413 0.773495 0.000000
vt 0.812625 0.773482 0.000000
vt 0.822477 0.773477 0.000000
vt 0.832330 0.773482 0.000000
vt 0.435871 0.130213 0.000000
vt 0.839542 0.773495 0.000000
vt 0.435871 0.141622 0.000000
vt 0.435871 0.140209 0.000000
vt 0.973042 0.625658 0.000000
vt 0.973042 0.616202 0.000000
vt 0.973042 0.606746 0.000000
vt 0.491495 0.026908 0.000000
vt 0.888139 0.047023 0.000000
vt 0.888139 0.047634 0.000000
vt 0.890261 0.047634 0.000000
vt 0.890261 0.047024 0.000000
vt 0.885126 0.047022 0.000000
vt 0.885126 0.047636 0.000000
vt 0.973042 0.599824 0.000000
vt 0.376544 0.551084 0.000000
vt 0.882113 0.047023 0.000000
vt 0.882113 0.047634 0.000000
vt 0.564836 0.099045 0.000000
vt 0.564726 0.095641 0.000000
vt 0.572654 0.095626 0.000000
vt 0.572763 0.099030 0.000000
vt 0.376544 0.555181 0.000000
vt 0.543177 0.099045 0.000000
vt 0.543067 0.095641 0.000000
vt 0.553897 0.095646 0.000000
vt 0.554006 0.099050 0.000000
vt 0.973042 0.635054 0.000000
vt 0.973042 0.641976 0.000000
vt 0.977005 0.606749 0.000000
vt 0.977005 0.599826 0.000000
vt 0.535139 0.095626 0.000000
vt 0.535249 0.099030 0.000000
vt 0.892383 0.047634 0.000000
vt 0.892383 0.047023 0.000000
vt 0.503456 0.031705 0.000000
vt 0.973042 0.651432 0.000000
vt 0.502325 0.038379 0.000000
vt 0.973042 0.660888 0.000000
vt 0.895395 0.047636 0.000000
vt 0.895395 0.047022 0.000000
vt 0.898408 0.047634 0.000000
vt 0.898408 0.047023 0.000000
vt 0.713229 0.762917 0.000000
vt 0.723661 0.762917 0.000000
vt 0.723139 0.759639 0.000000
vt 0.712707 0.759639 0.000000
vt 0.702796 0.762917 0.000000
vt 0.702274 0.759639 0.000000
vt 0.430639 0.085797 0.000000
vt 0.491022 0.053287 0.000000
vt 0.501216 0.054140 0.000000
vt 0.501012 0.053002 0.000000
vt 0.491413 0.052200 0.000000
vt 0.507036 0.029995 0.000000
vt 0.505327 0.026763 0.000000
vt 0.503342 0.035110 0.000000
vt 0.507036 0.035405 0.000000
vt 0.723512 0.764231 0.000000
vt 0.713229 0.764231 0.000000
vt 0.713230 0.765261 0.000000
vt 0.723062 0.765261 0.000000
vt 0.510471 0.049781 0.000000
vt 0.509725 0.048898 0.000000
vt 0.702947 0.764231 0.000000
vt 0.703398 0.765261 0.000000
vt 0.516306 0.041378 0.000000
vt 0.515219 0.040987 0.000000
vt 0.504945 0.040375 0.000000
vt 0.511054 0.050472 0.000000
vt 0.517157 0.041685 0.000000
vt 0.517159 0.031184 0.000000
vt 0.516021 0.031389 0.000000
vt 0.564570 0.094276 0.000000
vt 0.553897 0.094281 0.000000
vt 0.553897 0.093210 0.000000
vt 0.564102 0.093205 0.000000
vt 0.512799 0.021930 0.000000
vt 0.511917 0.022676 0.000000
vt 0.874857 0.047022 0.000000
vt 0.874857 0.047636 0.000000
vt 0.543223 0.094276 0.000000
vt 0.543691 0.093205 0.000000
vt 0.504397 0.016094 0.000000
vt 0.504006 0.017182 0.000000
vt 0.900530 0.047634 0.000000
vt 0.900530 0.047024 0.000000
vt 0.513489 0.021345 0.000000
vt 0.504702 0.015242 0.000000
vt 0.531823 0.797371 0.000000
vt 0.531823 0.787167 0.000000
vt 0.533128 0.787017 0.000000
vt 0.533128 0.797371 0.000000
vt 0.902652 0.047634 0.000000
vt 0.902652 0.047023 0.000000
vt 0.530801 0.797372 0.000000
vt 0.530801 0.787614 0.000000
vt 0.531824 0.807576 0.000000
vt 0.533128 0.807724 0.000000
vt 0.530801 0.807130 0.000000
vt 0.531823 0.815047 0.000000
vt 0.533128 0.815304 0.000000
vt 0.244474 0.073988 0.000000
vt 0.245093 0.071447 0.000000
vt 0.021695 0.067543 0.000000
vt 0.022156 0.070097 0.000000
vt 0.785109 0.260401 0.000000
vt 0.792345 0.260162 0.000000
vt 0.792345 0.263675 0.000000
vt 0.785109 0.263436 0.000000
vt 0.273371 0.559515 0.000000
vt 0.273373 0.569062 0.000000
vt 0.285046 0.569136 0.000000
vt 0.285044 0.559517 0.000000
vt 0.261698 0.559513 0.000000
vt 0.261699 0.569059 0.000000
vt 0.250080 0.559511 0.000000
vt 0.250081 0.569057 0.000000
vt 0.238461 0.559508 0.000000
vt 0.234732 0.569127 0.000000
vt 0.234174 0.588053 0.000000
vt 0.250083 0.588053 0.000000
vt 0.986158 0.965023 0.000000
vt 0.987088 0.977304 0.000000
vt 0.988805 0.977103 0.000000
vt 0.988805 0.965023 0.000000
vt 0.799267 0.353741 0.000000
vt 0.799180 0.365731 0.000000
vt 0.825893 0.340281 0.000000
vt 0.806318 0.341002 0.000000
vt 0.261701 0.588053 0.000000
vt 0.799332 0.343731 0.000000
vt 0.799287 0.377844 0.000000
vt 0.040725 0.776051 0.000000
vt 0.042827 0.786504 0.000000
vt 0.043475 0.786508 0.000000
vt 0.043491 0.776055 0.000000
vt 0.448535 0.872157 0.000000
vt 0.448535 0.873524 0.000000
vt 0.451053 0.873524 0.000000
vt 0.451053 0.872157 0.000000
vt 0.043242 0.249312 0.000000
vt 0.046072 0.248332 0.000000
vt 0.046072 0.259417 0.000000
vt 0.043242 0.258726 0.000000
vt 0.856086 0.137994 0.000000
vt 0.830347 0.136116 0.000000
vt 0.830262 0.208150 0.000000
vt 0.856086 0.208150 0.000000
vt 0.985860 0.952878 0.000000
vt 0.988805 0.952943 0.000000
vt 0.980571 0.948476 0.000000
vt 0.978011 0.948476 0.000000
vt 0.360005 0.999674 0.000000
vt 0.259837 0.946535 0.000000
vt 0.260854 0.999674 0.000000
vt 0.985470 0.567643 0.000000
vt 0.986506 0.567643 0.000000
vt 0.986511 0.562190 0.000000
vt 0.985464 0.562190 0.000000
vt 0.451053 0.785216 0.000000
vt 0.448535 0.785216 0.000000
vt 0.448535 0.794131 0.000000
vt 0.451053 0.794131 0.000000
vt 0.451053 0.811794 0.000000
vt 0.448535 0.811794 0.000000
vt 0.448535 0.819183 0.000000
vt 0.451053 0.819183 0.000000
vt 0.209785 0.863226 0.000000
vt 0.121819 0.864666 0.000000
vt 0.121828 0.878964 0.000000
vt 0.220811 0.871717 0.000000
vt 0.251081 0.883007 0.000000
vt 0.259009 0.885304 0.000000
vt 0.104739 0.307900 0.000000
vt 0.127893 0.307410 0.000000
vt 0.104739 0.298903 0.000000
vt 0.258162 0.662417 0.000000
vt 0.259101 0.642244 0.000000
vt 0.410827 0.085798 0.000000
vt 0.872546 0.397477 0.000000
vt 0.871945 0.323045 0.000000
vt 0.867039 0.327277 0.000000
vt 0.867606 0.393383 0.000000
vt 0.231154 0.583779 0.000000
vt 0.230381 0.583779 0.000000
vt 0.230376 0.621603 0.000000
vt 0.231148 0.621604 0.000000
vt 0.829779 0.393203 0.000000
vt 0.829781 0.397551 0.000000
vt 0.156872 0.126976 0.000000
vt 0.131584 0.132936 0.000000
vt 0.131651 0.169523 0.000000
vt 0.156907 0.169542 0.000000
vt 0.127272 0.136818 0.000000
vt 0.127179 0.169520 0.000000
vt 0.089646 0.132830 0.000000
vt 0.093960 0.136739 0.000000
vt 0.089574 0.169528 0.000000
vt 0.094040 0.169531 0.000000
vt 0.045836 0.126874 0.000000
vt 0.536536 0.143820 0.000000
vt 0.536720 0.107186 0.000000
vt 0.510016 0.101158 0.000000
vt 0.509899 0.143835 0.000000
vt 0.735687 0.748401 0.000000
vt 0.668868 0.748442 0.000000
vt 0.667087 0.745532 0.000000
vt 0.737955 0.745532 0.000000
vt 0.599432 0.998839 0.000000
vt 0.601430 0.995807 0.000000
vt 0.561641 0.995804 0.000000
vt 0.561641 0.998839 0.000000
vt 0.866270 0.327308 0.000000
vt 0.866775 0.393376 0.000000
vt 0.578832 0.107109 0.000000
vt 0.574274 0.111145 0.000000
vt 0.574195 0.143798 0.000000
vt 0.579055 0.143795 0.000000
vt 0.541257 0.111279 0.000000
vt 0.541394 0.143817 0.000000
vt 0.227638 0.583779 0.000000
vt 0.227634 0.623593 0.000000
vt 0.617095 0.095568 0.000000
vt 0.683154 0.095568 0.000000
vt 0.683154 0.053071 0.000000
vt 0.617095 0.053071 0.000000
vt 0.737142 0.061311 0.000000
vt 0.737142 0.069425 0.000000
vt 0.779638 0.069425 0.000000
vt 0.779639 0.061311 0.000000
vt 0.692692 0.095568 0.000000
vt 0.692692 0.053071 0.000000
vt 0.737142 0.130442 0.000000
vt 0.779638 0.130442 0.000000
vt 0.737142 0.138064 0.000000
vt 0.779638 0.138064 0.000000
vt 0.986503 0.575987 0.000000
vt 0.985472 0.575987 0.000000
vt 0.985474 0.587276 0.000000
vt 0.986502 0.587276 0.000000
vt 0.227553 0.626274 0.000000
vt 0.300579 0.626277 0.000000
vt 0.297996 0.623570 0.000000
vt 0.755370 0.304608 0.000000
vt 0.743653 0.304453 0.000000
vt 0.743653 0.316560 0.000000
vt 0.755370 0.316404 0.000000
vt 0.451053 0.834341 0.000000
vt 0.448535 0.834341 0.000000
vt 0.451053 0.802274 0.000000
vt 0.448535 0.802274 0.000000
vt 0.448535 0.805085 0.000000
vt 0.451053 0.805085 0.000000
vt 0.864937 0.967281 0.000000
vt 0.864930 0.934508 0.000000
vt 0.853396 0.934510 0.000000
vt 0.853396 0.967649 0.000000
vt 0.717885 0.304382 0.000000
vt 0.707698 0.303731 0.000000
vt 0.707698 0.317281 0.000000
vt 0.717885 0.316630 0.000000
vt 0.731127 0.304453 0.000000
vt 0.731127 0.316559 0.000000
vt 0.211359 0.583778 0.000000
vt 0.211355 0.626272 0.000000
vt 0.561641 0.999674 0.000000
vt 0.599433 0.999674 0.000000
vt 0.300579 0.583780 0.000000
vt 0.297996 0.583780 0.000000
vt 0.966516 0.048077 0.000000
vt 0.965485 0.048077 0.000000
vt 0.965490 0.060173 0.000000
vt 0.966525 0.060173 0.000000
vt 0.519112 0.017780 0.000000
vt 0.552001 0.017775 0.000000
vt 0.552001 0.016785 0.000000
vt 0.519112 0.016780 0.000000
vt 0.829620 0.322744 0.000000
vt 0.829619 0.327216 0.000000
vt 0.872027 0.310373 0.000000
vt 0.829624 0.310107 0.000000
vt 0.350627 0.044592 0.000000
vt 0.350628 0.010524 0.000000
vt 0.349615 0.010524 0.000000
vt 0.349618 0.044592 0.000000
vt 0.552326 0.053138 0.000000
vt 0.519112 0.053133 0.000000
vt 0.519112 0.054140 0.000000
vt 0.552326 0.054138 0.000000
vt 0.203396 0.583777 0.000000
vt 0.203394 0.626272 0.000000
vt 0.829626 0.302785 0.000000
vt 0.872071 0.303045 0.000000
vt 0.607673 0.053071 0.000000
vt 0.607673 0.095568 0.000000
vt 0.498905 0.101128 0.000000
vt 0.498787 0.143842 0.000000
vt 0.164335 0.169547 0.000000
vt 0.164305 0.126968 0.000000
vt 0.605533 0.101003 0.000000
vt 0.605720 0.143780 0.000000
vt 0.045786 0.169504 0.000000
vt 0.354732 0.626277 0.000000
vt 0.354733 0.583780 0.000000
vt 0.829807 0.451599 0.000000
vt 0.872601 0.451559 0.000000
vt 0.226854 0.998894 0.000000
vt 0.237306 0.998894 0.000000
vt 0.225686 0.939970 0.000000
vt 0.002223 0.064141 0.000000
vt 0.005229 0.072572 0.000000
vt 0.803119 0.479767 0.000000
vt 0.364553 0.072527 0.000000
vt 0.366968 0.064735 0.000000
vt 0.311564 0.064494 0.000000
vt 0.309305 0.072388 0.000000
vt 0.844327 0.844656 0.000000
vt 0.834014 0.469319 0.000000
vt 0.824086 0.469418 0.000000
vt 0.827287 0.499053 0.000000
vt 0.592277 0.074579 0.000000
vt 0.903660 0.262235 0.000000
vt 0.291891 0.307410 0.000000
vt 0.315189 0.307871 0.000000
vt 0.822762 0.693920 0.000000
vt 0.889925 0.005920 0.000000
vt 0.915189 0.006164 0.000000
vt 0.915189 0.005674 0.000000
vt 0.889925 0.005881 0.000000
vt 0.707325 0.726313 0.000000
vt 0.667127 0.726809 0.000000
vt 0.667087 0.726809 0.000000
vt 0.707330 0.726809 0.000000
vt 0.944846 0.049660 0.000000
vt 0.881094 0.049589 0.000000
vt 0.881094 0.050118 0.000000
vt 0.944846 0.050188 0.000000
vt 0.884425 0.888931 0.000000
vt 0.884425 0.928272 0.000000
vt 0.948314 0.928233 0.000000
vt 0.948154 0.888896 0.000000
vt 0.894973 0.801944 0.000000
vt 0.894943 0.835664 0.000000
vt 0.895474 0.835664 0.000000
vt 0.895503 0.801944 0.000000
vt 0.928542 0.801413 0.000000
vt 0.895504 0.801413 0.000000
vt 0.928542 0.801961 0.000000
vt 0.895475 0.836195 0.000000
vt 0.928543 0.836135 0.000000
vt 0.928543 0.835732 0.000000
vt 0.895505 0.869915 0.000000
vt 0.928544 0.869915 0.000000
vt 0.880746 0.089495 0.000000
vt 0.945418 0.089531 0.000000
vt 0.054780 0.442605 0.000000
vt 0.054780 0.422827 0.000000
vt 0.051617 0.422823 0.000000
vt 0.051606 0.442605 0.000000
vt 0.061070 0.422804 0.000000
vt 0.061057 0.421414 0.000000
vt 0.057939 0.421414 0.000000
vt 0.057942 0.422823 0.000000
vt 0.054780 0.421414 0.000000
vt 0.051621 0.421414 0.000000
vt 0.048494 0.421414 0.000000
vt 0.048481 0.422804 0.000000
vt 0.048494 0.442605 0.000000
vt 0.101502 0.182573 0.000000
vt 0.099605 0.182658 0.000000
vt 0.099605 0.188670 0.000000
vt 0.101376 0.188569 0.000000
vt 0.101182 0.176520 0.000000
vt 0.099605 0.176645 0.000000
vt 0.100862 0.170651 0.000000
vt 0.099605 0.170651 0.000000
vt 0.031562 0.252498 0.000000
vt 0.033368 0.253250 0.000000
vt 0.035181 0.251446 0.000000
vt 0.034436 0.249636 0.000000
vt 0.031553 0.256553 0.000000
vt 0.033362 0.255808 0.000000
vt 0.111032 0.176855 0.000000
vt 0.057953 0.442605 0.000000
vt 0.117926 0.170651 0.000000
vt 0.110551 0.170651 0.000000
vt 0.117926 0.176628 0.000000
vt 0.099605 0.194680 0.000000
vt 0.100785 0.194680 0.000000
vt 0.034390 0.259417 0.000000
vt 0.035141 0.257610 0.000000
vt 0.037706 0.251437 0.000000
vt 0.038457 0.249631 0.000000
vt 0.061057 0.442605 0.000000
vt 0.117926 0.158645 0.000000
vt 0.117926 0.152616 0.000000
vt 0.111940 0.152642 0.000000
vt 0.111684 0.158530 0.000000
vt 0.117926 0.146623 0.000000
vt 0.113618 0.146623 0.000000
vt 0.042208 0.442605 0.000000
vt 0.045382 0.442605 0.000000
vt 0.045346 0.422745 0.000000
vt 0.042208 0.422567 0.000000
vt 0.064198 0.422745 0.000000
vt 0.064175 0.421414 0.000000
vt 0.067335 0.422567 0.000000
vt 0.067335 0.421414 0.000000
vt 0.045367 0.421414 0.000000
vt 0.042208 0.421414 0.000000
vt 0.101502 0.158730 0.000000
vt 0.101376 0.152734 0.000000
vt 0.099605 0.152633 0.000000
vt 0.099605 0.158645 0.000000
vt 0.101182 0.164783 0.000000
vt 0.099605 0.164658 0.000000
vt 0.041289 0.256539 0.000000
vt 0.041289 0.252484 0.000000
vt 0.039481 0.253232 0.000000
vt 0.039481 0.255790 0.000000
vt 0.038421 0.259407 0.000000
vt 0.037672 0.257599 0.000000
vt 0.111032 0.164448 0.000000
vt 0.064161 0.442605 0.000000
vt 0.067335 0.442605 0.000000
vt 0.117926 0.164674 0.000000
vt 0.100785 0.146623 0.000000
vt 0.099605 0.146623 0.000000
vt 0.644465 0.810163 0.000000
vt 0.646240 0.638464 0.000000
vt 0.747572 0.251789 0.000000
vt 0.014886 0.633791 0.000000
vt 0.017526 0.652416 0.000000
vt 0.034325 0.649976 0.000000
vt 0.030580 0.628564 0.000000
vt 0.023081 0.872210 0.000000
vt 0.034101 0.864112 0.000000
vt 0.817470 0.705661 0.000000
vt 0.823598 0.497381 0.000000
vt 0.819463 0.470776 0.000000
vt 0.592277 0.057621 0.000000
vt 0.960536 0.369241 0.000000
vt 0.960513 0.380325 0.000000
vt 0.962887 0.380330 0.000000
vt 0.962909 0.369244 0.000000
vt 0.031620 0.097033 0.000000
vt 0.031679 0.107730 0.000000
vt 0.037152 0.109970 0.000000
vt 0.037072 0.094740 0.000000
vt 0.785941 0.453552 0.000000
vt 0.729552 0.453552 0.000000
vt 0.733901 0.552984 0.000000
vt 0.785941 0.543670 0.000000
vt 0.051885 0.083896 0.000000
vt 0.041171 0.094719 0.000000
vt 0.042524 0.095271 0.000000
vt 0.052451 0.085243 0.000000
vt 0.730413 0.654700 0.000000
vt 0.785941 0.633950 0.000000
vt 0.005799 0.097139 0.000000
vt 0.013312 0.089564 0.000000
vt 0.011019 0.084113 0.000000
vt 0.000326 0.094899 0.000000
vt 0.943958 0.211907 0.000000
vt 0.901626 0.211907 0.000000
vt 0.901626 0.250847 0.000000
vt 0.082282 0.079643 0.000000
vt 0.067092 0.079719 0.000000
vt 0.067113 0.083819 0.000000
vt 0.082307 0.083742 0.000000
vt 0.051864 0.079796 0.000000
vt 0.036635 0.079873 0.000000
vt 0.036656 0.083973 0.000000
vt 0.903696 0.252833 0.000000
vt 0.943958 0.252832 0.000000
vt 0.041252 0.109953 0.000000
vt 0.042598 0.109385 0.000000
vt 0.010545 0.032417 0.000000
vt 0.014089 0.022840 0.000000
vt 0.013415 0.021771 0.000000
vt 0.009486 0.031983 0.000000
vt 0.196461 0.043963 0.000000
vt 0.196364 0.053552 0.000000
vt 0.197403 0.054138 0.000000
vt 0.197550 0.044237 0.000000
vt 0.049617 0.025655 0.000000
vt 0.055907 0.008471 0.000000
vt 0.054851 0.008441 0.000000
vt 0.048603 0.025497 0.000000
vt 0.620637 0.529821 0.000000
vt 0.638948 0.529694 0.000000
vt 0.638937 0.528609 0.000000
vt 0.620287 0.528732 0.000000
vt 0.960491 0.391411 0.000000
vt 0.962864 0.391416 0.000000
vt 0.960513 0.313878 0.000000
vt 0.960536 0.324932 0.000000
vt 0.962909 0.324929 0.000000
vt 0.962887 0.313873 0.000000
vt 0.618729 0.569832 0.000000
vt 0.618678 0.530842 0.000000
vt 0.617647 0.530817 0.000000
vt 0.617633 0.569832 0.000000
vt 0.619881 0.569833 0.000000
vt 0.619756 0.530841 0.000000
vt 0.617793 0.529827 0.000000
vt 0.583993 0.529784 0.000000
vt 0.584194 0.530799 0.000000
vt 0.618138 0.528739 0.000000
vt 0.583387 0.528696 0.000000
vt 0.053862 0.001706 0.000000
vt 0.052817 0.001724 0.000000
vt 0.865897 0.515476 0.000000
vt 0.853827 0.510445 0.000000
vt 0.853805 0.520467 0.000000
vt 0.860872 0.527569 0.000000
vt 0.870922 0.503382 0.000000
vt 0.860930 0.503373 0.000000
vt 0.046239 0.107851 0.000000
vt 0.046182 0.096764 0.000000
vt 0.646083 0.529548 0.000000
vt 0.646291 0.528416 0.000000
vt 0.053981 0.088885 0.000000
vt 0.066561 0.085172 0.000000
vt 0.065067 0.088829 0.000000
vt 0.076574 0.095066 0.000000
vt 0.072933 0.096600 0.000000
vt 0.016212 0.051557 0.000000
vt 0.015251 0.051848 0.000000
vt 0.196410 0.024626 0.000000
vt 0.197473 0.024623 0.000000
vt 0.049177 0.026418 0.000000
vt 0.048298 0.026476 0.000000
vt 0.618584 0.530087 0.000000
vt 0.963418 0.391417 0.000000
vt 0.963441 0.380331 0.000000
vt 0.962864 0.302787 0.000000
vt 0.963441 0.313872 0.000000
vt 0.963418 0.302786 0.000000
vt 0.963463 0.324929 0.000000
vt 0.024013 0.089507 0.000000
vt 0.026247 0.084031 0.000000
vt 0.963463 0.369244 0.000000
vt 0.852477 0.521013 0.000000
vt 0.860321 0.528895 0.000000
vt 0.852502 0.509892 0.000000
vt 0.860383 0.502046 0.000000
vt 0.871473 0.502056 0.000000
vt 0.960491 0.302792 0.000000
vt 0.619846 0.530084 0.000000
vt 0.620786 0.530810 0.000000
vt 0.619212 0.528953 0.000000
vt 0.077921 0.094499 0.000000
vt 0.195398 0.053354 0.000000
vt 0.195435 0.043859 0.000000
vt 0.638956 0.530672 0.000000
vt 0.835928 0.994989 0.000000
vt 0.837935 0.996997 0.000000
vt 0.850051 0.996997 0.000000
vt 0.852058 0.994989 0.000000
vt 0.311648 0.147869 0.000000
vt 0.245397 0.639742 0.000000
vt 0.265447 0.639143 0.000000
vt 0.265447 0.628564 0.000000
vt 0.244798 0.628509 0.000000
vt 0.000326 0.455584 0.000000
vt 0.000485 0.471258 0.000000
vt 0.011718 0.471143 0.000000
vt 0.819767 0.280184 0.000000
vt 0.819168 0.300233 0.000000
vt 0.830404 0.300832 0.000000
vt 0.830347 0.280184 0.000000
vt 0.337483 0.639143 0.000000
vt 0.337483 0.628648 0.000000
vt 0.819767 0.208150 0.000000
vt 0.856086 0.278307 0.000000
vt 0.491416 0.634085 0.000000
vt 0.477165 0.632393 0.000000
vt 0.477165 0.704260 0.000000
vt 0.487998 0.704260 0.000000
vt 0.619376 0.329711 0.000000
vt 0.651671 0.329711 0.000000
vt 0.651671 0.293511 0.000000
vt 0.619432 0.293512 0.000000
vt 0.583893 0.329710 0.000000
vt 0.583949 0.293510 0.000000
vt 0.564964 0.329710 0.000000
vt 0.566330 0.401578 0.000000
vt 0.583809 0.401578 0.000000
vt 0.377491 0.329712 0.000000
vt 0.377407 0.401578 0.000000
vt 0.267931 0.200099 0.000000
vt 0.267932 0.215532 0.000000
vt 0.339796 0.215880 0.000000
vt 0.339796 0.200099 0.000000
vt 0.267932 0.224457 0.000000
vt 0.339796 0.224729 0.000000
vt 0.267932 0.233382 0.000000
vt 0.339796 0.233577 0.000000
vt 0.267932 0.242307 0.000000
vt 0.339796 0.242426 0.000000
vt 0.267932 0.251232 0.000000
vt 0.339796 0.251275 0.000000
vt 0.267931 0.288595 0.000000
vt 0.339796 0.288595 0.000000
vt 0.201677 0.667296 0.000000
vt 0.183770 0.667295 0.000000
vt 0.183662 0.740144 0.000000
vt 0.201592 0.740144 0.000000
vt 0.159647 0.667295 0.000000
vt 0.159562 0.740144 0.000000
vt 0.138385 0.667295 0.000000
vt 0.138301 0.740144 0.000000
vt 0.046458 0.667125 0.000000
vt 0.138442 0.630601 0.000000
vt 0.046515 0.630601 0.000000
vt 0.268353 0.835107 0.000000
vt 0.289119 0.825846 0.000000
vt 0.289119 0.763073 0.000000
vt 0.268354 0.763073 0.000000
vt 0.942803 0.455982 0.000000
vt 0.947562 0.455974 0.000000
vt 0.947493 0.393209 0.000000
vt 0.942734 0.393209 0.000000
vt 0.290782 0.825839 0.000000
vt 0.289998 0.825839 0.000000
vt 0.289998 0.855688 0.000000
vt 0.290782 0.855688 0.000000
vt 0.296712 0.825846 0.000000
vt 0.296712 0.855695 0.000000
vt 0.306645 0.825846 0.000000
vt 0.306645 0.763073 0.000000
vt 0.296712 0.763073 0.000000
vt 0.633655 0.013220 0.000000
vt 0.633648 0.008461 0.000000
vt 0.570882 0.008530 0.000000
vt 0.570882 0.013289 0.000000
vt 0.306991 0.825839 0.000000
vt 0.307705 0.825839 0.000000
vt 0.307705 0.763073 0.000000
vt 0.306991 0.763073 0.000000
vt 0.313184 0.825846 0.000000
vt 0.307705 0.855688 0.000000
vt 0.313184 0.855695 0.000000
vt 0.325720 0.825846 0.000000
vt 0.325720 0.855695 0.000000
vt 0.633655 0.006393 0.000000
vt 0.633648 0.001634 0.000000
vt 0.570882 0.001703 0.000000
vt 0.570882 0.006462 0.000000
vt 0.326516 0.825839 0.000000
vt 0.327553 0.825839 0.000000
vt 0.327553 0.763073 0.000000
vt 0.326516 0.763073 0.000000
vt 0.333112 0.825846 0.000000
vt 0.333112 0.763073 0.000000
vt 0.383580 0.835107 0.000000
vt 0.333112 0.855695 0.000000
vt 0.382364 0.871138 0.000000
vt 0.408990 0.835109 0.000000
vt 0.408990 0.763073 0.000000
vt 0.385402 0.763073 0.000000
vt 0.247754 0.006546 0.000000
vt 0.247756 0.022219 0.000000
vt 0.267806 0.022219 0.000000
vt 0.267803 0.006545 0.000000
vt 0.619496 0.290597 0.000000
vt 0.649189 0.290548 0.000000
vt 0.585516 0.290629 0.000000
vt 0.013151 0.611773 0.000000
vt 0.015274 0.610079 0.000000
vt 0.015084 0.591731 0.000000
vt 0.012946 0.591763 0.000000
vt 0.741997 0.808083 0.000000
vt 0.744478 0.805101 0.000000
vt 0.712434 0.805104 0.000000
vt 0.712374 0.808034 0.000000
vt 0.013855 0.471121 0.000000
vt 0.363324 0.473844 0.000000
vt 0.365492 0.473822 0.000000
vt 0.369845 0.454978 0.000000
vt 0.367154 0.457143 0.000000
vt 0.831262 0.999674 0.000000
vt 0.833975 0.997535 0.000000
vt 0.189837 0.458977 0.000000
vt 0.186437 0.456874 0.000000
vt 0.189049 0.475596 0.000000
vt 0.192165 0.475587 0.000000
vt 0.683761 0.805103 0.000000
vt 0.682200 0.808007 0.000000
vt 0.668634 0.805102 0.000000
vt 0.667087 0.808013 0.000000
vt 0.394548 0.553553 0.000000
vt 0.396098 0.551936 0.000000
vt 0.375478 0.537171 0.000000
vt 0.138528 0.628332 0.000000
vt 0.159703 0.630601 0.000000
vt 0.158884 0.628297 0.000000
vt 0.850490 0.981041 0.000000
vt 0.850143 0.979270 0.000000
vt 0.848728 0.979370 0.000000
vt 0.848613 0.981040 0.000000
vt 0.767305 0.703162 0.000000
vt 0.755294 0.702199 0.000000
vt 0.754915 0.718950 0.000000
vt 0.766957 0.718541 0.000000
vt 0.472774 0.639740 0.000000
vt 0.472774 0.535877 0.000000
vt 0.468338 0.535877 0.000000
vt 0.468338 0.639742 0.000000
vt 0.765554 0.780523 0.000000
vt 0.765691 0.774456 0.000000
vt 0.754227 0.775119 0.000000
vt 0.754131 0.779342 0.000000
vt 0.562277 0.771268 0.000000
vt 0.564320 0.771269 0.000000
vt 0.564351 0.763083 0.000000
vt 0.562293 0.763078 0.000000
vt 0.767442 0.697097 0.000000
vt 0.755970 0.697760 0.000000
vt 0.755409 0.722537 0.000000
vt 0.766840 0.723718 0.000000
vt 0.766040 0.759069 0.000000
vt 0.766157 0.753890 0.000000
vt 0.754692 0.754553 0.000000
vt 0.754617 0.757888 0.000000
vt 0.558707 0.771261 0.000000
vt 0.556629 0.771253 0.000000
vt 0.556747 0.791522 0.000000
vt 0.558735 0.791257 0.000000
vt 0.844694 0.948640 0.000000
vt 0.842613 0.948638 0.000000
vt 0.842609 0.974173 0.000000
vt 0.844682 0.974175 0.000000
vt 0.562298 0.738472 0.000000
vt 0.564373 0.738474 0.000000
vt 0.564380 0.728916 0.000000
vt 0.562300 0.728890 0.000000
vt 0.755106 0.736109 0.000000
vt 0.766553 0.736368 0.000000
vt 0.721749 0.736666 0.000000
vt 0.721698 0.738925 0.000000
vt 0.751911 0.739609 0.000000
vt 0.751962 0.737350 0.000000
vt 0.835930 0.974170 0.000000
vt 0.835928 0.979265 0.000000
vt 0.842601 0.979268 0.000000
vt 0.962201 0.131255 0.000000
vt 0.962185 0.136712 0.000000
vt 0.964273 0.136712 0.000000
vt 0.964273 0.131206 0.000000
vt 0.958540 0.131253 0.000000
vt 0.958567 0.136712 0.000000
vt 0.956478 0.131206 0.000000
vt 0.956478 0.136712 0.000000
vt 0.870543 0.979270 0.000000
vt 0.877587 0.979270 0.000000
vt 0.877587 0.974176 0.000000
vt 0.870543 0.974175 0.000000
vt 0.848644 0.974182 0.000000
vt 0.850143 0.974176 0.000000
vt 0.558699 0.763079 0.000000
vt 0.556607 0.763088 0.000000
vt 0.766443 0.741234 0.000000
vt 0.754996 0.740975 0.000000
vt 0.870543 0.999674 0.000000
vt 0.877587 0.999674 0.000000
vt 0.623685 0.044653 0.000000
vt 0.623675 0.049451 0.000000
vt 0.624499 0.049453 0.000000
vt 0.624509 0.044654 0.000000
vt 0.558379 0.793332 0.000000
vt 0.721649 0.019534 0.000000
vt 0.724003 0.019534 0.000000
vt 0.723575 0.017881 0.000000
vt 0.721649 0.017881 0.000000
vt 0.621969 0.051054 0.000000
vt 0.619515 0.049435 0.000000
vt 0.620428 0.051118 0.000000
vt 0.474934 0.538326 0.000000
vt 0.473522 0.535689 0.000000
vt 0.467583 0.535627 0.000000
vt 0.466074 0.537368 0.000000
vt 0.621213 0.042659 0.000000
vt 0.619757 0.042853 0.000000
vt 0.619543 0.044644 0.000000
vt 0.744146 0.748442 0.000000
vt 0.751479 0.748442 0.000000
vt 0.751479 0.747918 0.000000
vt 0.744146 0.747918 0.000000
vt 0.850153 0.948643 0.000000
vt 0.848647 0.948641 0.000000
vt 0.591408 0.053545 0.000000
vt 0.587494 0.053545 0.000000
vt 0.587494 0.054140 0.000000
vt 0.592277 0.054140 0.000000
vt 0.835940 0.948637 0.000000
vt 0.964273 0.103613 0.000000
vt 0.962199 0.103613 0.000000
vt 0.958514 0.103613 0.000000
vt 0.956478 0.103613 0.000000
vt 0.708886 0.753516 0.000000
vt 0.708810 0.756851 0.000000
vt 0.562182 0.791276 0.000000
vt 0.870542 0.928253 0.000000
vt 0.870543 0.953781 0.000000
vt 0.877587 0.953781 0.000000
vt 0.877586 0.928253 0.000000
vt 0.843189 0.336969 0.000000
vt 0.841758 0.334941 0.000000
vt 0.796749 0.334941 0.000000
vt 0.798201 0.336998 0.000000
vt 0.564403 0.684478 0.000000
vt 0.562322 0.683711 0.000000
vt 0.844662 0.979268 0.000000
vt 0.844661 0.981039 0.000000
vt 0.558691 0.728880 0.000000
vt 0.556576 0.728882 0.000000
vt 0.556581 0.738435 0.000000
vt 0.558687 0.738459 0.000000
vt 0.562497 0.793414 0.000000
vt 0.564167 0.791547 0.000000
vt 0.766524 0.737680 0.000000
vt 0.755076 0.737421 0.000000
vt 0.752052 0.736130 0.000000
vt 0.721859 0.735177 0.000000
vt 0.755025 0.739679 0.000000
vt 0.751881 0.740906 0.000000
vt 0.721662 0.740519 0.000000
vt 0.766473 0.739938 0.000000
vt 0.969065 0.920248 0.000000
vt 0.966672 0.920248 0.000000
vt 0.966672 0.948776 0.000000
vt 0.968823 0.948776 0.000000
vt 0.111011 0.364458 0.000000
vt 0.113452 0.364458 0.000000
vt 0.113452 0.336890 0.000000
vt 0.110906 0.336890 0.000000
vt 0.520701 0.049231 0.000000
vt 0.519112 0.050968 0.000000
vt 0.519150 0.042659 0.000000
vt 0.520708 0.044432 0.000000
vt 0.619273 0.042873 0.000000
vt 0.897987 0.979270 0.000000
vt 0.897987 0.974175 0.000000
vt 0.264448 0.024173 0.000000
vt 0.262943 0.024173 0.000000
vt 0.262943 0.054140 0.000000
vt 0.264473 0.053061 0.000000
vt 0.474934 0.638158 0.000000
vt 0.690450 0.034528 0.000000
vt 0.690450 0.008613 0.000000
vt 0.686239 0.008613 0.000000
vt 0.686239 0.034528 0.000000
vt 0.107297 0.336890 0.000000
vt 0.107145 0.364458 0.000000
vt 0.027310 0.034530 0.000000
vt 0.026099 0.036253 0.000000
vt 0.055907 0.036253 0.000000
vt 0.054682 0.034530 0.000000
vt 0.972820 0.920248 0.000000
vt 0.972820 0.948776 0.000000
vt 0.558718 0.679896 0.000000
vt 0.739908 0.747918 0.000000
vt 0.740693 0.748442 0.000000
vt 0.753473 0.807824 0.000000
vt 0.764943 0.808083 0.000000
vt 0.014659 0.390561 0.000000
vt 0.018248 0.390563 0.000000
vt 0.018248 0.341531 0.000000
vt 0.014642 0.345346 0.000000
vt 0.692639 0.036083 0.000000
vt 0.692639 0.007058 0.000000
vt 0.104739 0.336890 0.000000
vt 0.104739 0.364458 0.000000
vt 0.768148 0.665316 0.000000
vt 0.756724 0.665058 0.000000
vt 0.709706 0.717927 0.000000
vt 0.709625 0.721501 0.000000
vt 0.835928 0.813814 0.000000
vt 0.838982 0.906550 0.000000
vt 0.839935 0.907505 0.000000
vt 0.839935 0.810036 0.000000
vt 0.465128 0.538317 0.000000
vt 0.461970 0.634309 0.000000
vt 0.466074 0.638177 0.000000
vt 0.556576 0.677388 0.000000
vt 0.753440 0.740766 0.000000
vt 0.754521 0.736825 0.000000
vt 0.753754 0.775109 0.000000
vt 0.753658 0.779331 0.000000
vt 0.718314 0.019534 0.000000
vt 0.718314 0.017881 0.000000
vt 0.020328 0.340056 0.000000
vt 0.020328 0.392027 0.000000
vt 0.324876 0.873394 0.000000
vt 0.324873 0.871142 0.000000
vt 0.315308 0.871142 0.000000
vt 0.315479 0.873372 0.000000
vt 0.229248 0.233221 0.000000
vt 0.231734 0.233251 0.000000
vt 0.231734 0.224276 0.000000
vt 0.229224 0.224233 0.000000
vt 0.229272 0.242210 0.000000
vt 0.231734 0.242228 0.000000
vt 0.069920 0.506899 0.000000
vt 0.062695 0.497816 0.000000
vt 0.306320 0.871142 0.000000
vt 0.306306 0.873352 0.000000
vt 0.092902 0.530735 0.000000
vt 0.334775 0.873416 0.000000
vt 0.334720 0.871142 0.000000
vt 0.124034 0.538203 0.000000
vt 0.059947 0.454978 0.000000
vt 0.288363 0.871142 0.000000
vt 0.288374 0.873311 0.000000
vt 0.297105 0.873331 0.000000
vt 0.297170 0.871142 0.000000
vt 0.201733 0.630603 0.000000
vt 0.200069 0.628231 0.000000
vt 0.183919 0.628257 0.000000
vt 0.183842 0.630601 0.000000
vt 0.231734 0.251203 0.000000
vt 0.229296 0.251200 0.000000
vt 0.229392 0.286458 0.000000
vt 0.231732 0.288595 0.000000
vt 0.365972 0.496184 0.000000
vt 0.368557 0.495890 0.000000
vt 0.184277 0.498033 0.000000
vt 0.187620 0.498001 0.000000
vt 0.048685 0.628441 0.000000
vt 0.176148 0.509425 0.000000
vt 0.671473 0.192350 0.000000
vt 0.674432 0.192102 0.000000
vt 0.674525 0.172524 0.000000
vt 0.671606 0.172469 0.000000
vt 0.156121 0.528994 0.000000
vt 0.058181 0.470731 0.000000
vt 0.382364 0.873524 0.000000
vt 0.408990 0.857892 0.000000
vt 0.408990 0.855758 0.000000
vt 0.681592 0.274803 0.000000
vt 0.682562 0.273626 0.000000
vt 0.481638 0.274207 0.000000
vt 0.482216 0.275348 0.000000
vt 0.565047 0.293510 0.000000
vt 0.566942 0.290619 0.000000
vt 0.375778 0.290936 0.000000
vt 0.377547 0.293513 0.000000
vt 0.674608 0.158754 0.000000
vt 0.671687 0.160215 0.000000
vt 0.744617 0.260194 0.000000
vt 0.762833 0.260124 0.000000
vt 0.762833 0.263713 0.000000
vt 0.744617 0.263644 0.000000
vt 0.728271 0.263663 0.000000
vt 0.728271 0.260174 0.000000
vt 0.685534 0.272243 0.000000
vt 0.480993 0.272990 0.000000
vt 0.726231 0.271654 0.000000
vt 0.730320 0.270344 0.000000
vt 0.479233 0.593231 0.000000
vt 0.477165 0.596194 0.000000
vt 0.491416 0.596199 0.000000
vt 0.489143 0.593216 0.000000
vt 0.231732 0.200099 0.000000
vt 0.229154 0.198002 0.000000
vt 0.229200 0.215247 0.000000
vt 0.231734 0.215299 0.000000
vt 0.878731 0.276562 0.000000
vt 0.878654 0.208150 0.000000
vt 0.149532 0.574976 0.000000
vt 0.180394 0.563294 0.000000
vt 0.014611 0.545332 0.000000
vt 0.361536 0.457202 0.000000
vt 0.355989 0.473918 0.000000
vt 0.289119 0.855695 0.000000
vt 0.848630 0.027257 0.000000
vt 0.848625 0.034587 0.000000
vt 0.921225 0.034587 0.000000
vt 0.921230 0.027056 0.000000
vt 0.774076 0.044071 0.000000
vt 0.774010 0.036378 0.000000
vt 0.774007 0.036070 0.000000
vt 0.773995 0.036150 0.000000
vt 0.773995 0.005621 0.000000
vt 0.773999 0.013176 0.000000
vt 0.846600 0.013176 0.000000
vt 0.846595 0.005822 0.000000
vt 0.268353 0.871138 0.000000
vt 0.947572 0.064112 0.000000
vt 0.947371 0.136712 0.000000
vt 0.954525 0.136707 0.000000
vt 0.954525 0.064106 0.000000
vt 0.848630 0.015633 0.000000
vt 0.921230 0.015633 0.000000
vt 0.921225 0.008318 0.000000
vt 0.848625 0.008117 0.000000
vt 0.430186 0.562335 0.000000
vt 0.459879 0.562132 0.000000
vt 0.460017 0.552220 0.000000
vt 0.430395 0.552492 0.000000
vt 0.817182 0.216783 0.000000
vt 0.746888 0.216864 0.000000
vt 0.746888 0.233142 0.000000
vt 0.817215 0.233142 0.000000
vt 0.388701 0.575869 0.000000
vt 0.391570 0.623999 0.000000
vt 0.421864 0.621783 0.000000
vt 0.417962 0.582870 0.000000
vt 0.619292 0.401578 0.000000
vt 0.651671 0.401578 0.000000
vt 0.356687 0.578252 0.000000
vt 0.360440 0.626277 0.000000
vt 0.633735 0.192095 0.000000
vt 0.563409 0.191620 0.000000
vt 0.563260 0.213717 0.000000
vt 0.633585 0.214193 0.000000
vt 0.947608 0.485824 0.000000
vt 0.942849 0.485831 0.000000
vt 0.633603 0.232992 0.000000
vt 0.563133 0.232515 0.000000
vt 0.400123 0.543083 0.000000
vt 0.452594 0.002222 0.000000
vt 0.452594 0.001391 0.000000
vt 0.379994 0.001391 0.000000
vt 0.379994 0.002222 0.000000
vt 0.074106 0.504363 0.000000
vt 0.078864 0.505159 0.000000
vt 0.078864 0.497767 0.000000
vt 0.074106 0.503326 0.000000
vt 0.289998 0.763073 0.000000
vt 0.290782 0.763073 0.000000
vt 0.175720 0.022219 0.000000
vt 0.175720 0.006546 0.000000
vt 0.306645 0.855695 0.000000
vt 0.684286 0.035344 0.000000
vt 0.684226 0.028121 0.000000
vt 0.611630 0.028860 0.000000
vt 0.611690 0.036083 0.000000
vt 0.663497 0.008415 0.000000
vt 0.663504 0.013174 0.000000
vt 0.327553 0.855688 0.000000
vt 0.163423 0.512607 0.000000
vt 0.163519 0.505253 0.000000
vt 0.163212 0.505253 0.000000
vt 0.155501 0.512607 0.000000
vt 0.633920 0.159960 0.000000
vt 0.633855 0.172214 0.000000
vt 0.326516 0.855688 0.000000
vt 0.683703 0.767311 0.000000
vt 0.668576 0.767334 0.000000
vt 0.104949 0.576845 0.000000
vt 0.123638 0.575240 0.000000
vt 0.032319 0.574125 0.000000
vt 0.014712 0.555231 0.000000
vt 0.014807 0.564627 0.000000
vt 0.032353 0.577584 0.000000
vt 0.149718 0.593243 0.000000
vt 0.123824 0.593506 0.000000
vt 0.123916 0.602561 0.000000
vt 0.149811 0.602377 0.000000
vt 0.655936 0.214344 0.000000
vt 0.123731 0.584373 0.000000
vt 0.149625 0.584109 0.000000
vt 0.223133 0.340849 0.000000
vt 0.223133 0.339739 0.000000
vt 0.119376 0.339739 0.000000
vt 0.119376 0.340964 0.000000
vt 0.105137 0.595258 0.000000
vt 0.105030 0.584766 0.000000
vt 0.728364 0.681954 0.000000
vt 0.733674 0.677415 0.000000
vt 0.732952 0.676719 0.000000
vt 0.722915 0.676719 0.000000
vt 0.178428 0.106989 0.000000
vt 0.185572 0.141004 0.000000
vt 0.206857 0.140269 0.000000
vt 0.197952 0.086968 0.000000
vt 0.305689 0.317564 0.000000
vt 0.306567 0.312805 0.000000
vt 0.298974 0.312805 0.000000
vt 0.304905 0.317564 0.000000
vt 0.231303 0.120233 0.000000
vt 0.229809 0.076981 0.000000
vt 0.032610 0.602753 0.000000
vt 0.278359 0.137798 0.000000
vt 0.284665 0.106957 0.000000
vt 0.260498 0.083307 0.000000
vt 0.257074 0.138534 0.000000
vt 0.817158 0.201605 0.000000
vt 0.817111 0.171230 0.000000
vt 0.746888 0.171312 0.000000
vt 0.746888 0.201687 0.000000
vt 0.712376 0.767264 0.000000
vt 0.744478 0.767215 0.000000
vt 0.178186 0.572305 0.000000
vt 0.236242 0.335291 0.000000
vt 0.269658 0.335324 0.000000
vt 0.269658 0.319517 0.000000
vt 0.238727 0.319517 0.000000
vt 0.130849 0.246444 0.000000
vt 0.130862 0.239216 0.000000
vt 0.121364 0.239199 0.000000
vt 0.121351 0.246427 0.000000
vt 0.166999 0.246361 0.000000
vt 0.166974 0.239133 0.000000
vt 0.770102 0.703299 0.000000
vt 0.783183 0.703299 0.000000
vt 0.783183 0.666405 0.000000
vt 0.770102 0.666405 0.000000
vt 0.770102 0.710353 0.000000
vt 0.783183 0.710353 0.000000
vt 0.099310 0.246389 0.000000
vt 0.095182 0.246381 0.000000
vt 0.095118 0.281828 0.000000
vt 0.099245 0.282733 0.000000
vt 0.770102 0.743515 0.000000
vt 0.783183 0.743515 0.000000
vt 0.895537 0.571448 0.000000
vt 0.894943 0.585355 0.000000
vt 0.898660 0.585355 0.000000
vt 0.898067 0.571448 0.000000
vt 0.233102 0.332599 0.000000
vt 0.233131 0.319517 0.000000
vt 0.100344 0.239163 0.000000
vt 0.094174 0.239152 0.000000
vt 0.122492 0.282774 0.000000
vt 0.122484 0.287583 0.000000
vt 0.132407 0.287734 0.000000
vt 0.132416 0.282658 0.000000
vt 0.770102 0.754464 0.000000
vt 0.770102 0.808083 0.000000
vt 0.783183 0.808083 0.000000
vt 0.783183 0.754464 0.000000
vt 0.046373 0.856216 0.000000
vt 0.046373 0.858747 0.000000
vt 0.060281 0.859340 0.000000
vt 0.060281 0.855623 0.000000
vt 0.106018 0.239172 0.000000
vt 0.106005 0.246400 0.000000
vt 0.067136 0.856110 0.000000
vt 0.067136 0.858853 0.000000
vt 0.096614 0.858853 0.000000
vt 0.096614 0.856110 0.000000
vt 0.104515 0.282743 0.000000
vt 0.104507 0.287551 0.000000
vt 0.099162 0.328848 0.000000
vt 0.102989 0.328854 0.000000
vt 0.103004 0.320399 0.000000
vt 0.099177 0.320392 0.000000
vt 0.453465 0.093710 0.000000
vt 0.453465 0.096453 0.000000
vt 0.482944 0.096453 0.000000
vt 0.482944 0.093710 0.000000
vt 0.895430 0.592210 0.000000
vt 0.895430 0.621689 0.000000
vt 0.898174 0.621689 0.000000
vt 0.898174 0.592210 0.000000
vt 0.956478 0.037837 0.000000
vt 0.956478 0.068561 0.000000
vt 0.963532 0.068561 0.000000
vt 0.963532 0.037837 0.000000
vt 0.874554 0.366596 0.000000
vt 0.878272 0.366596 0.000000
vt 0.877678 0.352688 0.000000
vt 0.875148 0.352688 0.000000
vt 0.165162 0.287819 0.000000
vt 0.165170 0.282690 0.000000
vt 0.072956 0.490264 0.000000
vt 0.086518 0.490264 0.000000
vt 0.086518 0.455886 0.000000
vt 0.072956 0.455886 0.000000
vt 0.666705 0.462277 0.000000
vt 0.189028 0.593554 0.000000
vt 0.200690 0.593554 0.000000
vt 0.200690 0.560830 0.000000
vt 0.189028 0.560830 0.000000
vt 0.122425 0.320433 0.000000
vt 0.104448 0.320402 0.000000
vt 0.104433 0.328857 0.000000
vt 0.122409 0.328888 0.000000
vt 0.094973 0.380819 0.000000
vt 0.061238 0.380760 0.000000
vt 0.061233 0.383853 0.000000
vt 0.099031 0.384187 0.000000
vt 0.446610 0.093223 0.000000
vt 0.432702 0.093816 0.000000
vt 0.432702 0.096347 0.000000
vt 0.446610 0.096940 0.000000
vt 0.113896 0.453025 0.000000
vt 0.113996 0.397714 0.000000
vt 0.100080 0.397689 0.000000
vt 0.099981 0.453000 0.000000
vt 0.061493 0.239094 0.000000
vt 0.061480 0.246322 0.000000
vt 0.657186 0.038036 0.000000
vt 0.657186 0.051118 0.000000
vt 0.687910 0.051118 0.000000
vt 0.687910 0.038036 0.000000
vt 0.103063 0.287549 0.000000
vt 0.103072 0.282740 0.000000
vt 0.099236 0.287542 0.000000
vt 0.229154 0.319517 0.000000
vt 0.229270 0.333640 0.000000
vt 0.104564 0.246398 0.000000
vt 0.104577 0.239170 0.000000
vt 0.667747 0.458433 0.000000
vt 0.653624 0.458318 0.000000
vt 0.653624 0.462296 0.000000
vt 0.671893 0.498821 0.000000
vt 0.671853 0.464984 0.000000
vt 0.672926 0.451441 0.000000
vt 0.672852 0.385417 0.000000
vt 0.653624 0.385417 0.000000
vt 0.653887 0.451599 0.000000
vt 0.235866 0.337748 0.000000
vt 0.269658 0.337786 0.000000
vt 0.095051 0.319486 0.000000
vt 0.095032 0.329739 0.000000
vt 0.875041 0.373451 0.000000
vt 0.877785 0.373451 0.000000
vt 0.061208 0.397651 0.000000
vt 0.100083 0.385439 0.000000
vt 0.061231 0.384611 0.000000
vt 0.093790 0.452989 0.000000
vt 0.093880 0.402781 0.000000
vt 0.132291 0.329145 0.000000
vt 0.132307 0.320211 0.000000
vt 0.407974 0.069198 0.000000
vt 0.407974 0.056093 0.000000
vt 0.371016 0.056093 0.000000
vt 0.371016 0.069198 0.000000
vt 0.165087 0.329282 0.000000
vt 0.165103 0.320189 0.000000
vt 0.061199 0.402723 0.000000
vt 0.407974 0.075027 0.000000
vt 0.371016 0.075027 0.000000
vt 0.875041 0.402930 0.000000
vt 0.877785 0.402930 0.000000
vt 0.095106 0.288433 0.000000
vt 0.066923 0.455886 0.000000
vt 0.066923 0.490264 0.000000
vt 0.858312 0.390120 0.000000
vt 0.857695 0.388882 0.000000
vt 0.857023 0.389992 0.000000
vt 0.356834 0.144394 0.000000
vt 0.356834 0.145907 0.000000
vt 0.358346 0.145150 0.000000
vt 0.252400 0.024173 0.000000
vt 0.251244 0.024902 0.000000
vt 0.252400 0.025631 0.000000
vt 0.038262 0.622937 0.000000
vt 0.036976 0.622330 0.000000
vt 0.038100 0.621614 0.000000
vt 0.039729 0.662656 0.000000
vt 0.039024 0.661591 0.000000
vt 0.040289 0.661415 0.000000
vt 0.719408 0.037734 0.000000
vt 0.718314 0.038423 0.000000
vt 0.719408 0.039113 0.000000
vt 0.641141 0.140167 0.000000
vt 0.641141 0.141601 0.000000
vt 0.673594 0.141601 0.000000
vt 0.674608 0.140167 0.000000
vt 0.346045 0.145915 0.000000
vt 0.346045 0.144385 0.000000
vt 0.311671 0.144394 0.000000
vt 0.311671 0.145907 0.000000
vt 0.986622 0.810330 0.000000
vt 0.988002 0.810330 0.000000
vt 0.988052 0.802087 0.000000
vt 0.986571 0.802087 0.000000
vt 0.982022 0.603086 0.000000
vt 0.983502 0.603086 0.000000
vt 0.983452 0.594809 0.000000
vt 0.982072 0.594809 0.000000
vt 0.983434 0.561264 0.000000
vt 0.982090 0.561264 0.000000
vt 0.827640 0.975333 0.000000
vt 0.650499 0.975484 0.000000
vt 0.986640 0.843918 0.000000
vt 0.987984 0.843918 0.000000
vt 0.911939 0.003667 0.000000
vt 0.911939 0.002059 0.000000
vt 0.875791 0.002207 0.000000
vt 0.875791 0.003519 0.000000
vt 0.868968 0.002207 0.000000
vt 0.868968 0.003519 0.000000
vt 0.861251 0.387109 0.000000
vt 0.862727 0.387919 0.000000
vt 0.858279 0.348876 0.000000
vt 0.857023 0.349998 0.000000
vt 0.836894 0.002207 0.000000
vt 0.836894 0.003519 0.000000
vt 0.255177 0.025632 0.000000
vt 0.256188 0.024173 0.000000
vt 0.122495 0.281216 0.000000
vt 0.104517 0.281472 0.000000
vt 0.352398 0.145907 0.000000
vt 0.352398 0.144394 0.000000
vt 0.123483 0.281484 0.000000
vt 0.132491 0.281521 0.000000
vt 0.132478 0.288871 0.000000
vt 0.123470 0.288877 0.000000
vt 0.826304 0.003519 0.000000
vt 0.826304 0.002207 0.000000
vt 0.773995 0.002059 0.000000
vt 0.773995 0.003668 0.000000
vt 0.122428 0.318875 0.000000
vt 0.104450 0.319131 0.000000
vt 0.722034 0.039113 0.000000
vt 0.722990 0.037734 0.000000
vt 0.987984 0.787948 0.000000
vt 0.986640 0.787948 0.000000
vt 0.982090 0.617224 0.000000
vt 0.983434 0.617224 0.000000
vt 0.165105 0.319237 0.000000
vt 0.132424 0.319180 0.000000
vt 0.122445 0.289237 0.000000
vt 0.104475 0.288900 0.000000
vt 0.043514 0.662870 0.000000
vt 0.042093 0.663724 0.000000
vt 0.165160 0.288929 0.000000
vt 0.165173 0.281579 0.000000
vt 0.104401 0.330206 0.000000
vt 0.122370 0.330543 0.000000
vt 0.000326 0.622929 0.000000
vt 0.001451 0.621614 0.000000
vt 0.035820 0.624778 0.000000
vt 0.036686 0.626277 0.000000
vt 0.698926 0.674766 0.000000
vt 0.698926 0.673424 0.000000
vt 0.667087 0.673424 0.000000
vt 0.668081 0.674766 0.000000
vt 0.040446 0.721679 0.000000
vt 0.039024 0.722533 0.000000
vt 0.123396 0.330182 0.000000
vt 0.132404 0.330176 0.000000
vt 0.123416 0.319143 0.000000
vt 0.165085 0.330234 0.000000
vt 0.173765 0.590330 0.000000
vt 0.175977 0.581317 0.000000
vt 0.655811 0.233142 0.000000
vt 0.640862 0.932051 0.000000
vt 0.648177 0.932051 0.000000
vt 0.648177 0.931219 0.000000
vt 0.640846 0.925294 0.000000
vt 0.833917 0.975327 0.000000
vt 0.765769 0.451298 0.000000
vt 0.785062 0.451195 0.000000
vt 0.784924 0.385417 0.000000
vt 0.765695 0.385417 0.000000
vt 0.257256 0.196048 0.000000
vt 0.262106 0.177769 0.000000
vt 0.235201 0.177301 0.000000
vt 0.235207 0.196048 0.000000
vt 0.327885 0.196048 0.000000
vt 0.327885 0.177817 0.000000
vt 0.537634 0.784476 0.000000
vt 0.531642 0.784523 0.000000
vt 0.530801 0.784532 0.000000
vt 0.530802 0.784545 0.000000
vt 0.306991 0.855688 0.000000
vt 0.817062 0.140018 0.000000
vt 0.746888 0.140018 0.000000
vt 0.219816 0.143605 0.000000
vt 0.219816 0.154913 0.000000
vt 0.262026 0.154913 0.000000
vt 0.262011 0.143576 0.000000
vt 0.216958 0.148345 0.000000
vt 0.217304 0.143576 0.000000
vt 0.210750 0.143576 0.000000
vt 0.216242 0.148345 0.000000
vt 0.109094 0.218813 0.000000
vt 0.109094 0.237036 0.000000
vt 0.177506 0.237036 0.000000
vt 0.175276 0.220105 0.000000
vt 0.297542 0.141622 0.000000
vt 0.291998 0.115678 0.000000
vt 0.694225 0.451408 0.000000
vt 0.694151 0.385417 0.000000
vt 0.719348 0.451369 0.000000
vt 0.719274 0.385417 0.000000
vt 0.744471 0.451331 0.000000
vt 0.744397 0.385417 0.000000
vt 0.170558 0.118605 0.000000
vt 0.166288 0.141622 0.000000
vt 0.833835 0.904855 0.000000
vt 0.827640 0.904855 0.000000
vt 0.313184 0.763073 0.000000
vt 0.437001 0.620675 0.000000
vt 0.434054 0.595502 0.000000
vt 0.539588 0.704260 0.000000
vt 0.539588 0.634086 0.000000
vt 0.453813 0.626277 0.000000
vt 0.446326 0.606891 0.000000
vt 0.846603 0.035331 0.000000
vt 0.846606 0.035638 0.000000
vt 0.104076 0.626277 0.000000
vt 0.124156 0.626095 0.000000
vt 0.105206 0.602014 0.000000
vt 0.611619 0.027855 0.000000
vt 0.611613 0.028531 0.000000
vt 0.846672 0.043332 0.000000
vt 0.371398 0.369564 0.000000
vt 0.329203 0.369298 0.000000
vt 0.329208 0.389502 0.000000
vt 0.371360 0.389790 0.000000
vt 0.217154 0.185016 0.000000
vt 0.175116 0.185016 0.000000
vt 0.175138 0.193984 0.000000
vt 0.217153 0.194172 0.000000
vt 0.014901 0.573800 0.000000
vt 0.032434 0.585506 0.000000
vt 0.328843 0.421682 0.000000
vt 0.370955 0.421967 0.000000
vt 0.856086 0.300829 0.000000
vt 0.217862 0.160947 0.000000
vt 0.175795 0.160544 0.000000
vt 0.329336 0.452140 0.000000
vt 0.371398 0.453025 0.000000
vt 0.663497 0.001588 0.000000
vt 0.663504 0.006347 0.000000
vt 0.032541 0.595997 0.000000
vt 0.014995 0.583000 0.000000
vt 0.148852 0.625843 0.000000
vt 0.164784 0.625681 0.000000
vt 0.357384 0.496272 0.000000
vt 0.325720 0.763073 0.000000
vt 0.684216 0.027119 0.000000
vt 0.046373 0.740144 0.000000
vt 0.650417 0.904855 0.000000
vt 0.201764 0.221302 0.000000
vt 0.201769 0.237036 0.000000
vt 0.878793 0.300825 0.000000
vt 0.155385 0.115603 0.000000
vt 0.155556 0.124921 0.000000
vt 0.158482 0.124921 0.000000
vt 0.158344 0.115821 0.000000
vt 0.149838 0.112516 0.000000
vt 0.146836 0.112941 0.000000
vt 0.146848 0.116138 0.000000
vt 0.149664 0.115782 0.000000
vt 0.158549 0.112424 0.000000
vt 0.155694 0.112333 0.000000
vt 0.144006 0.116601 0.000000
vt 0.143849 0.124921 0.000000
vt 0.146776 0.124921 0.000000
vt 0.152789 0.112338 0.000000
vt 0.152505 0.115598 0.000000
vt 0.161375 0.113002 0.000000
vt 0.161345 0.116451 0.000000
vt 0.140923 0.124921 0.000000
vt 0.140923 0.117331 0.000000
vt 0.164335 0.113730 0.000000
vt 0.164335 0.117331 0.000000
vt 0.149702 0.124921 0.000000
vt 0.152629 0.124921 0.000000
vt 0.143799 0.113266 0.000000
vt 0.140923 0.113730 0.000000
vt 0.161409 0.101691 0.000000
vt 0.164335 0.101691 0.000000
vt 0.161409 0.124921 0.000000
vt 0.158482 0.101691 0.000000
vt 0.155556 0.101691 0.000000
vt 0.152629 0.101691 0.000000
vt 0.149702 0.101691 0.000000
vt 0.146776 0.101691 0.000000
vt 0.037760 0.410695 0.000000
vt 0.037767 0.415235 0.000000
vt 0.057659 0.415235 0.000000
vt 0.057659 0.410695 0.000000
vt 0.031553 0.410704 0.000000
vt 0.035761 0.415235 0.000000
vt 0.031567 0.419298 0.000000
vt 0.036013 0.419291 0.000000
vt 0.031586 0.431807 0.000000
vt 0.036032 0.431800 0.000000
vt 0.031605 0.444375 0.000000
vt 0.036052 0.444368 0.000000
vt 0.031619 0.453025 0.000000
vt 0.035646 0.448457 0.000000
vt 0.037825 0.453025 0.000000
vt 0.037824 0.448457 0.000000
vt 0.092813 0.123365 0.000000
vt 0.111615 0.122778 0.000000
vt 0.092616 0.113961 0.000000
vt 0.899532 0.503562 0.000000
vt 0.896843 0.502046 0.000000
vt 0.897007 0.535770 0.000000
vt 0.899532 0.535770 0.000000
vt 0.290545 0.588053 0.000000
vt 0.290677 0.606755 0.000000
vt 0.292131 0.606435 0.000000
vt 0.292131 0.588053 0.000000
vt 0.215569 0.027585 0.000000
vt 0.215569 0.032460 0.000000
vt 0.234209 0.032460 0.000000
vt 0.234209 0.027585 0.000000
vt 0.294333 0.588053 0.000000
vt 0.294333 0.606967 0.000000
vt 0.294649 0.606967 0.000000
vt 0.294649 0.588053 0.000000
vt 0.326680 0.290548 0.000000
vt 0.326686 0.294235 0.000000
vt 0.345436 0.294235 0.000000
vt 0.345436 0.290548 0.000000
vt 0.616650 0.613847 0.000000
vt 0.616650 0.625590 0.000000
vt 0.636311 0.625590 0.000000
vt 0.636104 0.613847 0.000000
vt 0.594230 0.099050 0.000000
vt 0.605327 0.099050 0.000000
vt 0.603471 0.090947 0.000000
vt 0.594230 0.090947 0.000000
vt 0.642465 0.625590 0.000000
vt 0.642465 0.613847 0.000000
vt 0.057659 0.453025 0.000000
vt 0.057659 0.448457 0.000000
vt 0.084359 0.079376 0.000000
vt 0.084328 0.089988 0.000000
vt 0.085786 0.089990 0.000000
vt 0.085826 0.080854 0.000000
vt 0.978224 0.547955 0.000000
vt 0.978410 0.560048 0.000000
vt 0.979990 0.560050 0.000000
vt 0.979883 0.549030 0.000000
vt 0.084291 0.113948 0.000000
vt 0.084284 0.124521 0.000000
vt 0.085754 0.123031 0.000000
vt 0.085748 0.113950 0.000000
vt 0.978407 0.584929 0.000000
vt 0.976536 0.597082 0.000000
vt 0.977839 0.595911 0.000000
vt 0.979989 0.584931 0.000000
vt 0.084260 0.101996 0.000000
vt 0.085686 0.101998 0.000000
vt 0.978451 0.572518 0.000000
vt 0.980069 0.572519 0.000000
vt 0.976383 0.919991 0.000000
vt 0.976383 0.929392 0.000000
vt 0.978011 0.929392 0.000000
vt 0.978011 0.919852 0.000000
vt 0.974774 0.921018 0.000000
vt 0.974774 0.929390 0.000000
vt 0.976383 0.948476 0.000000
vt 0.974774 0.948476 0.000000
vt 0.976640 0.572517 0.000000
vt 0.976611 0.584929 0.000000
vt 0.292131 0.616248 0.000000
vt 0.294333 0.616585 0.000000
vt 0.290884 0.615235 0.000000
vt 0.976616 0.560048 0.000000
vt 0.976546 0.547692 0.000000
vt 0.974238 0.597352 0.000000
vt 0.092667 0.080854 0.000000
vt 0.092669 0.079376 0.000000
vt 0.111615 0.079376 0.000000
vt 0.092810 0.124921 0.000000
vt 0.875505 0.331779 0.000000
vt 0.874554 0.350520 0.000000
vt 0.878584 0.350735 0.000000
vt 0.878583 0.331779 0.000000
vt 0.285047 0.588053 0.000000
vt 0.285046 0.606970 0.000000
vt 0.825909 0.388769 0.000000
vt 0.845477 0.388733 0.000000
vt 0.845475 0.387047 0.000000
vt 0.825910 0.390120 0.000000
vt 0.845479 0.390107 0.000000
vt 0.845469 0.339596 0.000000
vt 0.825892 0.338952 0.000000
vt 0.845468 0.340989 0.000000
vt 0.244450 0.552903 0.000000
vt 0.264650 0.553043 0.000000
vt 0.264650 0.551336 0.000000
vt 0.244452 0.551199 0.000000
vt 0.854035 0.353934 0.000000
vt 0.853974 0.342894 0.000000
vt 0.852456 0.343713 0.000000
vt 0.852528 0.353723 0.000000
vt 0.981798 0.631458 0.000000
vt 0.982776 0.619419 0.000000
vt 0.981296 0.620143 0.000000
vt 0.980268 0.631458 0.000000
vt 0.981471 0.643602 0.000000
vt 0.983233 0.643603 0.000000
vt 0.983531 0.631458 0.000000
vt 0.979897 0.643602 0.000000
vt 0.234555 0.553028 0.000000
vt 0.234178 0.554812 0.000000
vt 0.244447 0.554689 0.000000
vt 0.235679 0.551347 0.000000
vt 0.981797 0.655675 0.000000
vt 0.983531 0.655675 0.000000
vt 0.980267 0.655675 0.000000
vt 0.853976 0.388704 0.000000
vt 0.852457 0.387019 0.000000
vt 0.855070 0.390098 0.000000
vt 0.854035 0.378037 0.000000
vt 0.852524 0.377825 0.000000
vt 0.983770 0.667036 0.000000
vt 0.982243 0.665964 0.000000
vt 0.040725 0.734944 0.000000
vt 0.039032 0.734947 0.000000
vt 0.039024 0.755497 0.000000
vt 0.040744 0.755497 0.000000
vt 0.984461 0.619177 0.000000
vt 0.852623 0.365713 0.000000
vt 0.854092 0.365942 0.000000
vt 0.042827 0.724491 0.000000
vt 0.041133 0.724876 0.000000
vt 0.985467 0.667394 0.000000
vt 0.294649 0.616585 0.000000
vt 0.209755 0.027585 0.000000
vt 0.209755 0.032460 0.000000
vt 0.599105 0.059406 0.000000
vt 0.594230 0.059406 0.000000
vt 0.594230 0.067456 0.000000
vt 0.601523 0.067456 0.000000
vt 0.320850 0.302341 0.000000
vt 0.320837 0.294244 0.000000
vt 0.317142 0.290548 0.000000
vt 0.317160 0.302347 0.000000
vt 0.273373 0.607044 0.000000
vt 0.273374 0.588053 0.000000
vt 0.845469 0.377206 0.000000
vt 0.261699 0.607046 0.000000
vt 0.986178 0.655675 0.000000
vt 0.986178 0.643538 0.000000
vt 0.973908 0.572517 0.000000
vt 0.973908 0.584929 0.000000
vt 0.986178 0.667812 0.000000
vt 0.234174 0.556530 0.000000
vt 0.244443 0.557407 0.000000
vt 0.980571 0.929392 0.000000
vt 0.986178 0.631458 0.000000
vt 0.043491 0.734940 0.000000
vt 0.043475 0.724487 0.000000
vt 0.845466 0.364978 0.000000
vt 0.845465 0.353103 0.000000
vt 0.250081 0.607048 0.000000
vt 0.986178 0.619378 0.000000
vt 0.234732 0.606979 0.000000
vt 0.238461 0.616597 0.000000
vt 0.250080 0.616595 0.000000
vt 0.261698 0.616593 0.000000
vt 0.273371 0.616591 0.000000
vt 0.285044 0.616589 0.000000
vt 0.973908 0.547613 0.000000
vt 0.973908 0.560048 0.000000
vt 0.320887 0.325971 0.000000
vt 0.320868 0.314128 0.000000
vt 0.317178 0.314134 0.000000
vt 0.317197 0.325976 0.000000
vt 0.973908 0.597352 0.000000
vt 0.092634 0.102009 0.000000
vt 0.092653 0.090001 0.000000
vt 0.326945 0.334121 0.000000
vt 0.326753 0.337786 0.000000
vt 0.602923 0.079174 0.000000
vt 0.594230 0.079174 0.000000
vt 0.861184 0.338702 0.000000
vt 0.862867 0.336640 0.000000
vt 0.857023 0.336640 0.000000
vt 0.857158 0.339245 0.000000
vt 0.980571 0.919649 0.000000
vt 0.320899 0.334121 0.000000
vt 0.317215 0.337786 0.000000
vt 0.143849 0.101691 0.000000
vt 0.140923 0.101691 0.000000
vt 0.164335 0.124921 0.000000
vt 0.732594 0.697759 0.000000
vt 0.715397 0.697276 0.000000
vt 0.715397 0.691332 0.000000
vt 0.728751 0.691513 0.000000
vt 0.733674 0.702374 0.000000
vt 0.715397 0.702113 0.000000
vt 0.939380 0.491332 0.000000
vt 0.934689 0.491439 0.000000
vt 0.733673 0.712388 0.000000
vt 0.715397 0.712388 0.000000
vt 0.959570 0.487794 0.000000
vt 0.945207 0.487784 0.000000
vt 0.945219 0.491292 0.000000
vt 0.961784 0.491281 0.000000
vt 0.715392 0.684233 0.000000
vt 0.722221 0.685812 0.000000
vt 0.924308 0.491358 0.000000
vt 0.669228 0.712388 0.000000
vt 0.667087 0.701812 0.000000
vt 0.872759 0.096531 0.000000
vt 0.872578 0.048542 0.000000
vt 0.869303 0.046026 0.000000
vt 0.869298 0.096157 0.000000
vt 0.268838 0.163540 0.000000
vt 0.268684 0.171580 0.000000
vt 0.939454 0.487796 0.000000
vt 0.869324 0.113509 0.000000
vt 0.869323 0.103842 0.000000
vt 0.268798 0.158278 0.000000
vt 0.934667 0.487964 0.000000
vt 0.923908 0.488152 0.000000
vt 0.872903 0.103449 0.000000
vt 0.723921 0.682585 0.000000
vt 0.731344 0.689064 0.000000
vt 0.265026 0.148059 0.000000
vt 0.265200 0.158347 0.000000
vt 0.268673 0.147997 0.000000
vt 0.265251 0.163478 0.000000
vt 0.264997 0.171105 0.000000
vt 0.667087 0.691332 0.000000
vt 0.667087 0.676719 0.000000
vt 0.667087 0.697110 0.000000
vt 0.620978 0.569833 0.000000
vt 0.646027 0.530602 0.000000
vt 0.195421 0.024625 0.000000
vt 0.106652 0.259619 0.000000
vt 0.106588 0.270515 0.000000
vt 0.107518 0.269695 0.000000
vt 0.107609 0.260471 0.000000
vt 0.105758 0.258808 0.000000
vt 0.105722 0.271311 0.000000
vt 0.145673 0.271222 0.000000
vt 0.145686 0.270241 0.000000
vt 0.145659 0.272271 0.000000
vt 0.145816 0.259910 0.000000
vt 0.145804 0.260891 0.000000
vt 0.145830 0.258861 0.000000
vt 0.105109 0.271882 0.000000
vt 0.105125 0.258232 0.000000
vt 0.145647 0.273249 0.000000
vt 0.145842 0.257883 0.000000
vt 0.104739 0.257893 0.000000
vt 0.104739 0.272214 0.000000
vt 0.145851 0.257193 0.000000
vt 0.624251 0.531093 0.000000
vt 0.636683 0.530975 0.000000
vt 0.624439 0.569833 0.000000
vt 0.145639 0.273939 0.000000
vt 0.636777 0.569431 0.000000
vt 0.639051 0.569439 0.000000
vt 0.646125 0.569463 0.000000
vt 0.156474 0.024625 0.000000
vt 0.156473 0.043853 0.000000
vt 0.156473 0.053345 0.000000
vt 0.005479 0.018677 0.000000
vt 0.000326 0.029945 0.000000
vt 0.950787 0.211907 0.000000
vt 0.950787 0.170981 0.000000
vt 0.943958 0.170981 0.000000
vt 0.013062 0.007816 0.000000
vt 0.005679 0.007385 0.000000
vt 0.584183 0.569837 0.000000
vt 0.012549 0.001750 0.000000
vt 0.005720 0.001706 0.000000
vt 0.007640 0.054148 0.000000
vt 0.901626 0.172967 0.000000
vt 0.903696 0.170981 0.000000
vt 0.902684 0.171234 0.000000
vt 0.901890 0.171995 0.000000
vt 0.901891 0.251818 0.000000
vt 0.902684 0.252579 0.000000
vt 0.065175 0.001698 0.000000
vt 0.057860 0.025901 0.000000
vt 0.067020 0.023862 0.000000
vt 0.072786 0.003998 0.000000
vt 0.070597 0.048029 0.000000
vt 0.070083 0.054095 0.000000
vt 0.110351 0.054122 0.000000
vt 0.112386 0.047404 0.000000
vt 0.063213 0.048459 0.000000
vt 0.063254 0.054140 0.000000
vt 0.183970 0.261438 0.000000
vt 0.183880 0.270661 0.000000
vt 0.584202 0.608881 0.000000
vt 0.617659 0.608846 0.000000
vt 0.070950 0.034074 0.000000
vt 0.106137 0.030348 0.000000
vt 0.063014 0.037168 0.000000
vt 0.950787 0.252832 0.000000
vt 0.117509 0.043856 0.000000
vt 0.117544 0.053353 0.000000
vt 0.117528 0.024624 0.000000
vt 0.638692 0.608190 0.000000
vt 0.645756 0.608298 0.000000
vt 0.636423 0.607874 0.000000
vt 0.186745 0.273245 0.000000
vt 0.186358 0.272906 0.000000
vt 0.620772 0.608826 0.000000
vt 0.624233 0.608543 0.000000
vt 0.186391 0.259255 0.000000
vt 0.186761 0.258923 0.000000
vt 0.185771 0.259820 0.000000
vt 0.961611 0.835664 0.000000
vt 0.961582 0.801944 0.000000
vt 0.944802 0.128873 0.000000
vt 0.881051 0.128873 0.000000
vt 0.961582 0.869915 0.000000
vt 0.961611 0.836195 0.000000
vt 0.961581 0.801413 0.000000
vt 0.962112 0.801944 0.000000
vt 0.962142 0.835664 0.000000
vt 0.884425 0.967614 0.000000
vt 0.948154 0.967649 0.000000
vt 0.944802 0.129402 0.000000
vt 0.881050 0.129402 0.000000
vt 0.840468 0.467366 0.000000
vt 0.840467 0.466871 0.000000
vt 0.800391 0.467365 0.000000
vt 0.800351 0.467366 0.000000
vt 0.887933 0.005675 0.000000
vt 0.887972 0.005675 0.000000
vt 0.848625 0.005675 0.000000
vt 0.848633 0.006164 0.000000
vt 0.878044 0.598582 0.000000
vt 0.875220 0.605859 0.000000
vt 0.868683 0.832421 0.000000
vt 0.871377 0.832036 0.000000
vt 0.929523 0.463769 0.000000
vt 0.937515 0.463653 0.000000
vt 0.937515 0.307545 0.000000
vt 0.929542 0.307425 0.000000
vt 0.909493 0.637944 0.000000
vt 0.915920 0.641109 0.000000
vt 0.919653 0.482108 0.000000
vt 0.913181 0.486233 0.000000
vt 0.482570 0.283254 0.000000
vt 0.681636 0.282000 0.000000
vt 0.880587 0.830274 0.000000
vt 0.888108 0.566821 0.000000
vt 0.416154 0.710362 0.000000
vt 0.416417 0.853405 0.000000
vt 0.929444 0.485831 0.000000
vt 0.937953 0.485831 0.000000
vt 0.903660 0.657209 0.000000
vt 0.910146 0.662906 0.000000
vt 0.461847 0.662417 0.000000
vt 0.468928 0.883007 0.000000
vt 0.469920 0.662336 0.000000
vt 0.416421 0.689264 0.000000
vt 0.452391 0.272544 0.000000
vt 0.452409 0.282517 0.000000
vt 0.885459 0.850994 0.000000
vt 0.891085 0.844656 0.000000
vt 0.897172 0.495583 0.000000
vt 0.897033 0.440335 0.000000
vt 0.889139 0.442593 0.000000
vt 0.889380 0.497997 0.000000
vt 0.480406 0.242192 0.000000
vt 0.462760 0.241054 0.000000
vt 0.888786 0.133252 0.000000
vt 0.883292 0.150612 0.000000
vt 0.892188 0.152724 0.000000
vt 0.897217 0.136258 0.000000
vt 0.016967 0.998894 0.000000
vt 0.018210 0.940095 0.000000
vt 0.007174 0.941034 0.000000
vt 0.006516 0.998894 0.000000
vt 0.747300 0.242025 0.000000
vt 0.787016 0.397520 0.000000
vt 0.787016 0.451599 0.000000
vt 0.227640 0.543965 0.000000
vt 0.227559 0.541284 0.000000
vt 0.211361 0.541283 0.000000
vt 0.354732 0.541282 0.000000
vt 0.300579 0.541283 0.000000
vt 0.045786 0.212135 0.000000
vt 0.089605 0.206226 0.000000
vt 0.578874 0.180481 0.000000
vt 0.605583 0.186556 0.000000
vt 0.536762 0.180453 0.000000
vt 0.510066 0.186512 0.000000
vt 0.156808 0.212102 0.000000
vt 0.164237 0.212119 0.000000
vt 0.498955 0.186556 0.000000
vt 0.617095 0.138064 0.000000
vt 0.607673 0.138064 0.000000
vt 0.787168 0.303015 0.000000
vt 0.787210 0.310347 0.000000
vt 0.203400 0.541282 0.000000
vt 0.585541 0.054140 0.000000
vt 0.585541 0.053133 0.000000
vt 0.983491 0.807034 0.000000
vt 0.984522 0.807034 0.000000
vt 0.984526 0.772220 0.000000
vt 0.983491 0.772220 0.000000
vt 0.787287 0.323025 0.000000
vt 0.792204 0.327248 0.000000
vt 0.584890 0.017780 0.000000
vt 0.584890 0.016780 0.000000
vt 0.985467 0.602610 0.000000
vt 0.986508 0.602610 0.000000
vt 0.297995 0.543990 0.000000
vt 0.523849 0.998839 0.000000
vt 0.523848 0.999674 0.000000
vt 0.966523 0.030727 0.000000
vt 0.965492 0.030726 0.000000
vt 0.966529 0.016295 0.000000
vt 0.965498 0.016295 0.000000
vt 0.966530 0.013263 0.000000
vt 0.965499 0.013263 0.000000
vt 0.985455 0.617224 0.000000
vt 0.986520 0.617224 0.000000
vt 0.451053 0.731028 0.000000
vt 0.448535 0.731028 0.000000
vt 0.448535 0.768532 0.000000
vt 0.451053 0.768532 0.000000
vt 0.965486 0.068426 0.000000
vt 0.966530 0.068561 0.000000
vt 0.775820 0.260386 0.000000
vt 0.775820 0.263451 0.000000
vt 0.694646 0.130442 0.000000
vt 0.694646 0.138064 0.000000
vt 0.694646 0.069425 0.000000
vt 0.683154 0.138064 0.000000
vt 0.692692 0.138064 0.000000
vt 0.694646 0.061311 0.000000
vt 0.230381 0.545955 0.000000
vt 0.541295 0.176355 0.000000
vt 0.574312 0.176451 0.000000
vt 0.791946 0.393409 0.000000
vt 0.792778 0.393399 0.000000
vt 0.792974 0.327275 0.000000
vt 0.521851 0.995807 0.000000
vt 0.964696 0.164301 0.000000
vt 0.961847 0.162050 0.000000
vt 0.961847 0.232409 0.000000
vt 0.964736 0.230641 0.000000
vt 0.131532 0.206108 0.000000
vt 0.093920 0.202320 0.000000
vt 0.127223 0.202224 0.000000
vt 0.231153 0.545954 0.000000
vt 0.416416 0.873524 0.000000
vt 0.469625 0.641695 0.000000
vt 0.460908 0.642244 0.000000
vt 0.937981 0.285504 0.000000
vt 0.929417 0.285504 0.000000
vt 0.005436 0.634686 0.000000
vt 0.006464 0.652789 0.000000
vt 0.908810 0.462786 0.000000
vt 0.903231 0.469893 0.000000
vt 0.469178 0.945444 0.000000
vt 0.887966 0.378208 0.000000
vt 0.896092 0.376122 0.000000
vt 0.010255 0.874377 0.000000
vt 0.451053 0.775502 0.000000
vt 0.448535 0.775502 0.000000
vt 0.459156 0.999674 0.000000
vt 0.295127 0.556530 0.000000
vt 0.295123 0.554812 0.000000
vt 0.448535 0.827261 0.000000
vt 0.451053 0.827261 0.000000
vt 0.653624 0.304322 0.000000
vt 0.653624 0.316689 0.000000
vt 0.988805 0.928669 0.000000
vt 0.988094 0.929087 0.000000
vt 0.986158 0.940806 0.000000
vt 0.988805 0.940806 0.000000
vt 0.804089 0.807763 0.000000
vt 0.799361 0.387038 0.000000
vt 0.789260 0.799459 0.000000
vt 0.845297 0.514118 0.000000
vt 0.842421 0.502046 0.000000
vt 0.519898 0.992968 0.000000
vt 0.519898 0.987713 0.000000
vt 0.898634 0.375503 0.000000
vt 0.894742 0.153185 0.000000
vt 0.918306 0.642249 0.000000
vt 0.921955 0.480670 0.000000
vt 0.413612 0.709622 0.000000
vt 0.413722 0.854235 0.000000
vt 0.878690 0.552455 0.000000
vt 0.876047 0.558444 0.000000
vt 0.798404 0.246213 0.000000
vt 0.796343 0.243814 0.000000
vt 0.744582 0.240056 0.000000
vt 0.912158 0.664658 0.000000
vt 0.413832 0.689264 0.000000
vt 0.880746 0.149951 0.000000
vt 0.885430 0.378839 0.000000
vt 0.883850 0.854879 0.000000
vt 0.480767 0.238716 0.000000
vt 0.462546 0.238393 0.000000
vt 0.469249 0.999674 0.000000
vt 0.471611 0.999499 0.000000
vt 0.471584 0.945344 0.000000
vt 0.005747 0.875767 0.000000
vt 0.004339 0.941806 0.000000
vt 0.002999 0.634749 0.000000
vt 0.003760 0.652798 0.000000
vt 0.472444 0.662419 0.000000
vt 0.472318 0.641712 0.000000
vt 0.258664 0.027585 0.000000
vt 0.252850 0.027585 0.000000
vt 0.252850 0.032460 0.000000
vt 0.258664 0.032460 0.000000
vt 0.453855 0.639742 0.000000
vt 0.454173 0.639742 0.000000
vt 0.454173 0.630077 0.000000
vt 0.453855 0.630077 0.000000
vt 0.986397 0.929444 0.000000
vt 0.984424 0.940806 0.000000
vt 0.681803 0.471006 0.000000
vt 0.681803 0.561816 0.000000
vt 0.223133 0.453025 0.000000
vt 0.326890 0.453025 0.000000
vt 0.326890 0.384906 0.000000
vt 0.223133 0.384860 0.000000
vt 0.326890 0.340964 0.000000
vt 0.039032 0.776048 0.000000
vt 0.041133 0.786119 0.000000
vt 0.797711 0.365961 0.000000
vt 0.797776 0.378056 0.000000
vt 0.806316 0.339609 0.000000
vt 0.797813 0.342913 0.000000
vt 0.797760 0.353953 0.000000
vt 0.984425 0.965023 0.000000
vt 0.985403 0.977062 0.000000
vt 0.248518 0.882964 0.000000
vt 0.245851 0.944925 0.000000
vt 0.245865 0.998955 0.000000
vt 0.284851 0.552903 0.000000
vt 0.369063 0.062293 0.000000
vt 0.312253 0.062032 0.000000
vt 0.308608 0.074858 0.000000
vt 0.242496 0.942928 0.000000
vt 0.242776 0.877524 0.000000
vt 0.984870 0.930516 0.000000
vt 0.982894 0.940806 0.000000
vt 0.797843 0.388723 0.000000
vt 0.239813 0.999093 0.000000
vt 0.806340 0.390120 0.000000
vt 0.806342 0.388747 0.000000
vt 0.796749 0.390118 0.000000
vt 0.121891 0.942340 0.000000
vt 0.121911 0.998894 0.000000
vt 0.982524 0.952878 0.000000
vt 0.984097 0.952878 0.000000
vt 0.820095 0.740525 0.000000
vt 0.828677 0.740900 0.000000
vt 0.901626 0.471824 0.000000
vt 0.910880 0.487671 0.000000
vt 0.910411 0.460699 0.000000
vt 0.836860 0.469443 0.000000
vt 0.284848 0.551199 0.000000
vt 0.294746 0.553028 0.000000
vt 0.293621 0.551347 0.000000
vt 0.923908 0.307660 0.000000
vt 0.923908 0.463446 0.000000
vt 0.926813 0.463783 0.000000
vt 0.926840 0.307391 0.000000
vt 0.592277 0.091188 0.000000
vt 0.982895 0.965023 0.000000
vt 0.831234 0.743461 0.000000
vt 0.983923 0.976337 0.000000
vt 0.410943 0.708491 0.000000
vt 0.410943 0.855463 0.000000
vt 0.840046 0.469982 0.000000
vt 0.907103 0.636798 0.000000
vt 0.245783 0.882658 0.000000
vt 0.244824 0.662627 0.000000
vt 0.483345 0.288595 0.000000
vt 0.688496 0.286796 0.000000
vt 0.683359 0.284248 0.000000
vt 0.483003 0.285795 0.000000
vt 0.901626 0.263909 0.000000
vt 0.290677 0.569351 0.000000
vt 0.833811 0.750885 0.000000
vt 0.735773 0.238600 0.000000
vt 0.481174 0.235095 0.000000
vt 0.883154 0.830135 0.000000
vt 0.891199 0.558411 0.000000
vt 0.878584 0.312824 0.000000
vt 0.874554 0.313039 0.000000
vt 0.923908 0.485831 0.000000
vt 0.926816 0.485831 0.000000
vt 0.458889 0.636915 0.000000
vt 0.460017 0.629861 0.000000
vt 0.457846 0.629864 0.000000
vt 0.457638 0.638385 0.000000
vt 0.138939 0.113948 0.000000
vt 0.138969 0.101996 0.000000
vt 0.130560 0.079376 0.000000
vt 0.138871 0.079376 0.000000
vt 0.167935 0.199797 0.000000
vt 0.167894 0.187425 0.000000
vt 0.410943 0.689264 0.000000
vt 0.167937 0.175111 0.000000
vt 0.169794 0.163053 0.000000
vt 0.901626 0.655535 0.000000
vt 0.474226 0.882658 0.000000
vt 0.475185 0.662628 0.000000
vt 0.471491 0.882964 0.000000
vt 0.453162 0.288595 0.000000
vt 0.452576 0.285400 0.000000
vt 0.168119 0.211796 0.000000
vt 0.456385 0.629543 0.000000
vt 0.456385 0.639402 0.000000
vt 0.166368 0.175110 0.000000
vt 0.166288 0.187424 0.000000
vt 0.974774 0.967563 0.000000
vt 0.976383 0.967561 0.000000
vt 0.121869 0.863088 0.000000
vt 0.206286 0.860378 0.000000
vt 0.461928 0.235433 0.000000
vt 0.974774 0.975935 0.000000
vt 0.976383 0.976962 0.000000
vt 0.892990 0.845551 0.000000
vt 0.166367 0.199796 0.000000
vt 0.138902 0.089988 0.000000
vt 0.168501 0.164215 0.000000
vt 0.138946 0.124521 0.000000
vt 0.166473 0.210730 0.000000
vt 0.474159 0.944925 0.000000
vt 0.360005 0.884262 0.000000
vt 0.360005 0.882802 0.000000
vt 0.262817 0.882171 0.000000
vt 0.261031 0.883651 0.000000
vt 0.127968 0.309055 0.000000
vt 0.104739 0.309308 0.000000
vt 0.128205 0.310841 0.000000
vt 0.104739 0.310841 0.000000
vt 0.886677 0.443282 0.000000
vt 0.077492 0.453025 0.000000
vt 0.077493 0.448457 0.000000
vt 0.260414 0.642323 0.000000
vt 0.259462 0.662436 0.000000
vt 0.261848 0.642444 0.000000
vt 0.260857 0.662514 0.000000
vt 0.826132 0.498547 0.000000
vt 0.822611 0.469694 0.000000
vt 0.824896 0.497975 0.000000
vt 0.821072 0.470186 0.000000
vt 0.596988 0.625590 0.000000
vt 0.597195 0.613847 0.000000
vt 0.590835 0.613847 0.000000
vt 0.590835 0.625590 0.000000
vt 0.477165 0.987713 0.000000
vt 0.477165 0.999674 0.000000
vt 0.315189 0.309282 0.000000
vt 0.291821 0.309067 0.000000
vt 0.315189 0.310841 0.000000
vt 0.291568 0.310841 0.000000
vt 0.818681 0.741774 0.000000
vt 0.821453 0.694931 0.000000
vt 0.294333 0.569139 0.000000
vt 0.292131 0.569671 0.000000
vt 0.294649 0.569139 0.000000
vt 0.816940 0.745730 0.000000
vt 0.819814 0.698111 0.000000
vt 0.004008 0.999093 0.000000
vt 0.001326 0.942927 0.000000
vt 0.001330 0.999674 0.000000
vt 0.899673 0.495796 0.000000
vt 0.899503 0.439638 0.000000
vt 0.894943 0.502046 0.000000
vt 0.894943 0.535770 0.000000
vt 0.431059 0.056093 0.000000
vt 0.410827 0.056093 0.000000
vt 0.216303 0.632039 0.000000
vt 0.214036 0.650629 0.000000
vt 0.083698 0.453025 0.000000
vt 0.079671 0.448457 0.000000
vt 0.083712 0.444375 0.000000
vt 0.079266 0.444368 0.000000
vt 0.083731 0.431807 0.000000
vt 0.079285 0.431800 0.000000
vt 0.083751 0.419298 0.000000
vt 0.079304 0.419291 0.000000
vt 0.083764 0.410704 0.000000
vt 0.079556 0.415235 0.000000
vt 0.000326 0.634743 0.000000
vt 0.000912 0.652674 0.000000
vt 0.899673 0.135647 0.000000
vt 0.475211 0.641815 0.000000
vt 0.592277 0.056093 0.000000
vt 0.571911 0.056093 0.000000
vt 0.077557 0.410695 0.000000
vt 0.077550 0.415235 0.000000
vt 0.607673 0.173657 0.000000
vt 0.617215 0.173776 0.000000
vt 0.607673 0.176237 0.000000
vt 0.617058 0.176378 0.000000
vt 0.607673 0.178816 0.000000
vt 0.617054 0.178939 0.000000
vt 0.242714 0.652655 0.000000
vt 0.104739 0.296133 0.000000
vt 0.607673 0.181396 0.000000
vt 0.617134 0.181455 0.000000
vt 0.607673 0.183976 0.000000
vt 0.617644 0.183946 0.000000
vt 0.104739 0.293117 0.000000
vt 0.628150 0.181396 0.000000
vt 0.620129 0.181275 0.000000
vt 0.607673 0.186556 0.000000
vt 0.618286 0.186556 0.000000
vt 0.628150 0.176237 0.000000
vt 0.619932 0.176127 0.000000
vt 0.619936 0.178667 0.000000
vt 0.628150 0.178816 0.000000
vt 0.620816 0.168636 0.000000
vt 0.621460 0.165917 0.000000
vt 0.620408 0.171141 0.000000
vt 0.620094 0.173623 0.000000
vt 0.628150 0.173657 0.000000
vt 0.628150 0.171077 0.000000
vt 0.410827 0.088375 0.000000
vt 0.410827 0.091188 0.000000
vt 0.628150 0.165917 0.000000
vt 0.628150 0.168497 0.000000
vt 0.886389 0.131355 0.000000
vt 0.878793 0.115475 0.000000
vt 0.856086 0.115472 0.000000
vt 0.878731 0.139739 0.000000
vt 0.000326 0.061743 0.000000
vt 0.477165 0.812327 0.000000
vt 0.491416 0.812321 0.000000
vt 0.491416 0.774435 0.000000
vt 0.477165 0.776127 0.000000
vt 0.040682 0.237036 0.000000
vt 0.042912 0.220105 0.000000
vt 0.016424 0.221302 0.000000
vt 0.016419 0.237036 0.000000
vt 0.605696 0.985871 0.000000
vt 0.632321 0.986145 0.000000
vt 0.632561 0.962599 0.000000
vt 0.605673 0.960685 0.000000
vt 0.382364 0.652622 0.000000
vt 0.334775 0.652730 0.000000
vt 0.334720 0.655004 0.000000
vt 0.382364 0.655008 0.000000
vt 0.268353 0.655008 0.000000
vt 0.268353 0.691039 0.000000
vt 0.289119 0.700300 0.000000
vt 0.289119 0.670451 0.000000
vt 0.001035 0.194172 0.000000
vt 0.043050 0.193984 0.000000
vt 0.410943 0.873524 0.000000
vt 0.413800 0.873524 0.000000
vt 0.520442 0.985005 0.000000
vt 0.529642 0.985099 0.000000
vt 0.517936 0.967566 0.000000
vt 0.507445 0.967459 0.000000
vt 0.545466 0.874944 0.000000
vt 0.561396 0.875093 0.000000
vt 0.571677 0.841211 0.000000
vt 0.560479 0.833058 0.000000
vt 0.528466 0.850468 0.000000
vt 0.528202 0.876362 0.000000
vt 0.383580 0.691039 0.000000
vt 0.333112 0.700300 0.000000
vt 0.408990 0.691037 0.000000
vt 0.408990 0.670388 0.000000
vt 0.827640 0.834378 0.000000
vt 0.650499 0.834227 0.000000
vt 0.607258 0.634028 0.000000
vt 0.587743 0.627761 0.000000
vt 0.046458 0.813162 0.000000
vt 0.138385 0.812992 0.000000
vt 0.611682 0.016201 0.000000
vt 0.611672 0.017203 0.000000
vt 0.684269 0.017943 0.000000
vt 0.684279 0.016937 0.000000
vt 0.923908 0.285504 0.000000
vt 0.926780 0.285504 0.000000
vt 0.393663 0.177769 0.000000
vt 0.420568 0.177301 0.000000
vt 0.435953 0.154913 0.000000
vt 0.393744 0.154913 0.000000
vt 0.501428 0.894794 0.000000
vt 0.508184 0.894863 0.000000
vt 0.509936 0.876176 0.000000
vt 0.500881 0.876084 0.000000
vt 0.001052 0.877527 0.000000
vt 0.447858 0.251203 0.000000
vt 0.447858 0.242228 0.000000
vt 0.411660 0.242307 0.000000
vt 0.411660 0.251232 0.000000
vt 0.446581 0.852978 0.000000
vt 0.446581 0.709945 0.000000
vt 0.493363 0.984726 0.000000
vt 0.500689 0.967390 0.000000
vt 0.477165 0.895924 0.000000
vt 0.477599 0.851147 0.000000
vt 0.477347 0.875844 0.000000
vt 0.501065 0.850189 0.000000
vt 0.325720 0.700300 0.000000
vt 0.313184 0.700300 0.000000
vt 0.518676 0.894970 0.000000
vt 0.446581 0.689264 0.000000
vt 0.629598 0.636676 0.000000
vt 0.513112 0.826235 0.000000
vt 0.477761 0.835216 0.000000
vt 0.377547 0.509642 0.000000
vt 0.565047 0.509645 0.000000
vt 0.564964 0.473445 0.000000
vt 0.377491 0.473443 0.000000
vt 0.511711 0.984916 0.000000
vt 0.478267 0.001588 0.000000
vt 0.478260 0.006347 0.000000
vt 0.508109 0.006393 0.000000
vt 0.508116 0.001634 0.000000
vt 0.529317 0.967681 0.000000
vt 0.530059 0.895085 0.000000
vt 0.526597 0.895050 0.000000
vt 0.525858 0.967647 0.000000
vt 0.037654 0.861495 0.000000
vt 0.035877 0.650838 0.000000
vt 0.453137 0.269542 0.000000
vt 0.032112 0.628231 0.000000
vt 0.446581 0.873524 0.000000
vt 0.458978 0.883651 0.000000
vt 0.940781 0.463347 0.000000
vt 0.940781 0.307841 0.000000
vt 0.939081 0.307616 0.000000
vt 0.939091 0.463588 0.000000
vt 0.923908 0.612274 0.000000
vt 0.966020 0.611990 0.000000
vt 0.966463 0.580931 0.000000
vt 0.924402 0.581816 0.000000
vt 0.536872 0.967758 0.000000
vt 0.548211 0.985288 0.000000
vt 0.558110 0.985389 0.000000
vt 0.000326 0.160947 0.000000
vt 0.001034 0.185016 0.000000
vt 0.043072 0.185016 0.000000
vt 0.042393 0.160544 0.000000
vt 0.722564 0.273057 0.000000
vt 0.244798 0.641815 0.000000
vt 0.004618 0.075027 0.000000
vt 0.242845 0.636117 0.000000
vt 0.830404 0.115469 0.000000
vt 0.721387 0.274256 0.000000
vt 0.940781 0.485831 0.000000
vt 0.939296 0.485831 0.000000
vt 0.459153 0.662513 0.000000
vt 0.457192 0.882170 0.000000
vt 0.460547 0.662436 0.000000
vt 0.966425 0.644167 0.000000
vt 0.924273 0.644454 0.000000
vt 0.538815 0.985193 0.000000
vt 0.452656 0.271076 0.000000
vt 0.458161 0.642444 0.000000
vt 0.459595 0.642323 0.000000
vt 0.966463 0.664392 0.000000
vt 0.924268 0.664658 0.000000
vt 0.940781 0.285504 0.000000
vt 0.939321 0.285504 0.000000
vt 0.519069 0.876269 0.000000
vt 0.447858 0.233251 0.000000
vt 0.411660 0.233382 0.000000
vt 0.447858 0.224276 0.000000
vt 0.411660 0.224457 0.000000
vt 0.846591 0.033378 0.000000
vt 0.846656 0.025684 0.000000
vt 0.774060 0.024945 0.000000
vt 0.773995 0.032639 0.000000
vt 0.324873 0.655004 0.000000
vt 0.315308 0.655004 0.000000
vt 0.313184 0.670451 0.000000
vt 0.325720 0.670451 0.000000
vt 0.605648 0.940239 0.000000
vt 0.595039 0.932501 0.000000
vt 0.583974 0.942475 0.000000
vt 0.684209 0.025166 0.000000
vt 0.684286 0.017613 0.000000
vt 0.138442 0.849687 0.000000
vt 0.159703 0.849686 0.000000
vt 0.159647 0.812992 0.000000
vt 0.364767 0.075027 0.000000
vt 0.774063 0.024638 0.000000
vt 0.846659 0.025377 0.000000
vt 0.242491 0.999674 0.000000
vt 0.551506 0.603902 0.000000
vt 0.574100 0.615130 0.000000
vt 0.560359 0.599877 0.000000
vt 0.493084 0.191144 0.000000
vt 0.493232 0.171264 0.000000
vt 0.455482 0.171008 0.000000
vt 0.455346 0.190889 0.000000
vt 0.037156 0.296952 0.000000
vt 0.062329 0.299899 0.000000
vt 0.050940 0.287627 0.000000
vt 0.031553 0.280139 0.000000
vt 0.539588 0.774434 0.000000
vt 0.074960 0.315990 0.000000
vt 0.036048 0.312089 0.000000
vt 0.307705 0.700307 0.000000
vt 0.833917 0.834384 0.000000
vt 0.676618 0.201605 0.000000
vt 0.676595 0.216783 0.000000
vt 0.367229 0.076981 0.000000
vt 0.336540 0.083307 0.000000
vt 0.339964 0.138534 0.000000
vt 0.365734 0.120233 0.000000
vt 0.730044 0.286076 0.000000
vt 0.723638 0.283707 0.000000
vt 0.411466 0.141004 0.000000
vt 0.430749 0.141622 0.000000
vt 0.426479 0.118605 0.000000
vt 0.418609 0.106989 0.000000
vt 0.765769 0.319536 0.000000
vt 0.744471 0.319503 0.000000
vt 0.719348 0.319464 0.000000
vt 0.694225 0.319425 0.000000
vt 0.672926 0.319392 0.000000
vt 0.721450 0.281448 0.000000
vt 0.318678 0.137798 0.000000
vt 0.312372 0.106957 0.000000
vt 0.305039 0.115678 0.000000
vt 0.299495 0.141622 0.000000
vt 0.314728 0.312795 0.000000
vt 0.314012 0.312795 0.000000
vt 0.308521 0.317564 0.000000
vt 0.315074 0.317564 0.000000
vt 0.435954 0.143605 0.000000
vt 0.393758 0.143576 0.000000
vt 0.676714 0.140018 0.000000
vt 0.676665 0.171230 0.000000
vt 0.306320 0.655004 0.000000
vt 0.297170 0.655004 0.000000
vt 0.296712 0.670451 0.000000
vt 0.306645 0.670451 0.000000
vt 0.886937 0.500092 0.000000
vt 0.307705 0.670458 0.000000
vt 0.306991 0.670458 0.000000
vt 0.306991 0.700307 0.000000
vt 0.474144 0.998955 0.000000
vt 0.219816 0.213306 0.000000
vt 0.219885 0.206550 0.000000
vt 0.219871 0.206549 0.000000
vt 0.219863 0.207380 0.000000
vt 0.296712 0.700300 0.000000
vt 0.306645 0.700300 0.000000
vt 0.519333 0.850375 0.000000
vt 0.510199 0.850282 0.000000
vt 0.480189 0.547463 0.000000
vt 0.480234 0.576136 0.000000
vt 0.518026 0.576136 0.000000
vt 0.518029 0.547463 0.000000
vt 0.119376 0.384906 0.000000
vt 0.119376 0.453025 0.000000
vt 0.681803 0.654700 0.000000
vt 0.531137 0.821814 0.000000
vt 0.522125 0.824023 0.000000
vt 0.290782 0.700307 0.000000
vt 0.890115 0.514118 0.000000
vt 0.842421 0.845551 0.000000
vt 0.398513 0.196048 0.000000
vt 0.892990 0.502046 0.000000
vt 0.789732 0.241002 0.000000
vt 0.420562 0.196048 0.000000
vt 0.788093 0.479875 0.000000
vt 0.450368 0.224233 0.000000
vt 0.450392 0.215247 0.000000
vt 0.447858 0.215299 0.000000
vt 0.785062 0.319638 0.000000
vt 0.797881 0.256267 0.000000
vt 0.833975 0.812175 0.000000
vt 0.827640 0.812176 0.000000
vt 0.648447 0.923341 0.000000
vt 0.648464 0.916320 0.000000
vt 0.640846 0.922477 0.000000
vt 0.640846 0.923341 0.000000
vt 0.470455 0.231889 0.000000
vt 0.492663 0.232039 0.000000
vt 0.492935 0.213242 0.000000
vt 0.470584 0.213091 0.000000
vt 0.877839 0.062328 0.000000
vt 0.875106 0.062328 0.000000
vt 0.875092 0.070694 0.000000
vt 0.877853 0.070694 0.000000
vt 0.874919 0.098795 0.000000
vt 0.874902 0.113515 0.000000
vt 0.878043 0.113515 0.000000
vt 0.878026 0.098795 0.000000
vt 0.878088 0.082389 0.000000
vt 0.874857 0.082389 0.000000
vt 0.116458 0.342353 0.000000
vt 0.116455 0.350712 0.000000
vt 0.115423 0.350712 0.000000
vt 0.115420 0.342353 0.000000
vt 0.966232 0.151715 0.000000
vt 0.966226 0.160097 0.000000
vt 0.967269 0.159960 0.000000
vt 0.967268 0.151715 0.000000
vt 0.676980 0.597013 0.000000
vt 0.676980 0.559256 0.000000
vt 0.674445 0.559256 0.000000
vt 0.674445 0.597013 0.000000
vt 0.116460 0.377386 0.000000
vt 0.116472 0.392027 0.000000
vt 0.115405 0.392027 0.000000
vt 0.115417 0.377386 0.000000
vt 0.966226 0.104797 0.000000
vt 0.966227 0.107828 0.000000
vt 0.967258 0.107828 0.000000
vt 0.967257 0.104797 0.000000
vt 0.966230 0.122261 0.000000
vt 0.967261 0.122261 0.000000
vt 0.966234 0.139612 0.000000
vt 0.967265 0.139612 0.000000
vt 0.116453 0.362023 0.000000
vt 0.115424 0.362023 0.000000
vt 0.952524 0.999674 0.000000
vt 0.963875 0.999674 0.000000
vt 0.964024 0.988401 0.000000
vt 0.952375 0.988401 0.000000
vt 0.952307 0.963607 0.000000
vt 0.964092 0.963607 0.000000
vt 0.964719 0.953804 0.000000
vt 0.951680 0.953804 0.000000
vt 0.952375 0.976348 0.000000
vt 0.964024 0.976348 0.000000
vt 0.676980 0.493002 0.000000
vt 0.676980 0.454928 0.000000
vt 0.674445 0.454928 0.000000
vt 0.674445 0.493002 0.000000
vt 0.964149 0.901775 0.000000
vt 0.952249 0.901775 0.000000
vt 0.676980 0.522455 0.000000
vt 0.676980 0.515701 0.000000
vt 0.674445 0.515701 0.000000
vt 0.674445 0.522455 0.000000
vt 0.676980 0.533483 0.000000
vt 0.676980 0.525285 0.000000
vt 0.674445 0.525285 0.000000
vt 0.674445 0.533483 0.000000
vt 0.676980 0.500129 0.000000
vt 0.674445 0.500129 0.000000
vt 0.676980 0.552238 0.000000
vt 0.674445 0.552238 0.000000
vt 0.676980 0.508261 0.000000
vt 0.674445 0.508261 0.000000
vt 0.676980 0.542459 0.000000
vt 0.674445 0.542459 0.000000
vt 0.676980 0.453552 0.000000
vt 0.674445 0.453552 0.000000
vt 0.115414 0.336890 0.000000
vt 0.116463 0.336890 0.000000
vt 0.878055 0.055812 0.000000
vt 0.874890 0.055812 0.000000
vt 0.864937 0.901736 0.000000
vt 0.853396 0.901371 0.000000
vt 0.001333 0.297205 0.000000
vt 0.011019 0.297205 0.000000
vt 0.011731 0.294293 0.000000
vt 0.000326 0.294293 0.000000
vt 0.297021 0.314814 0.000000
vt 0.297021 0.312903 0.000000
vt 0.263088 0.312903 0.000000
vt 0.011731 0.292729 0.000000
vt 0.000326 0.292729 0.000000
vt 0.896843 0.569494 0.000000
vt 0.894943 0.569494 0.000000
vt 0.899532 0.567978 0.000000
vt 0.295450 0.317564 0.000000
vt 0.646078 0.962736 0.000000
vt 0.645840 0.986215 0.000000
vt 0.647972 0.988440 0.000000
vt 0.648233 0.962758 0.000000
vt 0.047593 0.248332 0.000000
vt 0.047593 0.259417 0.000000
vt 0.185731 0.272323 0.000000
vt 0.646274 0.943440 0.000000
vt 0.632745 0.944519 0.000000
vt 0.835928 0.993232 0.000000
vt 0.852058 0.993232 0.000000
vt 0.569716 0.909518 0.000000
vt 0.559512 0.917404 0.000000
vt 0.537612 0.895162 0.000000
vt 0.197767 0.330291 0.000000
vt 0.197883 0.329260 0.000000
vt 0.666705 0.529545 0.000000
vt 0.669396 0.532283 0.000000
vt 0.653624 0.529545 0.000000
vt 0.549157 0.817390 0.000000
vt 0.825643 0.810036 0.000000
vt 0.653936 0.810036 0.000000
vt 0.650557 0.812178 0.000000
vt 0.859885 0.344061 0.000000
vt 0.859885 0.341199 0.000000
vt 0.857023 0.341199 0.000000
vt 0.363478 0.315668 0.000000
vt 0.356426 0.315668 0.000000
vt 0.356426 0.318126 0.000000
vt 0.363478 0.318126 0.000000
vt 0.363478 0.313209 0.000000
vt 0.356426 0.313209 0.000000
vt 0.857023 0.344061 0.000000
vt 0.356426 0.320584 0.000000
vt 0.363478 0.320584 0.000000
vt 0.862747 0.341199 0.000000
vt 0.857023 0.346923 0.000000
vt 0.356426 0.323042 0.000000
vt 0.363478 0.323042 0.000000
vt 0.363478 0.310751 0.000000
vt 0.356426 0.310751 0.000000
vt 0.859885 0.346923 0.000000
vt 0.356426 0.325501 0.000000
vt 0.363478 0.325501 0.000000
vt 0.862747 0.344061 0.000000
vt 0.862747 0.346923 0.000000
vt 0.356426 0.327959 0.000000
vt 0.363478 0.327959 0.000000
vt 0.363478 0.308293 0.000000
vt 0.356426 0.308293 0.000000
vt 0.206794 0.319289 0.000000
vt 0.197786 0.319294 0.000000
vt 0.197899 0.320326 0.000000
vt 0.207781 0.320583 0.000000
vt 0.207766 0.329038 0.000000
vt 0.206775 0.330329 0.000000
vt 0.842902 0.779051 0.000000
vt 0.846908 0.781049 0.000000
vt 0.848571 0.780135 0.000000
vt 0.843597 0.777656 0.000000
vt 0.266509 0.145907 0.000000
vt 0.270944 0.145907 0.000000
vt 0.270944 0.144394 0.000000
vt 0.266509 0.144394 0.000000
vt 0.190439 0.003131 0.000000
vt 0.201028 0.003131 0.000000
vt 0.201028 0.004444 0.000000
vt 0.190439 0.004444 0.000000
vt 0.387231 0.643173 0.000000
vt 0.449301 0.646459 0.000000
vt 0.448368 0.644979 0.000000
vt 0.386331 0.641695 0.000000
vt 0.751479 0.768735 0.000000
vt 0.747864 0.767029 0.000000
vt 0.747207 0.768421 0.000000
vt 0.749857 0.769672 0.000000
vt 0.729770 0.674766 0.000000
vt 0.730764 0.673424 0.000000
vt 0.022377 0.385302 0.000000
vt 0.023434 0.384054 0.000000
vt 0.747855 0.808083 0.000000
vt 0.746432 0.806865 0.000000
vt 0.225743 0.329069 0.000000
vt 0.207763 0.330596 0.000000
vt 0.225740 0.330340 0.000000
vt 0.197925 0.282774 0.000000
vt 0.197854 0.281637 0.000000
vt 0.197916 0.287851 0.000000
vt 0.197841 0.288987 0.000000
vt 0.449440 0.642462 0.000000
vt 0.450763 0.643025 0.000000
vt 0.225758 0.320614 0.000000
vt 0.227186 0.329072 0.000000
vt 0.227201 0.320617 0.000000
vt 0.019749 0.287402 0.000000
vt 0.019757 0.282594 0.000000
vt 0.018314 0.282591 0.000000
vt 0.018305 0.287400 0.000000
vt 0.173541 0.488264 0.000000
vt 0.175712 0.490264 0.000000
vt 0.175712 0.454978 0.000000
vt 0.173541 0.454978 0.000000
vt 0.843910 0.899418 0.000000
vt 0.843901 0.890586 0.000000
vt 0.841888 0.888857 0.000000
vt 0.841888 0.899418 0.000000
vt 0.714409 0.743273 0.000000
vt 0.714688 0.743579 0.000000
vt 0.703878 0.743579 0.000000
vt 0.703878 0.743273 0.000000
vt 0.190362 0.558876 0.000000
vt 0.201440 0.558877 0.000000
vt 0.201440 0.553490 0.000000
vt 0.189028 0.553490 0.000000
vt 0.734074 0.025119 0.000000
vt 0.734788 0.025119 0.000000
vt 0.734788 0.030404 0.000000
vt 0.732766 0.030404 0.000000
vt 0.783610 0.135872 0.000000
vt 0.784720 0.134675 0.000000
vt 0.817215 0.134675 0.000000
vt 0.817215 0.135872 0.000000
vt 0.781592 0.138064 0.000000
vt 0.817215 0.138064 0.000000
vt 0.714688 0.732006 0.000000
vt 0.714409 0.732312 0.000000
vt 0.703878 0.732312 0.000000
vt 0.703878 0.732006 0.000000
vt 0.714688 0.737793 0.000000
vt 0.714409 0.737793 0.000000
vt 0.718315 0.041067 0.000000
vt 0.718314 0.041729 0.000000
vt 0.723599 0.042928 0.000000
vt 0.723599 0.041067 0.000000
vt 0.451490 0.628891 0.000000
vt 0.451902 0.628597 0.000000
vt 0.451902 0.634169 0.000000
vt 0.451490 0.634169 0.000000
vt 0.451902 0.639742 0.000000
vt 0.451490 0.639447 0.000000
vt 0.734788 0.035689 0.000000
vt 0.734074 0.035689 0.000000
vt 0.881258 0.528895 0.000000
vt 0.882928 0.528895 0.000000
vt 0.882928 0.523344 0.000000
vt 0.881258 0.523344 0.000000
vt 0.432121 0.628891 0.000000
vt 0.432121 0.628597 0.000000
vt 0.432121 0.639742 0.000000
vt 0.432121 0.639447 0.000000
vt 0.861954 0.890558 0.000000
vt 0.861954 0.888857 0.000000
vt 0.831004 0.755676 0.000000
vt 0.825447 0.755676 0.000000
vt 0.825447 0.757663 0.000000
vt 0.831004 0.757663 0.000000
vt 0.819890 0.755676 0.000000
vt 0.819890 0.757663 0.000000
vt 0.728884 0.041729 0.000000
vt 0.728884 0.041067 0.000000
vt 0.882928 0.517793 0.000000
vt 0.881258 0.517793 0.000000
vt 0.172355 0.487165 0.000000
vt 0.172355 0.454978 0.000000
vt 0.783610 0.117660 0.000000
vt 0.784720 0.117660 0.000000
vt 0.472167 0.131425 0.000000
vt 0.474155 0.133132 0.000000
vt 0.454337 0.133132 0.000000
vt 0.454337 0.131453 0.000000
vt 0.474155 0.122702 0.000000
vt 0.472158 0.122702 0.000000
vt 0.155501 0.487165 0.000000
vt 0.155501 0.488264 0.000000
vt 0.201440 0.548102 0.000000
vt 0.190362 0.548103 0.000000
vt 0.000326 0.288926 0.000000
vt 0.018303 0.288671 0.000000
vt 0.000328 0.287368 0.000000
vt 0.982090 0.505304 0.000000
vt 0.982022 0.519441 0.000000
vt 0.983502 0.519441 0.000000
vt 0.983434 0.505304 0.000000
vt 0.018396 0.246247 0.000000
vt 0.018409 0.239019 0.000000
vt 0.016967 0.239016 0.000000
vt 0.016955 0.246244 0.000000
vt 0.986571 0.885748 0.000000
vt 0.986640 0.899887 0.000000
vt 0.987984 0.899887 0.000000
vt 0.988052 0.885748 0.000000
vt 0.874832 0.853679 0.000000
vt 0.874832 0.849751 0.000000
vt 0.873319 0.850800 0.000000
vt 0.873319 0.853679 0.000000
vt 0.225789 0.319265 0.000000
vt 0.207820 0.318928 0.000000
vt 0.253338 0.002983 0.000000
vt 0.253338 0.004592 0.000000
vt 0.206849 0.289025 0.000000
vt 0.207840 0.287734 0.000000
vt 0.206862 0.281632 0.000000
vt 0.207848 0.282926 0.000000
vt 0.277298 0.145915 0.000000
vt 0.277298 0.144385 0.000000
vt 0.000337 0.282560 0.000000
vt 0.018346 0.281242 0.000000
vt 0.000376 0.280905 0.000000
vt 0.186761 0.254036 0.000000
vt 0.186761 0.250094 0.000000
vt 0.185243 0.251147 0.000000
vt 0.185244 0.254036 0.000000
vt 0.158365 0.003131 0.000000
vt 0.158365 0.004444 0.000000
vt 0.842145 0.822859 0.000000
vt 0.843560 0.824123 0.000000
vt 0.151542 0.003131 0.000000
vt 0.151542 0.004444 0.000000
vt 0.115394 0.002984 0.000000
vt 0.115394 0.004591 0.000000
vt 0.986622 0.877505 0.000000
vt 0.988002 0.877505 0.000000
vt 0.982072 0.527718 0.000000
vt 0.983452 0.527718 0.000000
vt 0.607673 0.140167 0.000000
vt 0.608687 0.141601 0.000000
vt 0.874076 0.854879 0.000000
vt 0.450548 0.641695 0.000000
vt 0.746432 0.767204 0.000000
vt 0.186003 0.255240 0.000000
vt 0.476108 0.125826 0.000000
vt 0.477091 0.125868 0.000000
vt 0.477062 0.122562 0.000000
vt 0.476108 0.122562 0.000000
vt 0.476108 0.127847 0.000000
vt 0.477045 0.127847 0.000000
vt 0.730569 0.294048 0.000000
vt 0.732038 0.294060 0.000000
vt 0.732038 0.290548 0.000000
vt 0.730550 0.290548 0.000000
vt 0.729537 0.301777 0.000000
vt 0.730550 0.301777 0.000000
vt 0.730569 0.298277 0.000000
vt 0.729537 0.298310 0.000000
vt 0.837935 0.986789 0.000000
vt 0.837935 0.988367 0.000000
vt 0.850051 0.988367 0.000000
vt 0.850051 0.986789 0.000000
vt 0.850051 0.999674 0.000000
vt 0.850051 0.998096 0.000000
vt 0.837935 0.998096 0.000000
vt 0.837935 0.999674 0.000000
vt 0.477062 0.133132 0.000000
vt 0.478463 0.133132 0.000000
vt 0.478463 0.129826 0.000000
vt 0.477091 0.129826 0.000000
vt 0.476108 0.133132 0.000000
vt 0.476108 0.129868 0.000000
vt 0.732038 0.296163 0.000000
vt 0.730528 0.296163 0.000000
vt 0.729537 0.294016 0.000000
vt 0.729537 0.290548 0.000000
vt 0.478463 0.125868 0.000000
vt 0.478463 0.122562 0.000000
vt 0.478463 0.127847 0.000000
vt 0.732038 0.298265 0.000000
vt 0.729537 0.296163 0.000000
vt 0.732038 0.301777 0.000000
vt 0.264997 0.145150 0.000000
vt 0.842145 0.777800 0.000000
vt 0.638892 0.926231 0.000000
vt 0.605731 0.926231 0.000000
vt 0.605731 0.932051 0.000000
vt 0.638892 0.932051 0.000000
vt 0.023576 0.287409 0.000000
vt 0.023517 0.320259 0.000000
vt 0.027647 0.319368 0.000000
vt 0.027702 0.288315 0.000000
vt 0.023584 0.282601 0.000000
vt 0.027714 0.281709 0.000000
vt 0.132948 0.855623 0.000000
vt 0.126093 0.856110 0.000000
vt 0.126093 0.858853 0.000000
vt 0.132948 0.859340 0.000000
vt 0.875041 0.432409 0.000000
vt 0.877785 0.432409 0.000000
vt 0.565470 0.169047 0.000000
vt 0.565470 0.132154 0.000000
vt 0.559650 0.132154 0.000000
vt 0.559650 0.169047 0.000000
vt 0.895430 0.651168 0.000000
vt 0.894943 0.658023 0.000000
vt 0.898660 0.658023 0.000000
vt 0.898174 0.651168 0.000000
vt 0.022336 0.397553 0.000000
vt 0.028518 0.402666 0.000000
vt 0.023502 0.328715 0.000000
vt 0.027504 0.380700 0.000000
vt 0.027628 0.329621 0.000000
vt 0.546569 0.132154 0.000000
vt 0.546569 0.169047 0.000000
vt 0.028428 0.452875 0.000000
vt 0.022237 0.452864 0.000000
vt 0.874554 0.439264 0.000000
vt 0.878272 0.439264 0.000000
vt 0.671853 0.532658 0.000000
vt 0.666705 0.535365 0.000000
vt 0.667747 0.539209 0.000000
vt 0.310047 0.333640 0.000000
vt 0.306214 0.332599 0.000000
vt 0.303075 0.335291 0.000000
vt 0.303451 0.337748 0.000000
vt 0.961805 0.266412 0.000000
vt 0.960965 0.265138 0.000000
vt 0.968081 0.265138 0.000000
vt 0.967242 0.266412 0.000000
vt 0.605731 0.823350 0.000000
vt 0.607007 0.824634 0.000000
vt 0.606923 0.843131 0.000000
vt 0.605731 0.841940 0.000000
vt 0.562343 0.664376 0.000000
vt 0.563679 0.663042 0.000000
vt 0.542990 0.662949 0.000000
vt 0.541551 0.664377 0.000000
vt 0.636915 0.823350 0.000000
vt 0.635642 0.824637 0.000000
vt 0.542993 0.630921 0.000000
vt 0.541551 0.629497 0.000000
vt 0.563679 0.630831 0.000000
vt 0.562343 0.629497 0.000000
vt 0.213431 0.235723 0.000000
vt 0.212564 0.237036 0.000000
vt 0.219895 0.237036 0.000000
vt 0.219032 0.235724 0.000000
vt 0.636915 0.841940 0.000000
vt 0.635723 0.843131 0.000000
vt 0.219044 0.215259 0.000000
vt 0.213443 0.215259 0.000000
vt 0.541541 0.629497 0.000000
vt 0.541541 0.664376 0.000000
vt 0.553596 0.567214 0.000000
vt 0.559062 0.567217 0.000000
vt 0.559062 0.547246 0.000000
vt 0.553596 0.547243 0.000000
vt 0.960965 0.234363 0.000000
vt 0.968081 0.234363 0.000000
vt 0.653887 0.319234 0.000000
vt 0.653624 0.535346 0.000000
vt 0.653624 0.539325 0.000000
vt 0.512423 0.096453 0.000000
vt 0.519278 0.096940 0.000000
vt 0.519278 0.093223 0.000000
vt 0.512423 0.093710 0.000000
vt 0.023650 0.246256 0.000000
vt 0.022642 0.239026 0.000000
vt 0.310162 0.319517 0.000000
vt 0.306186 0.319517 0.000000
vt 0.626462 0.038036 0.000000
vt 0.626462 0.051118 0.000000
vt 0.027778 0.246263 0.000000
vt 0.028812 0.239037 0.000000
vt 0.554623 0.730897 0.000000
vt 0.554623 0.719948 0.000000
vt 0.541541 0.719948 0.000000
vt 0.541541 0.730897 0.000000
vt 0.008321 0.452839 0.000000
vt 0.008421 0.397529 0.000000
vt 0.533186 0.096347 0.000000
vt 0.533186 0.093816 0.000000
vt 0.010333 0.262868 0.000000
vt 0.009290 0.263336 0.000000
vt 0.007891 0.262115 0.000000
vt 0.010371 0.262133 0.000000
vt 0.003944 0.261404 0.000000
vt 0.006032 0.262392 0.000000
vt 0.006045 0.264696 0.000000
vt 0.003955 0.264887 0.000000
vt 0.008072 0.267029 0.000000
vt 0.010247 0.267068 0.000000
vt 0.010201 0.269013 0.000000
vt 0.008370 0.268913 0.000000
vt 0.449128 0.729075 0.000000
vt 0.449130 0.726155 0.000000
vt 0.448535 0.726155 0.000000
vt 0.448536 0.729075 0.000000
vt 0.011713 0.264596 0.000000
vt 0.011357 0.263544 0.000000
vt 0.012802 0.262724 0.000000
vt 0.012724 0.264965 0.000000
vt 0.010268 0.265773 0.000000
vt 0.011246 0.265478 0.000000
vt 0.012403 0.267285 0.000000
vt 0.449128 0.691320 0.000000
vt 0.449129 0.689264 0.000000
vt 0.448537 0.689264 0.000000
vt 0.448537 0.691320 0.000000
vt 0.479113 0.028003 0.000000
vt 0.484948 0.019601 0.000000
vt 0.484362 0.018910 0.000000
vt 0.478260 0.027697 0.000000
vt 0.602847 0.055541 0.000000
vt 0.601397 0.055547 0.000000
vt 0.601397 0.057108 0.000000
vt 0.602847 0.056971 0.000000
vt 0.000326 0.259631 0.000000
vt 0.000326 0.265292 0.000000
vt 0.970152 0.372862 0.000000
vt 0.970147 0.383421 0.000000
vt 0.968798 0.383575 0.000000
vt 0.968803 0.372862 0.000000
vt 0.971208 0.372862 0.000000
vt 0.971203 0.382958 0.000000
vt 0.595653 0.055551 0.000000
vt 0.594230 0.055552 0.000000
vt 0.594230 0.056985 0.000000
vt 0.595653 0.057111 0.000000
vt 0.970147 0.362304 0.000000
vt 0.968798 0.362150 0.000000
vt 0.971203 0.362767 0.000000
vt 0.012715 0.261030 0.000000
vt 0.014443 0.261717 0.000000
vt 0.014561 0.263400 0.000000
vt 0.010451 0.260465 0.000000
vt 0.014470 0.265440 0.000000
vt 0.006716 0.273939 0.000000
vt 0.004368 0.272779 0.000000
vt 0.005762 0.270328 0.000000
vt 0.007678 0.270841 0.000000
vt 0.010063 0.273939 0.000000
vt 0.010153 0.270998 0.000000
vt 0.007838 0.264525 0.000000
vt 0.599975 0.056969 0.000000
vt 0.599975 0.057452 0.000000
vt 0.601397 0.057452 0.000000
vt 0.605720 0.055552 0.000000
vt 0.604297 0.055551 0.000000
vt 0.604297 0.057111 0.000000
vt 0.605720 0.056985 0.000000
vt 0.006385 0.266979 0.000000
vt 0.004753 0.268201 0.000000
vt 0.731039 0.764231 0.000000
vt 0.731298 0.762917 0.000000
vt 0.004677 0.258957 0.000000
vt 0.006293 0.260574 0.000000
vt 0.598553 0.057108 0.000000
vt 0.598552 0.057452 0.000000
vt 0.482620 0.047452 0.000000
vt 0.481927 0.048037 0.000000
vt 0.490714 0.054140 0.000000
vt 0.189028 0.626277 0.000000
vt 0.200690 0.626277 0.000000
vt 0.008886 0.264363 0.000000
vt 0.009303 0.265328 0.000000
vt 0.605720 0.054262 0.000000
vt 0.604298 0.054262 0.000000
vt 0.602847 0.057452 0.000000
vt 0.008135 0.260344 0.000000
vt 0.572384 0.094262 0.000000
vt 0.602848 0.054262 0.000000
vt 0.601397 0.054262 0.000000
vt 0.535410 0.094262 0.000000
vt 0.015658 0.268705 0.000000
vt 0.018144 0.270734 0.000000
vt 0.016006 0.272822 0.000000
vt 0.014606 0.270568 0.000000
vt 0.012650 0.270962 0.000000
vt 0.012036 0.269069 0.000000
vt 0.014080 0.267442 0.000000
vt 0.013573 0.269014 0.000000
vt 0.494203 0.015242 0.000000
vt 0.494408 0.016379 0.000000
vt 0.485695 0.020483 0.000000
vt 0.449128 0.723235 0.000000
vt 0.449128 0.721179 0.000000
vt 0.448537 0.721179 0.000000
vt 0.448536 0.723235 0.000000
vt 0.480201 0.028394 0.000000
vt 0.478261 0.038198 0.000000
vt 0.479398 0.037992 0.000000
vt 0.016488 0.265950 0.000000
vt 0.019987 0.266834 0.000000
vt 0.483502 0.046706 0.000000
vt 0.977005 0.616204 0.000000
vt 0.599975 0.054262 0.000000
vt 0.598552 0.054262 0.000000
vt 0.598553 0.055547 0.000000
vt 0.599975 0.055539 0.000000
vt 0.013478 0.273939 0.000000
vt 0.447026 0.009311 0.000000
vt 0.437170 0.015001 0.000000
vt 0.437650 0.015482 0.000000
vt 0.447202 0.009967 0.000000
vt 0.648459 0.831500 0.000000
vt 0.648464 0.843131 0.000000
vt 0.647519 0.842772 0.000000
vt 0.647514 0.831500 0.000000
vt 0.016579 0.262999 0.000000
vt 0.019987 0.262411 0.000000
vt 0.648464 0.819869 0.000000
vt 0.647519 0.820228 0.000000
vt 0.473954 0.024857 0.000000
vt 0.468264 0.015001 0.000000
vt 0.467784 0.015482 0.000000
vt 0.473299 0.025034 0.000000
vt 0.973137 0.859100 0.000000
vt 0.973137 0.848142 0.000000
vt 0.972246 0.848480 0.000000
vt 0.972246 0.859100 0.000000
vt 0.595652 0.054262 0.000000
vt 0.594230 0.054262 0.000000
vt 0.449130 0.696297 0.000000
vt 0.449128 0.693377 0.000000
vt 0.448537 0.693377 0.000000
vt 0.448535 0.696297 0.000000
vt 0.006838 0.268726 0.000000
vt 0.973137 0.870058 0.000000
vt 0.972246 0.869720 0.000000
vt 0.597103 0.056971 0.000000
vt 0.597103 0.057452 0.000000
vt 0.016076 0.260722 0.000000
vt 0.018525 0.259342 0.000000
vt 0.458407 0.051785 0.000000
vt 0.468264 0.046095 0.000000
vt 0.467784 0.045616 0.000000
vt 0.458232 0.051131 0.000000
vt 0.595653 0.057452 0.000000
vt 0.597103 0.054262 0.000000
vt 0.597103 0.055541 0.000000
vt 0.074253 0.293128 0.000000
vt 0.086195 0.293123 0.000000
vt 0.085827 0.292151 0.000000
vt 0.074253 0.292156 0.000000
vt 0.062311 0.293123 0.000000
vt 0.062679 0.292151 0.000000
vt 0.431480 0.036238 0.000000
vt 0.437170 0.046095 0.000000
vt 0.437650 0.045616 0.000000
vt 0.432135 0.036064 0.000000
vt 0.594230 0.057452 0.000000
vt 0.973137 0.820358 0.000000
vt 0.973137 0.831316 0.000000
vt 0.972246 0.830978 0.000000
vt 0.972246 0.820358 0.000000
vt 0.604297 0.057452 0.000000
vt 0.605720 0.057452 0.000000
vt 0.973137 0.809400 0.000000
vt 0.972246 0.809738 0.000000
vt 0.186470 0.604969 0.000000
vt 0.183168 0.605078 0.000000
vt 0.183163 0.592838 0.000000
vt 0.186465 0.592729 0.000000
vt 0.002276 0.270380 0.000000
vt 0.449128 0.713282 0.000000
vt 0.449128 0.711226 0.000000
vt 0.448537 0.711226 0.000000
vt 0.448537 0.713282 0.000000
vt 0.449130 0.716202 0.000000
vt 0.448535 0.716202 0.000000
vt 0.855400 0.490809 0.000000
vt 0.851711 0.487120 0.000000
vt 0.845307 0.490818 0.000000
vt 0.851702 0.497214 0.000000
vt 0.850361 0.482081 0.000000
vt 0.842966 0.482081 0.000000
vt 0.851711 0.477042 0.000000
vt 0.845307 0.473344 0.000000
vt 0.449128 0.719122 0.000000
vt 0.448537 0.719122 0.000000
vt 0.855400 0.473353 0.000000
vt 0.851702 0.466949 0.000000
vt 0.860439 0.472003 0.000000
vt 0.860439 0.464608 0.000000
vt 0.865478 0.473353 0.000000
vt 0.869176 0.466949 0.000000
vt 0.869167 0.477042 0.000000
vt 0.875572 0.473344 0.000000
vt 0.870517 0.482081 0.000000
vt 0.877913 0.482081 0.000000
vt 0.869167 0.487120 0.000000
vt 0.875572 0.490818 0.000000
vt 0.449129 0.709169 0.000000
vt 0.448537 0.709169 0.000000
vt 0.007134 0.258275 0.000000
vt 0.865478 0.490809 0.000000
vt 0.869176 0.497214 0.000000
vt 0.013887 0.259420 0.000000
vt 0.860439 0.492159 0.000000
vt 0.860439 0.499555 0.000000
vt 0.449130 0.706249 0.000000
vt 0.448535 0.706249 0.000000
vt 0.449128 0.703329 0.000000
vt 0.448536 0.703329 0.000000
vt 0.965999 0.810699 0.000000
vt 0.965999 0.820358 0.000000
vt 0.964095 0.820358 0.000000
vt 0.964095 0.811435 0.000000
vt 0.844055 0.491539 0.000000
vt 0.850979 0.498462 0.000000
vt 0.640887 0.831500 0.000000
vt 0.640891 0.841752 0.000000
vt 0.638873 0.840971 0.000000
vt 0.638868 0.831500 0.000000
vt 0.002133 0.256382 0.000000
vt 0.005400 0.254655 0.000000
vt 0.010579 0.258391 0.000000
vt 0.010876 0.254655 0.000000
vt 0.640891 0.821248 0.000000
vt 0.638873 0.822029 0.000000
vt 0.850979 0.465700 0.000000
vt 0.844055 0.472623 0.000000
vt 0.965999 0.859100 0.000000
vt 0.965999 0.849441 0.000000
vt 0.964095 0.850177 0.000000
vt 0.964095 0.859100 0.000000
vt 0.965999 0.868759 0.000000
vt 0.964095 0.868022 0.000000
vt 0.015908 0.256770 0.000000
vt 0.876817 0.472623 0.000000
vt 0.869894 0.465700 0.000000
vt 0.074253 0.285345 0.000000
vt 0.084779 0.285340 0.000000
vt 0.083977 0.283263 0.000000
vt 0.074253 0.283267 0.000000
vt 0.638892 0.913150 0.000000
vt 0.605731 0.913150 0.000000
vt 0.063727 0.285340 0.000000
vt 0.064529 0.283263 0.000000
vt 0.643527 0.842772 0.000000
vt 0.643522 0.831500 0.000000
vt 0.869894 0.498462 0.000000
vt 0.876817 0.491539 0.000000
vt 0.968568 0.320326 0.000000
vt 0.968568 0.332009 0.000000
vt 0.965417 0.331497 0.000000
vt 0.965417 0.319813 0.000000
vt 0.449128 0.701273 0.000000
vt 0.448537 0.701273 0.000000
vt 0.968568 0.343693 0.000000
vt 0.965417 0.343181 0.000000
vt 0.965999 0.830017 0.000000
vt 0.964095 0.829280 0.000000
vt 0.449128 0.699216 0.000000
vt 0.448537 0.699216 0.000000
vt 0.968485 0.820358 0.000000
vt 0.968485 0.830978 0.000000
vt 0.968485 0.809738 0.000000
vt 0.183149 0.626277 0.000000
vt 0.183163 0.617317 0.000000
vt 0.186465 0.617208 0.000000
vt 0.186451 0.626168 0.000000
vt 0.972246 0.840706 0.000000
vt 0.968484 0.840705 0.000000
vt 0.968484 0.848480 0.000000
vt 0.875148 0.453172 0.000000
vt 0.877678 0.453172 0.000000
vt 0.963532 0.007113 0.000000
vt 0.956478 0.007113 0.000000
vt 0.019690 0.320253 0.000000
vt 0.019675 0.328708 0.000000
vt 0.001609 0.246217 0.000000
vt 0.001622 0.238989 0.000000
vt 0.146855 0.856216 0.000000
vt 0.146855 0.858747 0.000000
vt 0.554623 0.666330 0.000000
vt 0.541541 0.666330 0.000000
vt 0.300590 0.319517 0.000000
vt 0.895537 0.671930 0.000000
vt 0.898067 0.671930 0.000000
vt 0.541541 0.764059 0.000000
vt 0.554623 0.764059 0.000000
vt 0.541541 0.771114 0.000000
vt 0.554623 0.771114 0.000000
vt 0.541541 0.808007 0.000000
vt 0.554623 0.808007 0.000000
vt 0.203086 0.239050 0.000000
vt 0.203149 0.246277 0.000000
vt 0.212647 0.246217 0.000000
vt 0.212584 0.238989 0.000000
vt 0.201733 0.849685 0.000000
vt 0.201677 0.812991 0.000000
vt 0.183770 0.812992 0.000000
vt 0.183842 0.849686 0.000000
vt 0.540148 0.819606 0.000000
vt 0.518029 0.515361 0.000000
vt 0.480143 0.515419 0.000000
vt 0.399085 0.086968 0.000000
vt 0.390180 0.140269 0.000000
vt 0.583949 0.509645 0.000000
vt 0.583893 0.473445 0.000000
vt 0.949561 0.987337 0.000000
vt 0.949561 0.986553 0.000000
vt 0.944802 0.980622 0.000000
vt 0.944802 0.988215 0.000000
vt 0.866043 0.849631 0.000000
vt 0.860580 0.854879 0.000000
vt 0.870642 0.854879 0.000000
vt 0.871365 0.854181 0.000000
vt 0.326890 0.339739 0.000000
vt 0.619376 0.473444 0.000000
vt 0.480258 0.591263 0.000000
vt 0.518026 0.591263 0.000000
vt 0.327553 0.670458 0.000000
vt 0.326516 0.670458 0.000000
vt 0.326516 0.700307 0.000000
vt 0.327553 0.700307 0.000000
vt 0.455566 0.158754 0.000000
vt 0.493333 0.159009 0.000000
vt 0.942830 0.298633 0.000000
vt 0.950752 0.298633 0.000000
vt 0.943041 0.291278 0.000000
vt 0.942734 0.291279 0.000000
vt 0.333112 0.670451 0.000000
vt 0.478267 0.008415 0.000000
vt 0.478260 0.013174 0.000000
vt 0.508109 0.013220 0.000000
vt 0.508116 0.008461 0.000000
vt 0.611613 0.024426 0.000000
vt 0.103686 0.006546 0.000000
vt 0.103684 0.022219 0.000000
vt 0.289998 0.700307 0.000000
vt 0.086047 0.511811 0.000000
vt 0.086047 0.510774 0.000000
vt 0.081288 0.505215 0.000000
vt 0.081288 0.512607 0.000000
vt 0.379994 0.005007 0.000000
vt 0.452594 0.005007 0.000000
vt 0.452594 0.004176 0.000000
vt 0.379994 0.004176 0.000000
vt 0.541107 0.569814 0.000000
vt 0.550950 0.569605 0.000000
vt 0.447860 0.288595 0.000000
vt 0.411661 0.288595 0.000000
vt 0.947608 0.300594 0.000000
vt 0.942849 0.300586 0.000000
vt 0.942803 0.330436 0.000000
vt 0.947562 0.330443 0.000000
vt 0.079579 0.377266 0.000000
vt 0.081961 0.345252 0.000000
vt 0.033831 0.342383 0.000000
vt 0.031553 0.373512 0.000000
vt 0.651671 0.473444 0.000000
vt 0.676561 0.233142 0.000000
vt 0.551222 0.539983 0.000000
vt 0.541310 0.540121 0.000000
vt 0.921225 0.025102 0.000000
vt 0.921230 0.017586 0.000000
vt 0.848630 0.017787 0.000000
vt 0.848625 0.025102 0.000000
vt 0.952941 0.211265 0.000000
vt 0.959894 0.211272 0.000000
vt 0.959894 0.138671 0.000000
vt 0.952740 0.138666 0.000000
vt 0.288363 0.655004 0.000000
vt 0.846600 0.015129 0.000000
vt 0.774000 0.015331 0.000000
vt 0.773995 0.022684 0.000000
vt 0.846595 0.022684 0.000000
vt 0.846672 0.025457 0.000000
vt 0.921225 0.036741 0.000000
vt 0.848625 0.036540 0.000000
vt 0.848630 0.044071 0.000000
vt 0.921230 0.044071 0.000000
vt 0.411660 0.215532 0.000000
vt 0.447860 0.200099 0.000000
vt 0.411661 0.200099 0.000000
vt 0.646299 0.632846 0.000000
vt 0.574448 0.843879 0.000000
vt 0.594018 0.823852 0.000000
vt 0.450437 0.198002 0.000000
vt 0.479233 0.815290 0.000000
vt 0.489143 0.815304 0.000000
vt 0.815149 0.750509 0.000000
vt 0.587734 0.625188 0.000000
vt 0.575596 0.613598 0.000000
vt 0.375778 0.512219 0.000000
vt 0.566942 0.512536 0.000000
vt 0.648464 0.940053 0.000000
vt 0.632711 0.941819 0.000000
vt 0.605675 0.988011 0.000000
vt 0.632299 0.988282 0.000000
vt 0.605626 0.937305 0.000000
vt 0.306306 0.652794 0.000000
vt 0.297105 0.652815 0.000000
vt 0.565239 0.875967 0.000000
vt 0.452562 0.171024 0.000000
vt 0.452391 0.190601 0.000000
vt 0.605409 0.815723 0.000000
vt 0.048685 0.851846 0.000000
vt 0.138528 0.851955 0.000000
vt 0.046515 0.849686 0.000000
vt 0.627846 0.810951 0.000000
vt 0.450295 0.251200 0.000000
vt 0.450319 0.242210 0.000000
vt 0.158884 0.851990 0.000000
vt 0.183919 0.852030 0.000000
vt 0.468443 0.213076 0.000000
vt 0.450200 0.286458 0.000000
vt 0.200069 0.852057 0.000000
vt 0.288374 0.652835 0.000000
vt 0.572707 0.907098 0.000000
vt 0.324876 0.652752 0.000000
vt 0.596543 0.930080 0.000000
vt 0.315479 0.652773 0.000000
vt 0.450344 0.233221 0.000000
vt 0.666059 0.663396 0.000000
vt 0.744162 0.665211 0.000000
vt 0.741997 0.663851 0.000000
vt 0.668311 0.662139 0.000000
vt 0.354041 0.648559 0.000000
vt 0.354043 0.644964 0.000000
vt 0.329423 0.644953 0.000000
vt 0.329436 0.648564 0.000000
vt 0.450583 0.601119 0.000000
vt 0.450583 0.602721 0.000000
vt 0.453813 0.602721 0.000000
vt 0.453813 0.601119 0.000000
vt 0.662614 0.773046 0.000000
vt 0.662519 0.777269 0.000000
vt 0.662991 0.777279 0.000000
vt 0.663087 0.773057 0.000000
vt 0.354052 0.642872 0.000000
vt 0.329399 0.642846 0.000000
vt 0.666614 0.735419 0.000000
vt 0.666644 0.734108 0.000000
vt 0.663929 0.734708 0.000000
vt 0.664983 0.738764 0.000000
vt 0.666563 0.737678 0.000000
vt 0.663449 0.737607 0.000000
vt 0.666504 0.602158 0.000000
vt 0.665127 0.662985 0.000000
vt 0.669647 0.603101 0.000000
vt 0.667894 0.542461 0.000000
vt 0.656470 0.542201 0.000000
vt 0.655190 0.596949 0.000000
vt 0.666614 0.597207 0.000000
vt 0.319846 0.642842 0.000000
vt 0.268353 0.642842 0.000000
vt 0.270860 0.644984 0.000000
vt 0.319845 0.644956 0.000000
vt 0.674102 0.660002 0.000000
vt 0.670957 0.603686 0.000000
vt 0.221852 0.287553 0.000000
vt 0.225682 0.291163 0.000000
vt 0.225682 0.198002 0.000000
vt 0.224772 0.198914 0.000000
vt 0.329438 0.650639 0.000000
vt 0.354046 0.650617 0.000000
vt 0.655098 0.601078 0.000000
vt 0.666522 0.601336 0.000000
vt 0.663500 0.735348 0.000000
vt 0.652053 0.735089 0.000000
vt 0.652001 0.737348 0.000000
vt 0.663840 0.720465 0.000000
vt 0.664497 0.716904 0.000000
vt 0.362231 0.648543 0.000000
vt 0.362225 0.644972 0.000000
vt 0.664401 0.695688 0.000000
vt 0.653703 0.662726 0.000000
vt 0.652971 0.694507 0.000000
vt 0.107297 0.392027 0.000000
vt 0.104739 0.392027 0.000000
vt 0.043833 0.157040 0.000000
vt 0.043833 0.131189 0.000000
vt 0.041650 0.129637 0.000000
vt 0.041650 0.158591 0.000000
vt 0.742051 0.661592 0.000000
vt 0.661888 0.805751 0.000000
vt 0.651054 0.777932 0.000000
vt 0.650417 0.805491 0.000000
vt 0.319854 0.648566 0.000000
vt 0.448296 0.601119 0.000000
vt 0.448719 0.602721 0.000000
vt 0.274676 0.648588 0.000000
vt 0.972820 0.977304 0.000000
vt 0.969065 0.977304 0.000000
vt 0.942210 0.001187 0.000000
vt 0.915105 0.001187 0.000000
vt 0.913892 0.002892 0.000000
vt 0.943409 0.002892 0.000000
vt 0.110906 0.392027 0.000000
vt 0.455767 0.626277 0.000000
vt 0.459773 0.626277 0.000000
vt 0.459773 0.601623 0.000000
vt 0.455767 0.601623 0.000000
vt 0.655079 0.601900 0.000000
vt 0.652023 0.603264 0.000000
vt 0.650700 0.661730 0.000000
vt 0.844641 0.923097 0.000000
vt 0.848620 0.923109 0.000000
vt 0.848637 0.918014 0.000000
vt 0.844487 0.917912 0.000000
vt 0.001864 0.619660 0.000000
vt 0.001890 0.590141 0.000000
vt 0.000326 0.589038 0.000000
vt 0.000326 0.619660 0.000000
vt 0.842624 0.918012 0.000000
vt 0.842601 0.923098 0.000000
vt 0.877586 0.882331 0.000000
vt 0.897985 0.882331 0.000000
vt 0.897985 0.877236 0.000000
vt 0.877586 0.877236 0.000000
vt 0.654150 0.541278 0.000000
vt 0.652853 0.596739 0.000000
vt 0.668903 0.597686 0.000000
vt 0.670213 0.541639 0.000000
vt 0.870541 0.882331 0.000000
vt 0.870542 0.902726 0.000000
vt 0.877586 0.902726 0.000000
vt 0.384377 0.648763 0.000000
vt 0.384295 0.644645 0.000000
vt 0.382220 0.645001 0.000000
vt 0.382239 0.648448 0.000000
vt 0.113452 0.392027 0.000000
vt 0.966672 0.977304 0.000000
vt 0.362233 0.650586 0.000000
vt 0.382511 0.650432 0.000000
vt 0.651957 0.738644 0.000000
vt 0.663405 0.738903 0.000000
vt 0.666473 0.738885 0.000000
vt 0.696665 0.739844 0.000000
vt 0.696776 0.738361 0.000000
vt 0.696827 0.736102 0.000000
vt 0.696863 0.734502 0.000000
vt 0.663530 0.734036 0.000000
vt 0.652082 0.733777 0.000000
vt 0.184898 0.260610 0.000000
vt 0.184843 0.271507 0.000000
vt 0.962909 0.358157 0.000000
vt 0.960536 0.358157 0.000000
vt 0.024138 0.115317 0.000000
vt 0.026418 0.120774 0.000000
vt 0.067326 0.120537 0.000000
vt 0.066757 0.119191 0.000000
vt 0.052649 0.119293 0.000000
vt 0.052099 0.120648 0.000000
vt 0.000389 0.110088 0.000000
vt 0.005846 0.107808 0.000000
vt 0.082020 0.094477 0.000000
vt 0.078016 0.109693 0.000000
vt 0.082115 0.109667 0.000000
vt 0.078110 0.124921 0.000000
vt 0.082209 0.124896 0.000000
vt 0.011191 0.120822 0.000000
vt 0.011204 0.124921 0.000000
vt 0.026431 0.124873 0.000000
vt 0.619857 0.609556 0.000000
vt 0.618599 0.609569 0.000000
vt 0.619244 0.610696 0.000000
vt 0.116541 0.024625 0.000000
vt 0.116484 0.043960 0.000000
vt 0.638704 0.609166 0.000000
vt 0.645803 0.609338 0.000000
vt 0.105832 0.029369 0.000000
vt 0.071623 0.033005 0.000000
vt 0.619755 0.608807 0.000000
vt 0.962909 0.347071 0.000000
vt 0.960536 0.347071 0.000000
vt 0.960536 0.335986 0.000000
vt 0.962909 0.335986 0.000000
vt 0.620648 0.609802 0.000000
vt 0.116574 0.053553 0.000000
vt 0.618685 0.608814 0.000000
vt 0.618164 0.610922 0.000000
vt 0.617811 0.609835 0.000000
vt 0.620331 0.610891 0.000000
vt 0.870891 0.527567 0.000000
vt 0.877978 0.520480 0.000000
vt 0.877978 0.510457 0.000000
vt 0.054134 0.115633 0.000000
vt 0.065219 0.115553 0.000000
vt 0.076661 0.109143 0.000000
vt 0.073001 0.107658 0.000000
vt 0.106711 0.029427 0.000000
vt 0.107151 0.030190 0.000000
vt 0.115482 0.024623 0.000000
vt 0.115394 0.044233 0.000000
vt 0.073746 0.004288 0.000000
vt 0.068079 0.023429 0.000000
vt 0.963463 0.358157 0.000000
vt 0.963463 0.347071 0.000000
vt 0.963463 0.335986 0.000000
vt 0.013437 0.115351 0.000000
vt 0.871440 0.528893 0.000000
vt 0.879305 0.521029 0.000000
vt 0.879305 0.509908 0.000000
vt 0.638715 0.610247 0.000000
vt 0.646002 0.610456 0.000000
vt 0.113441 0.047374 0.000000
vt 0.111396 0.054140 0.000000
vt 0.041664 0.124825 0.000000
vt 0.041647 0.120726 0.000000
vt 0.583997 0.609901 0.000000
vt 0.583387 0.610997 0.000000
vt 0.848638 0.916243 0.000000
vt 0.844686 0.916242 0.000000
vt 0.275443 0.650668 0.000000
vt 0.319880 0.650646 0.000000
vt 0.086105 0.327729 0.000000
vt 0.086105 0.375711 0.000000
vt 0.083914 0.377266 0.000000
vt 0.083914 0.329254 0.000000
vt 0.429569 0.639742 0.000000
vt 0.430168 0.628509 0.000000
vt 0.409519 0.628564 0.000000
vt 0.409519 0.639143 0.000000
vt 0.647858 0.999674 0.000000
vt 0.632184 0.999515 0.000000
vt 0.819767 0.136116 0.000000
vt 0.819168 0.116068 0.000000
vt 0.229154 0.312903 0.000000
vt 0.619432 0.509643 0.000000
vt 0.651671 0.509644 0.000000
vt 0.290782 0.670458 0.000000
vt 0.289998 0.670458 0.000000
vt 0.083637 0.006545 0.000000
vt 0.083634 0.022219 0.000000
vt 0.619496 0.512558 0.000000
vt 0.649189 0.512607 0.000000
vt 0.585516 0.512527 0.000000
vt 0.270025 0.652877 0.000000
vt 0.477165 0.517905 0.000000
vt 0.477259 0.547527 0.000000
vt 0.648464 0.630155 0.000000
vt 0.629620 0.634508 0.000000
vt 0.831262 0.810036 0.000000
vt 0.646568 0.813563 0.000000
vt 0.477333 0.577702 0.000000
vt 0.561979 0.598331 0.000000
vt 0.549889 0.605452 0.000000
vt 0.566271 0.624522 0.000000
vt 0.252800 0.053565 0.000000
vt 0.251244 0.053565 0.000000
vt 0.251532 0.054140 0.000000
vt 0.252800 0.054140 0.000000
vt 0.652834 0.700571 0.000000
vt 0.652486 0.715951 0.000000
vt 0.664876 0.700153 0.000000
vt 0.651191 0.771865 0.000000
vt 0.652368 0.721128 0.000000
vt 0.651539 0.756478 0.000000
vt 0.663004 0.755815 0.000000
vt 0.663079 0.752480 0.000000
vt 0.651656 0.751298 0.000000
vt 0.382485 0.643013 0.000000
vt 0.362217 0.642895 0.000000
vt 0.835949 0.923104 0.000000
vt 0.835951 0.918009 0.000000
vt 0.962201 0.075972 0.000000
vt 0.964273 0.076020 0.000000
vt 0.964273 0.070514 0.000000
vt 0.962185 0.070514 0.000000
vt 0.958540 0.075973 0.000000
vt 0.958567 0.070514 0.000000
vt 0.956478 0.076020 0.000000
vt 0.956478 0.070514 0.000000
vt 0.870541 0.877236 0.000000
vt 0.850163 0.923109 0.000000
vt 0.850167 0.918014 0.000000
vt 0.850142 0.877237 0.000000
vt 0.850142 0.882331 0.000000
vt 0.877585 0.856832 0.000000
vt 0.870541 0.856832 0.000000
vt 0.014245 0.292693 0.000000
vt 0.013684 0.293513 0.000000
vt 0.013684 0.297205 0.000000
vt 0.014245 0.297205 0.000000
vt 0.673426 0.603518 0.000000
vt 0.669684 0.601807 0.000000
vt 0.654036 0.601765 0.000000
vt 0.667561 0.602035 0.000000
vt 0.650919 0.597062 0.000000
vt 0.650417 0.598502 0.000000
vt 0.260850 0.054140 0.000000
vt 0.260850 0.053565 0.000000
vt 0.842167 0.916242 0.000000
vt 0.935728 0.736640 0.000000
vt 0.919599 0.736640 0.000000
vt 0.921595 0.744091 0.000000
vt 0.933731 0.744091 0.000000
vt 0.905631 0.744705 0.000000
vt 0.911085 0.750159 0.000000
vt 0.897566 0.758673 0.000000
vt 0.905017 0.760669 0.000000
vt 0.897566 0.774802 0.000000
vt 0.905017 0.772805 0.000000
vt 0.802740 0.248987 0.000000
vt 0.810434 0.248987 0.000000
vt 0.810434 0.267963 0.000000
vt 0.802740 0.267963 0.000000
vt 0.905631 0.788770 0.000000
vt 0.911085 0.783315 0.000000
vt 0.919599 0.796835 0.000000
vt 0.921595 0.789383 0.000000
vt 0.935728 0.796835 0.000000
vt 0.933731 0.789383 0.000000
vt 0.638066 0.143554 0.000000
vt 0.638066 0.150669 0.000000
vt 0.655613 0.150669 0.000000
vt 0.655613 0.143554 0.000000
vt 0.284574 0.054133 0.000000
vt 0.285518 0.052003 0.000000
vt 0.274746 0.043317 0.000000
vt 0.272861 0.044689 0.000000
vt 0.960491 0.441254 0.000000
vt 0.969453 0.438903 0.000000
vt 0.969452 0.454545 0.000000
vt 0.960491 0.454550 0.000000
vt 0.443020 0.515789 0.000000
vt 0.443016 0.523813 0.000000
vt 0.426293 0.523813 0.000000
vt 0.426297 0.515789 0.000000
vt 0.443014 0.530730 0.000000
vt 0.426291 0.530730 0.000000
vt 0.441670 0.533674 0.000000
vt 0.426290 0.533674 0.000000
vt 0.698195 0.037216 0.000000
vt 0.694646 0.038162 0.000000
vt 0.702404 0.051600 0.000000
vt 0.705003 0.049006 0.000000
vt 0.698195 0.023601 0.000000
vt 0.694646 0.022646 0.000000
vt 0.949696 0.788770 0.000000
vt 0.944241 0.783315 0.000000
vt 0.810434 0.286939 0.000000
vt 0.802740 0.286939 0.000000
vt 0.705003 0.011810 0.000000
vt 0.702404 0.009208 0.000000
vt 0.716793 0.005003 0.000000
vt 0.715841 0.001450 0.000000
vt 0.730408 0.005003 0.000000
vt 0.731358 0.001450 0.000000
vt 0.742198 0.011810 0.000000
vt 0.744795 0.009208 0.000000
vt 0.749006 0.023601 0.000000
vt 0.752553 0.022646 0.000000
vt 0.000332 0.554221 0.000000
vt 0.006995 0.554221 0.000000
vt 0.006988 0.570653 0.000000
vt 0.000326 0.570653 0.000000
vt 0.957761 0.774802 0.000000
vt 0.950310 0.772805 0.000000
vt 0.957761 0.758673 0.000000
vt 0.950310 0.760669 0.000000
vt 0.655611 0.156801 0.000000
vt 0.668456 0.156801 0.000000
vt 0.668458 0.150669 0.000000
vt 0.949696 0.744705 0.000000
vt 0.944241 0.750159 0.000000
vt 0.802740 0.235095 0.000000
vt 0.810434 0.235095 0.000000
vt 0.638065 0.156801 0.000000
vt 0.757393 0.014557 0.000000
vt 0.754507 0.015871 0.000000
vt 0.754507 0.030952 0.000000
vt 0.757393 0.030953 0.000000
vt 0.954009 0.032877 0.000000
vt 0.945557 0.032882 0.000000
vt 0.945557 0.047636 0.000000
vt 0.954009 0.045418 0.000000
vt 0.764174 0.014559 0.000000
vt 0.764174 0.030955 0.000000
vt 0.356687 0.566819 0.000000
vt 0.356687 0.560709 0.000000
vt 0.371461 0.560716 0.000000
vt 0.371461 0.566827 0.000000
vt 0.409570 0.523813 0.000000
vt 0.409568 0.530730 0.000000
vt 0.397326 0.530730 0.000000
vt 0.397328 0.523813 0.000000
vt 0.356687 0.573909 0.000000
vt 0.371461 0.573916 0.000000
vt 0.012738 0.554221 0.000000
vt 0.012731 0.570653 0.000000
vt 0.749006 0.037215 0.000000
vt 0.752553 0.038162 0.000000
vt 0.742198 0.049006 0.000000
vt 0.744795 0.051600 0.000000
vt 0.730408 0.055813 0.000000
vt 0.731357 0.059358 0.000000
vt 0.716793 0.055813 0.000000
vt 0.715841 0.059358 0.000000
vt 0.772041 0.030959 0.000000
vt 0.764174 0.047351 0.000000
vt 0.772041 0.047355 0.000000
vt 0.706568 0.034972 0.000000
vt 0.711132 0.042877 0.000000
vt 0.706568 0.025845 0.000000
vt 0.817066 0.248988 0.000000
vt 0.817066 0.267964 0.000000
vt 0.183418 0.150299 0.000000
vt 0.183418 0.158591 0.000000
vt 0.166288 0.158591 0.000000
vt 0.168858 0.150299 0.000000
vt 0.951622 0.790692 0.000000
vt 0.936435 0.799460 0.000000
vt 0.711132 0.017940 0.000000
vt 0.719037 0.013376 0.000000
vt 0.728164 0.013376 0.000000
vt 0.736069 0.017940 0.000000
vt 0.740633 0.025845 0.000000
vt 0.409574 0.515789 0.000000
vt 0.772041 0.014563 0.000000
vt 0.960491 0.467846 0.000000
vt 0.969453 0.470188 0.000000
vt 0.969453 0.481640 0.000000
vt 0.960491 0.477579 0.000000
vt 0.288198 0.045951 0.000000
vt 0.280092 0.039415 0.000000
vt 0.298486 0.047558 0.000000
vt 0.299191 0.054140 0.000000
vt 0.308199 0.043807 0.000000
vt 0.312101 0.049153 0.000000
vt 0.314735 0.035701 0.000000
vt 0.320787 0.038381 0.000000
vt 0.316342 0.025413 0.000000
vt 0.322923 0.024708 0.000000
vt 0.312591 0.015700 0.000000
vt 0.317937 0.011799 0.000000
vt 0.304485 0.009164 0.000000
vt 0.307164 0.003112 0.000000
vt 0.294197 0.007557 0.000000
vt 0.293491 0.000976 0.000000
vt 0.284484 0.011309 0.000000
vt 0.280582 0.005962 0.000000
vt 0.960391 0.775505 0.000000
vt 0.277948 0.019414 0.000000
vt 0.271896 0.016735 0.000000
vt 0.276340 0.029702 0.000000
vt 0.269759 0.030408 0.000000
vt 0.817066 0.286940 0.000000
vt 0.817066 0.300832 0.000000
vt 0.810434 0.300830 0.000000
vt 0.792516 0.471792 0.000000
vt 0.789302 0.473166 0.000000
vt 0.791739 0.474573 0.000000
vt 0.794554 0.474573 0.000000
vt 0.790692 0.468632 0.000000
vt 0.787895 0.470729 0.000000
vt 0.787895 0.467915 0.000000
vt 0.789302 0.465477 0.000000
vt 0.796991 0.473166 0.000000
vt 0.795601 0.470011 0.000000
vt 0.793776 0.466851 0.000000
vt 0.791739 0.464070 0.000000
vt 0.798398 0.470729 0.000000
vt 0.798398 0.467915 0.000000
vt 0.970873 0.897076 0.000000
vt 0.970135 0.899821 0.000000
vt 0.975594 0.899821 0.000000
vt 0.974861 0.897076 0.000000
vt 0.437907 0.162870 0.000000
vt 0.444633 0.162870 0.000000
vt 0.444640 0.179459 0.000000
vt 0.437914 0.179459 0.000000
vt 0.007013 0.145352 0.000000
vt 0.000326 0.147144 0.000000
vt 0.004515 0.154401 0.000000
vt 0.009411 0.149505 0.000000
vt 0.668458 0.143554 0.000000
vt 0.208636 0.150299 0.000000
vt 0.213087 0.158591 0.000000
vt 0.200547 0.158591 0.000000
vt 0.197977 0.150299 0.000000
vt 0.967419 0.895081 0.000000
vt 0.965407 0.897092 0.000000
vt 0.011773 0.158591 0.000000
vt 0.013565 0.151903 0.000000
vt 0.965425 0.891628 0.000000
vt 0.962678 0.892364 0.000000
vt 0.020152 0.158591 0.000000
vt 0.018360 0.151903 0.000000
vt 0.965425 0.887640 0.000000
vt 0.962678 0.886905 0.000000
vt 0.027410 0.154401 0.000000
vt 0.022514 0.149505 0.000000
vt 0.967419 0.884186 0.000000
vt 0.965407 0.882177 0.000000
vt 0.031599 0.147144 0.000000
vt 0.024911 0.145352 0.000000
vt 0.970873 0.882192 0.000000
vt 0.970135 0.879447 0.000000
vt 0.251975 0.034413 0.000000
vt 0.256413 0.042681 0.000000
vt 0.260989 0.042681 0.000000
vt 0.255865 0.034413 0.000000
vt 0.796990 0.465477 0.000000
vt 0.794553 0.464070 0.000000
vt 0.241349 0.034413 0.000000
vt 0.243911 0.042681 0.000000
vt 0.014642 0.314057 0.000000
vt 0.014642 0.309893 0.000000
vt 0.020313 0.311276 0.000000
vt 0.020318 0.314058 0.000000
vt 0.014642 0.318222 0.000000
vt 0.020322 0.316840 0.000000
vt 0.912692 0.136886 0.000000
vt 0.915657 0.136881 0.000000
vt 0.913328 0.131355 0.000000
vt 0.911347 0.131355 0.000000
vt 0.908641 0.136887 0.000000
vt 0.908641 0.131355 0.000000
vt 0.904591 0.136886 0.000000
vt 0.905936 0.131355 0.000000
vt 0.901626 0.136881 0.000000
vt 0.903955 0.131355 0.000000
vt 0.444633 0.196048 0.000000
vt 0.437907 0.196048 0.000000
vt 0.031599 0.138764 0.000000
vt 0.024911 0.140556 0.000000
vt 0.974861 0.882192 0.000000
vt 0.975594 0.879447 0.000000
vt 0.027410 0.131507 0.000000
vt 0.022514 0.136403 0.000000
vt 0.978314 0.884186 0.000000
vt 0.980322 0.882177 0.000000
vt 0.020153 0.127317 0.000000
vt 0.018360 0.134005 0.000000
vt 0.980308 0.887640 0.000000
vt 0.983052 0.886905 0.000000
vt 0.011773 0.127317 0.000000
vt 0.013565 0.134005 0.000000
vt 0.980308 0.891628 0.000000
vt 0.983052 0.892364 0.000000
vt 0.004515 0.131507 0.000000
vt 0.009411 0.136403 0.000000
vt 0.978314 0.895081 0.000000
vt 0.980322 0.897092 0.000000
vt 0.312014 0.085366 0.000000
vt 0.307745 0.085366 0.000000
vt 0.309162 0.091188 0.000000
vt 0.312013 0.091184 0.000000
vt 0.000326 0.138764 0.000000
vt 0.007013 0.140556 0.000000
vt 0.316283 0.085366 0.000000
vt 0.314865 0.091180 0.000000
vt 0.319408 0.085366 0.000000
vt 0.316952 0.091177 0.000000
vt 0.623856 0.158756 0.000000
vt 0.620026 0.158754 0.000000
vt 0.621298 0.163964 0.000000
vt 0.623856 0.163964 0.000000
vt 0.627686 0.158754 0.000000
vt 0.626414 0.163964 0.000000
vt 0.014642 0.306844 0.000000
vt 0.020310 0.309240 0.000000
vt 0.960391 0.757968 0.000000
vt 0.918899 0.734013 0.000000
vt 0.936435 0.734013 0.000000
vt 0.817066 0.235097 0.000000
vt 0.951622 0.742781 0.000000
vt 0.969226 0.404074 0.000000
vt 0.975106 0.401408 0.000000
vt 0.975120 0.408918 0.000000
vt 0.969237 0.410458 0.000000
vt 0.601909 0.863612 0.000000
vt 0.595021 0.856724 0.000000
vt 0.587370 0.869974 0.000000
vt 0.596780 0.872495 0.000000
vt 0.587370 0.885274 0.000000
vt 0.596780 0.882753 0.000000
vt 0.595021 0.898524 0.000000
vt 0.601909 0.891636 0.000000
vt 0.608271 0.906174 0.000000
vt 0.610792 0.896765 0.000000
vt 0.802740 0.300830 0.000000
vt 0.623571 0.906174 0.000000
vt 0.621050 0.896765 0.000000
vt 0.975125 0.419178 0.000000
vt 0.969242 0.419178 0.000000
vt 0.636821 0.898524 0.000000
vt 0.629933 0.891636 0.000000
vt 0.644471 0.885274 0.000000
vt 0.635062 0.882753 0.000000
vt 0.644471 0.869974 0.000000
vt 0.635062 0.872495 0.000000
vt 0.636821 0.856724 0.000000
vt 0.629933 0.863612 0.000000
vt 0.623571 0.849074 0.000000
vt 0.621050 0.858483 0.000000
vt 0.608271 0.849073 0.000000
vt 0.610792 0.858483 0.000000
vt 0.592106 0.853803 0.000000
vt 0.583387 0.868904 0.000000
vt 0.583387 0.886341 0.000000
vt 0.592106 0.901442 0.000000
vt 0.450431 0.162870 0.000000
vt 0.450437 0.179459 0.000000
vt 0.607207 0.910161 0.000000
vt 0.624644 0.910161 0.000000
vt 0.639745 0.901442 0.000000
vt 0.648464 0.886341 0.000000
vt 0.648464 0.868904 0.000000
vt 0.639745 0.853803 0.000000
vt 0.624644 0.845084 0.000000
vt 0.607207 0.845084 0.000000
vt 0.918899 0.799460 0.000000
vt 0.903712 0.790692 0.000000
vt 0.226833 0.034413 0.000000
vt 0.226833 0.042681 0.000000
vt 0.903712 0.742781 0.000000
vt 0.620520 0.150669 0.000000
vt 0.620518 0.156801 0.000000
vt 0.477176 0.956561 0.000000
vt 0.482655 0.954864 0.000000
vt 0.482659 0.966173 0.000000
vt 0.477180 0.966173 0.000000
vt 0.620520 0.143554 0.000000
vt 0.212317 0.034413 0.000000
vt 0.209755 0.042681 0.000000
vt 0.894943 0.757968 0.000000
vt 0.477165 0.949525 0.000000
vt 0.482642 0.946586 0.000000
vt 0.607675 0.150669 0.000000
vt 0.607673 0.156801 0.000000
vt 0.322920 0.039322 0.000000
vt 0.313475 0.051035 0.000000
vt 0.026099 0.046997 0.000000
vt 0.026099 0.040833 0.000000
vt 0.041003 0.040825 0.000000
vt 0.041003 0.046989 0.000000
vt 0.335761 0.346968 0.000000
vt 0.332500 0.343708 0.000000
vt 0.338833 0.340051 0.000000
vt 0.340027 0.344504 0.000000
vt 0.925935 0.039426 0.000000
vt 0.923183 0.040162 0.000000
vt 0.925919 0.044900 0.000000
vt 0.927934 0.042888 0.000000
vt 0.333298 0.351234 0.000000
vt 0.328843 0.350041 0.000000
vt 0.930658 0.047636 0.000000
vt 0.931395 0.044886 0.000000
vt 0.333298 0.356161 0.000000
vt 0.328843 0.357354 0.000000
vt 0.936129 0.047636 0.000000
vt 0.935392 0.044886 0.000000
vt 0.335761 0.360427 0.000000
vt 0.332500 0.363688 0.000000
vt 0.940868 0.044900 0.000000
vt 0.938854 0.042888 0.000000
vt 0.340027 0.362890 0.000000
vt 0.338833 0.367344 0.000000
vt 0.607675 0.143554 0.000000
vt 0.477176 0.975785 0.000000
vt 0.482655 0.977482 0.000000
vt 0.482642 0.985760 0.000000
vt 0.477165 0.982821 0.000000
vt 0.943603 0.040162 0.000000
vt 0.940852 0.039426 0.000000
vt 0.894943 0.775505 0.000000
vt 0.344954 0.362891 0.000000
vt 0.346147 0.367344 0.000000
vt 0.943603 0.034690 0.000000
vt 0.940852 0.035429 0.000000
vt 0.349221 0.360427 0.000000
vt 0.352480 0.363688 0.000000
vt 0.940868 0.029952 0.000000
vt 0.938854 0.031968 0.000000
vt 0.351684 0.356161 0.000000
vt 0.356137 0.357354 0.000000
vt 0.936129 0.027216 0.000000
vt 0.935392 0.029969 0.000000
vt 0.351684 0.351234 0.000000
vt 0.356137 0.350041 0.000000
vt 0.930658 0.027216 0.000000
vt 0.931395 0.029969 0.000000
vt 0.012738 0.587085 0.000000
vt 0.006995 0.587085 0.000000
vt 0.000332 0.587085 0.000000
vt 0.349221 0.346967 0.000000
vt 0.352480 0.343707 0.000000
vt 0.925919 0.029952 0.000000
vt 0.927934 0.031968 0.000000
vt 0.344954 0.344504 0.000000
vt 0.346146 0.340051 0.000000
vt 0.435953 0.193230 0.000000
vt 0.435953 0.196048 0.000000
vt 0.430713 0.193834 0.000000
vt 0.430710 0.191951 0.000000
vt 0.363692 0.301397 0.000000
vt 0.360059 0.301399 0.000000
vt 0.360059 0.306339 0.000000
vt 0.362486 0.306339 0.000000
vt 0.356426 0.301397 0.000000
vt 0.357632 0.306339 0.000000
vt 0.174663 0.615924 0.000000
vt 0.174663 0.618698 0.000000
vt 0.179824 0.619957 0.000000
vt 0.179821 0.618104 0.000000
vt 0.174663 0.622488 0.000000
vt 0.179828 0.622488 0.000000
vt 0.174663 0.626277 0.000000
vt 0.179832 0.625020 0.000000
vt 0.044400 0.659461 0.000000
vt 0.044405 0.656577 0.000000
vt 0.039024 0.655269 0.000000
vt 0.039024 0.657196 0.000000
vt 0.044406 0.652636 0.000000
vt 0.039024 0.652636 0.000000
vt 0.044405 0.648696 0.000000
vt 0.039024 0.650004 0.000000
vt 0.044400 0.645811 0.000000
vt 0.039024 0.648077 0.000000
vt 0.435953 0.185531 0.000000
vt 0.435953 0.189381 0.000000
vt 0.430706 0.189380 0.000000
vt 0.430702 0.186809 0.000000
vt 0.950268 0.893192 0.000000
vt 0.950268 0.895994 0.000000
vt 0.953037 0.893966 0.000000
vt 0.951669 0.890766 0.000000
vt 0.956182 0.892149 0.000000
vt 0.954095 0.889365 0.000000
vt 0.959323 0.890765 0.000000
vt 0.956897 0.889365 0.000000
vt 0.951669 0.898420 0.000000
vt 0.954810 0.897037 0.000000
vt 0.957955 0.895220 0.000000
vt 0.960724 0.893192 0.000000
vt 0.954095 0.899821 0.000000
vt 0.956897 0.899821 0.000000
vt 0.959324 0.898420 0.000000
vt 0.960724 0.895994 0.000000
vt 0.386237 0.560709 0.000000
vt 0.386237 0.566819 0.000000
vt 0.386237 0.573909 0.000000
vt 0.975120 0.429438 0.000000
vt 0.969237 0.427899 0.000000
vt 0.357872 0.558104 0.000000
vt 0.371461 0.558110 0.000000
vt 0.385051 0.558104 0.000000
vt 0.954009 0.007797 0.000000
vt 0.945557 0.003374 0.000000
vt 0.945557 0.007327 0.000000
vt 0.954009 0.011157 0.000000
vt 0.754507 0.046032 0.000000
vt 0.757393 0.047349 0.000000
vt 0.027295 0.038213 0.000000
vt 0.041003 0.038206 0.000000
vt 0.055907 0.040833 0.000000
vt 0.055907 0.046997 0.000000
vt 0.975106 0.436949 0.000000
vt 0.969226 0.434283 0.000000
vt 0.455263 0.515789 0.000000
vt 0.455258 0.523813 0.000000
vt 0.923183 0.034690 0.000000
vt 0.925935 0.035429 0.000000
vt 0.455256 0.530730 0.000000
vt 0.945557 0.018128 0.000000
vt 0.954009 0.020337 0.000000
vt 0.212537 0.150299 0.000000
vt 0.217677 0.158591 0.000000
vt 0.026099 0.054148 0.000000
vt 0.041003 0.054140 0.000000
vt 0.757393 0.059352 0.000000
vt 0.764174 0.059354 0.000000
vt 0.772041 0.002560 0.000000
vt 0.764174 0.002557 0.000000
vt 0.397332 0.515789 0.000000
vt 0.969452 0.485831 0.000000
vt 0.960491 0.481142 0.000000
vt 0.055907 0.054148 0.000000
vt 0.054710 0.038213 0.000000
vt 0.450431 0.196048 0.000000
vt 0.410909 0.533674 0.000000
vt 0.308108 0.000976 0.000000
vt 0.319821 0.010420 0.000000
vt 0.757393 0.002554 0.000000
vt 0.269762 0.015787 0.000000
vt 0.279207 0.004074 0.000000
vt 0.719037 0.047441 0.000000
vt 0.728164 0.047441 0.000000
vt 0.736069 0.042877 0.000000
vt 0.740633 0.034972 0.000000
vt 0.772041 0.059358 0.000000
vt 0.918731 0.771272 0.000000
vt 0.933628 0.771272 0.000000
vt 0.933625 0.765427 0.000000
vt 0.918728 0.765427 0.000000
vt 0.918728 0.777117 0.000000
vt 0.933625 0.777117 0.000000
vt 0.918722 0.781396 0.000000
vt 0.933619 0.781396 0.000000
vt 0.918713 0.782963 0.000000
vt 0.933610 0.782963 0.000000
vt 0.925650 0.283540 0.000000
vt 0.925650 0.266972 0.000000
vt 0.923908 0.266962 0.000000
vt 0.923908 0.283531 0.000000
vt 0.930409 0.283548 0.000000
vt 0.930409 0.266980 0.000000
vt 0.936911 0.283551 0.000000
vt 0.936911 0.266982 0.000000
vt 0.943412 0.283548 0.000000
vt 0.943412 0.266980 0.000000
vt 0.948171 0.283540 0.000000
vt 0.948171 0.266972 0.000000
vt 0.949913 0.283531 0.000000
vt 0.949913 0.266962 0.000000
vt 0.918722 0.761148 0.000000
vt 0.933619 0.761148 0.000000
vt 0.933610 0.759581 0.000000
vt 0.918713 0.759581 0.000000
vt 0.373822 0.348115 0.000000
vt 0.358107 0.348115 0.000000
vt 0.358110 0.354525 0.000000
vt 0.373825 0.354525 0.000000
vt 0.358107 0.360935 0.000000
vt 0.373822 0.360935 0.000000
vt 0.358100 0.365627 0.000000
vt 0.373815 0.365627 0.000000
vt 0.358090 0.367344 0.000000
vt 0.373805 0.367344 0.000000
vt 0.986325 0.684482 0.000000
vt 0.986325 0.669784 0.000000
vt 0.984718 0.669774 0.000000
vt 0.984718 0.684473 0.000000
vt 0.980330 0.669768 0.000000
vt 0.980330 0.684466 0.000000
vt 0.974334 0.669765 0.000000
vt 0.974334 0.684464 0.000000
vt 0.968339 0.669768 0.000000
vt 0.968339 0.684466 0.000000
vt 0.963951 0.669774 0.000000
vt 0.963951 0.684473 0.000000
vt 0.962344 0.669784 0.000000
vt 0.962344 0.684482 0.000000
vt 0.373805 0.341705 0.000000
vt 0.358090 0.341705 0.000000
vt 0.358100 0.343423 0.000000
vt 0.373815 0.343423 0.000000
vt 0.468625 0.533674 0.000000
vt 0.467819 0.530667 0.000000
vt 0.470600 0.529061 0.000000
vt 0.472800 0.531263 0.000000
vt 0.463803 0.533674 0.000000
vt 0.464608 0.530667 0.000000
vt 0.459627 0.531263 0.000000
vt 0.461827 0.529061 0.000000
vt 0.457216 0.527087 0.000000
vt 0.460222 0.526281 0.000000
vt 0.457216 0.522265 0.000000
vt 0.460222 0.523070 0.000000
vt 0.459627 0.518089 0.000000
vt 0.461828 0.520290 0.000000
vt 0.463802 0.515678 0.000000
vt 0.464608 0.518685 0.000000
vt 0.468624 0.515678 0.000000
vt 0.467818 0.518685 0.000000
vt 0.472800 0.518089 0.000000
vt 0.470599 0.520290 0.000000
vt 0.475211 0.522265 0.000000
vt 0.472204 0.523070 0.000000
vt 0.475211 0.527087 0.000000
vt 0.472205 0.526281 0.000000
vt 0.292554 0.078388 0.000000
vt 0.293453 0.081744 0.000000
vt 0.290165 0.083643 0.000000
vt 0.287709 0.081185 0.000000
vt 0.288267 0.086930 0.000000
vt 0.284912 0.086031 0.000000
vt 0.288268 0.090726 0.000000
vt 0.284912 0.091626 0.000000
vt 0.290166 0.094014 0.000000
vt 0.287709 0.096471 0.000000
vt 0.293453 0.095912 0.000000
vt 0.292555 0.099268 0.000000
vt 0.297249 0.095912 0.000000
vt 0.298149 0.099268 0.000000
vt 0.300537 0.094014 0.000000
vt 0.302995 0.096471 0.000000
vt 0.302436 0.090726 0.000000
vt 0.305792 0.091625 0.000000
vt 0.302436 0.086929 0.000000
vt 0.305792 0.086030 0.000000
vt 0.300537 0.083642 0.000000
vt 0.302995 0.081185 0.000000
vt 0.297249 0.081744 0.000000
vt 0.298149 0.078388 0.000000
vt 0.951967 0.485816 0.000000
vt 0.955252 0.485823 0.000000
vt 0.955252 0.440349 0.000000
vt 0.951967 0.440349 0.000000
vt 0.878791 0.458621 0.000000
vt 0.833344 0.458621 0.000000
vt 0.833344 0.462117 0.000000
vt 0.878793 0.462117 0.000000
vt 0.949561 0.485810 0.000000
vt 0.949561 0.440349 0.000000
vt 0.878793 0.455125 0.000000
vt 0.833344 0.455125 0.000000
vt 0.955876 0.299993 0.000000
vt 0.959012 0.299995 0.000000
vt 0.959012 0.256610 0.000000
vt 0.955876 0.256610 0.000000
vt 0.519128 0.033744 0.000000
vt 0.564385 0.033744 0.000000
vt 0.564385 0.031196 0.000000
vt 0.519133 0.031196 0.000000
vt 0.952740 0.299995 0.000000
vt 0.952740 0.256610 0.000000
vt 0.519120 0.037225 0.000000
vt 0.564385 0.037225 0.000000
vt 0.951967 0.301963 0.000000
vt 0.949561 0.301969 0.000000
vt 0.949561 0.347430 0.000000
vt 0.951967 0.347430 0.000000
vt 0.519112 0.040705 0.000000
vt 0.564385 0.040705 0.000000
vt 0.955252 0.301956 0.000000
vt 0.955252 0.347430 0.000000
vt 0.002938 0.392025 0.000000
vt 0.002938 0.345593 0.000000
vt 0.000326 0.345593 0.000000
vt 0.000326 0.392019 0.000000
vt 0.958538 0.301948 0.000000
vt 0.958538 0.347430 0.000000
vt 0.006507 0.392027 0.000000
vt 0.006507 0.345593 0.000000
vt 0.613277 0.517259 0.000000
vt 0.613271 0.514793 0.000000
vt 0.566631 0.514793 0.000000
vt 0.566631 0.517259 0.000000
vt 0.010076 0.392025 0.000000
vt 0.010076 0.345593 0.000000
vt 0.613279 0.520628 0.000000
vt 0.566631 0.520628 0.000000
vt 0.012689 0.392019 0.000000
vt 0.012689 0.345593 0.000000
vt 0.613277 0.523996 0.000000
vt 0.566631 0.523996 0.000000
vt 0.609651 0.025762 0.000000
vt 0.564385 0.025762 0.000000
vt 0.564385 0.029242 0.000000
vt 0.609659 0.029242 0.000000
vt 0.613271 0.526463 0.000000
vt 0.566631 0.526463 0.000000
vt 0.609643 0.022281 0.000000
vt 0.564385 0.022281 0.000000
vt 0.958538 0.485831 0.000000
vt 0.958538 0.440349 0.000000
vt 0.609637 0.019733 0.000000
vt 0.564385 0.019733 0.000000
vt 0.001615 0.444187 0.000000
vt 0.004872 0.444080 0.000000
vt 0.004886 0.452917 0.000000
vt 0.001629 0.453025 0.000000
vt 0.948278 0.255798 0.000000
vt 0.948278 0.260046 0.000000
vt 0.936284 0.260041 0.000000
vt 0.936284 0.255794 0.000000
vt 0.001610 0.432116 0.000000
vt 0.004867 0.432008 0.000000
vt 0.924290 0.260046 0.000000
vt 0.924290 0.255798 0.000000
vt 0.001615 0.420044 0.000000
vt 0.004872 0.419936 0.000000
vt 0.980646 0.800010 0.000000
vt 0.976885 0.800010 0.000000
vt 0.976885 0.792236 0.000000
vt 0.980646 0.792236 0.000000
vt 0.001629 0.411207 0.000000
vt 0.004886 0.411099 0.000000
vt 0.970898 0.686436 0.000000
vt 0.966951 0.686436 0.000000
vt 0.966951 0.694594 0.000000
vt 0.970898 0.694594 0.000000
vt 0.420095 0.047063 0.000000
vt 0.419129 0.046097 0.000000
vt 0.409272 0.051788 0.000000
vt 0.409626 0.053107 0.000000
vt 0.420853 0.047819 0.000000
vt 0.409905 0.054140 0.000000
vt 0.397891 0.051788 0.000000
vt 0.397538 0.053107 0.000000
vt 0.397263 0.054140 0.000000
vt 0.976885 0.781616 0.000000
vt 0.980646 0.781616 0.000000
vt 0.388035 0.046097 0.000000
vt 0.387070 0.047063 0.000000
vt 0.386315 0.047819 0.000000
vt 0.382345 0.036241 0.000000
vt 0.381026 0.036594 0.000000
vt 0.379994 0.036871 0.000000
vt 0.382345 0.024860 0.000000
vt 0.381026 0.024507 0.000000
vt 0.379994 0.024229 0.000000
vt 0.388035 0.015004 0.000000
vt 0.387070 0.014038 0.000000
vt 0.386315 0.013281 0.000000
vt 0.116591 0.527503 0.000000
vt 0.116591 0.526216 0.000000
vt 0.128680 0.526216 0.000000
vt 0.128506 0.527503 0.000000
vt 0.397538 0.007994 0.000000
vt 0.397263 0.006960 0.000000
vt 0.104677 0.527502 0.000000
vt 0.104503 0.526216 0.000000
vt 0.409626 0.007994 0.000000
vt 0.409905 0.006960 0.000000
vt 0.095955 0.527502 0.000000
vt 0.095654 0.526216 0.000000
vt 0.420095 0.014038 0.000000
vt 0.420853 0.013281 0.000000
vt 0.000326 0.432116 0.000000
vt 0.000330 0.444014 0.000000
vt 0.426139 0.024507 0.000000
vt 0.427173 0.024229 0.000000
vt 0.000330 0.420217 0.000000
vt 0.426139 0.036594 0.000000
vt 0.427173 0.036871 0.000000
vt 0.486653 0.822601 0.000000
vt 0.486470 0.821247 0.000000
vt 0.477165 0.821247 0.000000
vt 0.477481 0.822601 0.000000
vt 0.499182 0.821247 0.000000
vt 0.499182 0.822601 0.000000
vt 0.511893 0.821247 0.000000
vt 0.511710 0.822601 0.000000
vt 0.199728 0.145038 0.000000
vt 0.208688 0.145024 0.000000
vt 0.208383 0.143721 0.000000
vt 0.199552 0.143735 0.000000
vt 0.187488 0.145043 0.000000
vt 0.187488 0.143740 0.000000
vt 0.175248 0.145038 0.000000
vt 0.175425 0.143735 0.000000
vt 0.166288 0.145024 0.000000
vt 0.166593 0.143721 0.000000
vt 0.397891 0.009313 0.000000
vt 0.409272 0.009313 0.000000
vt 0.419129 0.015004 0.000000
vt 0.424819 0.024860 0.000000
vt 0.424819 0.036241 0.000000
vt 0.976885 0.770996 0.000000
vt 0.980646 0.770996 0.000000
vt 0.547285 0.533367 0.000000
vt 0.547285 0.536008 0.000000
vt 0.557557 0.536003 0.000000
vt 0.558579 0.533363 0.000000
vt 0.535991 0.533363 0.000000
vt 0.537014 0.536003 0.000000
vt 0.502108 0.628278 0.000000
vt 0.503025 0.626697 0.000000
vt 0.496308 0.619980 0.000000
vt 0.494724 0.620893 0.000000
vt 0.974399 0.781616 0.000000
vt 0.974399 0.771957 0.000000
vt 0.974399 0.791275 0.000000
vt 0.529667 0.620893 0.000000
vt 0.528090 0.619980 0.000000
vt 0.521374 0.626697 0.000000
vt 0.522283 0.628278 0.000000
vt 0.936284 0.262852 0.000000
vt 0.925376 0.262857 0.000000
vt 0.947192 0.262857 0.000000
vt 0.522283 0.593334 0.000000
vt 0.521374 0.594915 0.000000
vt 0.528090 0.601631 0.000000
vt 0.529667 0.600718 0.000000
vt 0.966951 0.705740 0.000000
vt 0.970898 0.705740 0.000000
vt 0.105033 0.522955 0.000000
vt 0.117121 0.522955 0.000000
vt 0.199837 0.148340 0.000000
vt 0.208797 0.148327 0.000000
vt 0.970898 0.716885 0.000000
vt 0.966951 0.716885 0.000000
vt 0.966951 0.725044 0.000000
vt 0.970898 0.725044 0.000000
vt 0.129210 0.522955 0.000000
vt 0.535991 0.529363 0.000000
vt 0.547285 0.529368 0.000000
vt 0.175357 0.148340 0.000000
vt 0.187597 0.148345 0.000000
vt 0.494724 0.600718 0.000000
vt 0.496309 0.601631 0.000000
vt 0.503025 0.594915 0.000000
vt 0.502108 0.593334 0.000000
vt 0.976885 0.763221 0.000000
vt 0.980647 0.763222 0.000000
vt 0.166397 0.148327 0.000000
vt 0.964342 0.695603 0.000000
vt 0.964342 0.705740 0.000000
vt 0.964342 0.715876 0.000000
vt 0.962344 0.705740 0.000000
vt 0.962344 0.715104 0.000000
vt 0.499739 0.817819 0.000000
vt 0.487027 0.817819 0.000000
vt 0.512450 0.817819 0.000000
vt 0.520677 0.596126 0.000000
vt 0.526881 0.602331 0.000000
vt 0.558579 0.529363 0.000000
vt 0.946361 0.265009 0.000000
vt 0.936284 0.265005 0.000000
vt 0.926207 0.265009 0.000000
vt 0.526881 0.619281 0.000000
vt 0.520677 0.625485 0.000000
vt 0.972495 0.790539 0.000000
vt 0.972495 0.781616 0.000000
vt 0.972495 0.772693 0.000000
vt 0.503727 0.625485 0.000000
vt 0.497522 0.619281 0.000000
vt 0.537796 0.538026 0.000000
vt 0.547285 0.538030 0.000000
vt 0.556774 0.538026 0.000000
vt 0.497522 0.602331 0.000000
vt 0.503727 0.596126 0.000000
vt 0.962344 0.696376 0.000000
vt 0.512202 0.601029 0.000000
vt 0.512202 0.593855 0.000000
vt 0.507314 0.602339 0.000000
vt 0.517090 0.602339 0.000000
vt 0.520669 0.605918 0.000000
vt 0.521978 0.610806 0.000000
vt 0.529152 0.610806 0.000000
vt 0.520669 0.615694 0.000000
vt 0.517090 0.619272 0.000000
vt 0.512202 0.620582 0.000000
vt 0.512202 0.627756 0.000000
vt 0.507314 0.619272 0.000000
vt 0.503735 0.615694 0.000000
vt 0.502426 0.610806 0.000000
vt 0.495252 0.610806 0.000000
vt 0.503735 0.605918 0.000000
vt 0.971834 0.694240 0.000000
vt 0.971833 0.705740 0.000000
vt 0.971834 0.717240 0.000000
vt 0.409098 0.009968 0.000000
vt 0.418650 0.015483 0.000000
vt 0.948660 0.254791 0.000000
vt 0.936284 0.254786 0.000000
vt 0.923908 0.254791 0.000000
vt 0.424165 0.036065 0.000000
vt 0.418650 0.045617 0.000000
vt 0.981537 0.792574 0.000000
vt 0.981537 0.781616 0.000000
vt 0.981537 0.770658 0.000000
vt 0.398068 0.051132 0.000000
vt 0.388516 0.045617 0.000000
vt 0.535632 0.528416 0.000000
vt 0.547285 0.528421 0.000000
vt 0.558939 0.528416 0.000000
vt 0.383001 0.025035 0.000000
vt 0.388516 0.015483 0.000000
vt 0.983679 0.825886 0.000000
vt 0.979716 0.825884 0.000000
vt 0.979716 0.816429 0.000000
vt 0.983679 0.816431 0.000000
vt 0.412884 0.661565 0.000000
vt 0.418378 0.653654 0.000000
vt 0.417632 0.652771 0.000000
vt 0.411796 0.661174 0.000000
vt 0.412082 0.671163 0.000000
vt 0.410944 0.671368 0.000000
vt 0.416186 0.679876 0.000000
vt 0.415303 0.680623 0.000000
vt 0.424097 0.685370 0.000000
vt 0.423705 0.686458 0.000000
vt 0.433695 0.686173 0.000000
vt 0.433900 0.687310 0.000000
vt 0.442408 0.682069 0.000000
vt 0.443154 0.682951 0.000000
vt 0.890393 0.785082 0.000000
vt 0.890378 0.793308 0.000000
vt 0.891795 0.793470 0.000000
vt 0.891810 0.785362 0.000000
vt 0.890373 0.804546 0.000000
vt 0.891789 0.804546 0.000000
vt 0.890378 0.815783 0.000000
vt 0.891795 0.815621 0.000000
vt 0.890393 0.824009 0.000000
vt 0.891810 0.823729 0.000000
vt 0.534128 0.597791 0.000000
vt 0.534128 0.608950 0.000000
vt 0.532722 0.608951 0.000000
vt 0.532722 0.597953 0.000000
vt 0.534128 0.620109 0.000000
vt 0.532722 0.619949 0.000000
vt 0.417046 0.652080 0.000000
vt 0.410943 0.660867 0.000000
vt 0.534128 0.628278 0.000000
vt 0.532722 0.628000 0.000000
vt 0.960497 0.426918 0.000000
vt 0.961733 0.427459 0.000000
vt 0.961727 0.415096 0.000000
vt 0.960491 0.415096 0.000000
vt 0.963313 0.427640 0.000000
vt 0.963307 0.415096 0.000000
vt 0.961733 0.402734 0.000000
vt 0.960497 0.403275 0.000000
vt 0.963313 0.402553 0.000000
vt 0.414610 0.681208 0.000000
vt 0.423398 0.687310 0.000000
vt 0.038571 0.127158 0.000000
vt 0.037135 0.126874 0.000000
vt 0.037135 0.135220 0.000000
vt 0.038571 0.135383 0.000000
vt 0.039697 0.135875 0.000000
vt 0.038571 0.146620 0.000000
vt 0.039697 0.146619 0.000000
vt 0.037135 0.146620 0.000000
vt 0.038571 0.157856 0.000000
vt 0.039697 0.157363 0.000000
vt 0.037135 0.158020 0.000000
vt 0.449840 0.674856 0.000000
vt 0.448989 0.674549 0.000000
vt 0.443738 0.683643 0.000000
vt 0.447903 0.674158 0.000000
vt 0.892900 0.804546 0.000000
vt 0.892906 0.793955 0.000000
vt 0.449842 0.664355 0.000000
vt 0.448705 0.664560 0.000000
vt 0.892906 0.815136 0.000000
vt 0.445483 0.655100 0.000000
vt 0.444601 0.655846 0.000000
vt 0.437386 0.648413 0.000000
vt 0.437081 0.649265 0.000000
vt 0.446173 0.654516 0.000000
vt 0.436690 0.650352 0.000000
vt 0.531621 0.608951 0.000000
vt 0.531621 0.598435 0.000000
vt 0.426886 0.648412 0.000000
vt 0.427092 0.649550 0.000000
vt 0.531621 0.619468 0.000000
vt 0.886841 0.804660 0.000000
vt 0.886847 0.815897 0.000000
vt 0.537634 0.597233 0.000000
vt 0.537634 0.608392 0.000000
vt 0.537634 0.619550 0.000000
vt 0.979716 0.861114 0.000000
vt 0.977097 0.861113 0.000000
vt 0.977097 0.869713 0.000000
vt 0.979716 0.870570 0.000000
vt 0.979716 0.851658 0.000000
vt 0.977097 0.852513 0.000000
vt 0.886862 0.785196 0.000000
vt 0.886847 0.793422 0.000000
vt 0.979716 0.809506 0.000000
vt 0.983679 0.809508 0.000000
vt 0.979716 0.844736 0.000000
vt 0.977097 0.846217 0.000000
vt 0.670708 0.213093 0.000000
vt 0.666572 0.213093 0.000000
vt 0.666568 0.222960 0.000000
vt 0.670703 0.222960 0.000000
vt 0.886862 0.824123 0.000000
vt 0.663838 0.222960 0.000000
vt 0.663842 0.231935 0.000000
vt 0.666572 0.232828 0.000000
vt 0.663842 0.213986 0.000000
vt 0.977097 0.817283 0.000000
vt 0.977097 0.810987 0.000000
vt 0.977097 0.825883 0.000000
vt 0.979716 0.835340 0.000000
vt 0.977097 0.834483 0.000000
vt 0.643646 0.521460 0.000000
vt 0.642723 0.524286 0.000000
vt 0.649511 0.524299 0.000000
vt 0.651108 0.521473 0.000000
vt 0.633451 0.521455 0.000000
vt 0.633451 0.524282 0.000000
vt 0.623257 0.521460 0.000000
vt 0.624180 0.524286 0.000000
vt 0.615794 0.521473 0.000000
vt 0.617392 0.524299 0.000000
vt 0.975090 0.861112 0.000000
vt 0.975090 0.869056 0.000000
vt 0.618616 0.526463 0.000000
vt 0.624886 0.526451 0.000000
vt 0.670708 0.232828 0.000000
vt 0.633451 0.526447 0.000000
vt 0.642016 0.526451 0.000000
vt 0.648287 0.526463 0.000000
vt 0.975091 0.833826 0.000000
vt 0.975090 0.825882 0.000000
vt 0.975090 0.817937 0.000000
vt 0.975091 0.812122 0.000000
vt 0.661751 0.214670 0.000000
vt 0.661747 0.222960 0.000000
vt 0.661751 0.231251 0.000000
vt 0.975090 0.847351 0.000000
vt 0.975090 0.853167 0.000000
vt 0.338329 0.323627 0.000000
vt 0.337169 0.327959 0.000000
vt 0.330836 0.324303 0.000000
vt 0.334006 0.321131 0.000000
vt 0.343321 0.323627 0.000000
vt 0.344482 0.327959 0.000000
vt 0.347643 0.321131 0.000000
vt 0.350816 0.324303 0.000000
vt 0.350139 0.316808 0.000000
vt 0.354473 0.317969 0.000000
vt 0.350139 0.311816 0.000000
vt 0.354473 0.310656 0.000000
vt 0.347643 0.307494 0.000000
vt 0.350816 0.304323 0.000000
vt 0.343321 0.304998 0.000000
vt 0.344482 0.300666 0.000000
vt 0.338329 0.304998 0.000000
vt 0.337169 0.300666 0.000000
vt 0.334006 0.307494 0.000000
vt 0.330836 0.304323 0.000000
vt 0.331510 0.311816 0.000000
vt 0.327179 0.310656 0.000000
vt 0.331510 0.316808 0.000000
vt 0.327179 0.317969 0.000000
vt 0.984618 0.851360 0.000000
vt 0.983679 0.851660 0.000000
vt 0.983679 0.861116 0.000000
vt 0.984618 0.861117 0.000000
vt 0.983679 0.870572 0.000000
vt 0.984618 0.870874 0.000000
vt 0.615232 0.516188 0.000000
vt 0.615794 0.517200 0.000000
vt 0.623257 0.517187 0.000000
vt 0.622932 0.516173 0.000000
vt 0.633451 0.517182 0.000000
vt 0.633451 0.516168 0.000000
vt 0.643646 0.517187 0.000000
vt 0.643970 0.516173 0.000000
vt 0.651108 0.517200 0.000000
vt 0.651671 0.516188 0.000000
vt 0.984618 0.835644 0.000000
vt 0.983679 0.835342 0.000000
vt 0.984618 0.825887 0.000000
vt 0.984618 0.816130 0.000000
vt 0.984618 0.808988 0.000000
vt 0.671687 0.212779 0.000000
vt 0.671682 0.222960 0.000000
vt 0.671687 0.233142 0.000000
vt 0.984618 0.844217 0.000000
vt 0.983679 0.844738 0.000000
vt 0.033553 0.147191 0.000000
vt 0.033553 0.158591 0.000000
vt 0.033553 0.135790 0.000000
vt 0.979716 0.877492 0.000000
vt 0.983679 0.877494 0.000000
vt 0.967256 0.402680 0.000000
vt 0.967272 0.393498 0.000000
vt 0.963330 0.393371 0.000000
vt 0.967249 0.415223 0.000000
vt 0.967256 0.427767 0.000000
vt 0.983679 0.842264 0.000000
vt 0.979716 0.842262 0.000000
vt 0.963330 0.436822 0.000000
vt 0.967272 0.436949 0.000000
vt 0.955252 0.394874 0.000000
vt 0.958538 0.394866 0.000000
vt 0.977005 0.625660 0.000000
vt 0.519991 0.526463 0.000000
vt 0.519985 0.523996 0.000000
vt 0.977005 0.635056 0.000000
vt 0.519983 0.520628 0.000000
vt 0.968784 0.354308 0.000000
vt 0.965431 0.362041 0.000000
vt 0.965417 0.354199 0.000000
vt 0.519985 0.517259 0.000000
vt 0.977005 0.632582 0.000000
vt 0.973042 0.632580 0.000000
vt 0.519991 0.514793 0.000000
vt 0.965436 0.372754 0.000000
vt 0.958538 0.392913 0.000000
vt 0.955252 0.392905 0.000000
vt 0.822477 0.769348 0.000000
vt 0.832330 0.769352 0.000000
vt 0.951967 0.392897 0.000000
vt 0.965431 0.383467 0.000000
vt 0.949561 0.392892 0.000000
vt 0.812625 0.769352 0.000000
vt 0.952740 0.213225 0.000000
vt 0.955876 0.213227 0.000000
vt 0.968784 0.391417 0.000000
vt 0.965417 0.391309 0.000000
vt 0.959012 0.213225 0.000000
vt 0.977005 0.667812 0.000000
vt 0.973042 0.667810 0.000000
vt 0.949561 0.394887 0.000000
vt 0.951967 0.394881 0.000000
vt 0.536381 0.796852 0.000000
vt 0.536381 0.807206 0.000000
vt 0.905638 0.677302 0.000000
vt 0.911093 0.682756 0.000000
vt 0.921603 0.676689 0.000000
vt 0.919606 0.669237 0.000000
vt 0.933739 0.676689 0.000000
vt 0.935736 0.669237 0.000000
vt 0.944249 0.682756 0.000000
vt 0.949704 0.677302 0.000000
vt 0.950317 0.693267 0.000000
vt 0.957768 0.691270 0.000000
vt 0.947879 0.873696 0.000000
vt 0.930333 0.873696 0.000000
vt 0.930333 0.880810 0.000000
vt 0.947879 0.880810 0.000000
vt 0.950317 0.705402 0.000000
vt 0.957768 0.707399 0.000000
vt 0.944249 0.715912 0.000000
vt 0.949704 0.721367 0.000000
vt 0.933739 0.721980 0.000000
vt 0.935736 0.729432 0.000000
vt 0.533679 0.559841 0.000000
vt 0.533679 0.577982 0.000000
vt 0.526323 0.577982 0.000000
vt 0.526323 0.559840 0.000000
vt 0.363227 0.054133 0.000000
vt 0.374940 0.044688 0.000000
vt 0.373055 0.043316 0.000000
vt 0.362282 0.052003 0.000000
vt 0.444144 0.535874 0.000000
vt 0.434464 0.535874 0.000000
vt 0.434468 0.542398 0.000000
vt 0.445856 0.542398 0.000000
vt 0.074515 0.261371 0.000000
vt 0.058792 0.261371 0.000000
vt 0.058788 0.268915 0.000000
vt 0.074511 0.268915 0.000000
vt 0.058786 0.275418 0.000000
vt 0.074509 0.275418 0.000000
vt 0.058785 0.278186 0.000000
vt 0.073246 0.278186 0.000000
vt 0.492267 0.134650 0.000000
vt 0.492267 0.121036 0.000000
vt 0.495815 0.120089 0.000000
vt 0.495815 0.135605 0.000000
vt 0.485460 0.146441 0.000000
vt 0.488056 0.149043 0.000000
vt 0.921603 0.721980 0.000000
vt 0.919606 0.729432 0.000000
vt 0.912786 0.873696 0.000000
vt 0.912786 0.880810 0.000000
vt 0.473669 0.153248 0.000000
vt 0.474619 0.156801 0.000000
vt 0.460054 0.153248 0.000000
vt 0.459103 0.156801 0.000000
vt 0.448264 0.146441 0.000000
vt 0.445665 0.149043 0.000000
vt 0.441457 0.134650 0.000000
vt 0.437907 0.135605 0.000000
vt 0.441457 0.121036 0.000000
vt 0.437907 0.120089 0.000000
vt 0.942849 0.975888 0.000000
vt 0.926520 0.975881 0.000000
vt 0.926520 0.982502 0.000000
vt 0.942849 0.982509 0.000000
vt 0.911093 0.715912 0.000000
vt 0.905638 0.721367 0.000000
vt 0.905025 0.705402 0.000000
vt 0.897574 0.707399 0.000000
vt 0.526323 0.591263 0.000000
vt 0.519983 0.591261 0.000000
vt 0.519983 0.577981 0.000000
vt 0.905025 0.693267 0.000000
vt 0.897574 0.691270 0.000000
vt 0.960724 0.873696 0.000000
vt 0.960724 0.880810 0.000000
vt 0.519983 0.559839 0.000000
vt 0.576695 0.576283 0.000000
vt 0.576695 0.558765 0.000000
vt 0.579779 0.558766 0.000000
vt 0.579779 0.574878 0.000000
vt 0.828598 0.759617 0.000000
vt 0.838684 0.759617 0.000000
vt 0.840468 0.766415 0.000000
vt 0.828602 0.766415 0.000000
vt 0.569449 0.576281 0.000000
vt 0.569449 0.558762 0.000000
vt 0.742698 0.682943 0.000000
vt 0.742691 0.697665 0.000000
vt 0.748780 0.697665 0.000000
vt 0.748787 0.682943 0.000000
vt 0.043065 0.268915 0.000000
vt 0.031555 0.268915 0.000000
vt 0.031553 0.275417 0.000000
vt 0.043063 0.275417 0.000000
vt 0.735634 0.682943 0.000000
vt 0.735627 0.697665 0.000000
vt 0.926520 0.988209 0.000000
vt 0.942849 0.988215 0.000000
vt 0.448264 0.109245 0.000000
vt 0.445665 0.106651 0.000000
vt 0.460054 0.102437 0.000000
vt 0.459103 0.098893 0.000000
vt 0.473669 0.102438 0.000000
vt 0.474619 0.098893 0.000000
vt 0.485460 0.109245 0.000000
vt 0.488056 0.106651 0.000000
vt 0.561044 0.558758 0.000000
vt 0.561044 0.541240 0.000000
vt 0.569449 0.541245 0.000000
vt 0.483894 0.132407 0.000000
vt 0.483894 0.123279 0.000000
vt 0.479330 0.140311 0.000000
vt 0.930331 0.886942 0.000000
vt 0.947878 0.886942 0.000000
vt 0.971954 0.545109 0.000000
vt 0.971954 0.530715 0.000000
vt 0.963757 0.528174 0.000000
vt 0.963756 0.545109 0.000000
vt 0.918899 0.732059 0.000000
vt 0.936435 0.732059 0.000000
vt 0.471426 0.144875 0.000000
vt 0.462298 0.144875 0.000000
vt 0.454393 0.140311 0.000000
vt 0.449829 0.132407 0.000000
vt 0.449829 0.123279 0.000000
vt 0.043069 0.261371 0.000000
vt 0.561044 0.576276 0.000000
vt 0.424785 0.535874 0.000000
vt 0.417699 0.535874 0.000000
vt 0.414743 0.542398 0.000000
vt 0.423079 0.542398 0.000000
vt 0.359603 0.045951 0.000000
vt 0.367708 0.039415 0.000000
vt 0.349315 0.047559 0.000000
vt 0.348609 0.054140 0.000000
vt 0.339602 0.043807 0.000000
vt 0.335700 0.049154 0.000000
vt 0.333066 0.035701 0.000000
vt 0.327013 0.038381 0.000000
vt 0.331458 0.025414 0.000000
vt 0.324877 0.024708 0.000000
vt 0.335210 0.015700 0.000000
vt 0.329863 0.011799 0.000000
vt 0.343315 0.009165 0.000000
vt 0.340636 0.003112 0.000000
vt 0.353603 0.007557 0.000000
vt 0.354308 0.000976 0.000000
vt 0.363316 0.011308 0.000000
vt 0.367218 0.005962 0.000000
vt 0.903712 0.723291 0.000000
vt 0.369852 0.019414 0.000000
vt 0.375904 0.016735 0.000000
vt 0.371460 0.029702 0.000000
vt 0.378041 0.030407 0.000000
vt 0.899941 0.880810 0.000000
vt 0.899940 0.886943 0.000000
vt 0.912785 0.886942 0.000000
vt 0.059226 0.104945 0.000000
vt 0.055923 0.106401 0.000000
vt 0.058475 0.107875 0.000000
vt 0.061422 0.107875 0.000000
vt 0.062535 0.103035 0.000000
vt 0.063974 0.106401 0.000000
vt 0.065448 0.103849 0.000000
vt 0.065448 0.100902 0.000000
vt 0.057362 0.101716 0.000000
vt 0.054449 0.103849 0.000000
vt 0.060671 0.099805 0.000000
vt 0.063974 0.098349 0.000000
vt 0.055923 0.098349 0.000000
vt 0.054449 0.100902 0.000000
vt 0.425196 0.673055 0.000000
vt 0.423294 0.669761 0.000000
vt 0.420676 0.670465 0.000000
vt 0.423280 0.674974 0.000000
vt 0.955072 0.739331 0.000000
vt 0.971401 0.739324 0.000000
vt 0.971401 0.732704 0.000000
vt 0.955072 0.732711 0.000000
vt 0.514402 0.808006 0.000000
vt 0.509169 0.808006 0.000000
vt 0.507214 0.815304 0.000000
vt 0.516358 0.815304 0.000000
vt 0.533679 0.591263 0.000000
vt 0.971954 0.570040 0.000000
vt 0.971954 0.559503 0.000000
vt 0.963756 0.562044 0.000000
vt 0.963756 0.574440 0.000000
vt 0.428490 0.674957 0.000000
vt 0.427788 0.677577 0.000000
vt 0.504638 0.805390 0.000000
vt 0.499296 0.810732 0.000000
vt 0.432293 0.674957 0.000000
vt 0.432995 0.677577 0.000000
vt 0.502021 0.800858 0.000000
vt 0.494724 0.802814 0.000000
vt 0.435587 0.673055 0.000000
vt 0.437505 0.674974 0.000000
vt 0.502021 0.795625 0.000000
vt 0.494724 0.793670 0.000000
vt 0.437489 0.669761 0.000000
vt 0.440108 0.670465 0.000000
vt 0.504638 0.791094 0.000000
vt 0.499296 0.785751 0.000000
vt 0.437489 0.665958 0.000000
vt 0.440108 0.665258 0.000000
vt 0.970542 0.790522 0.000000
vt 0.970542 0.794378 0.000000
vt 0.962344 0.799460 0.000000
vt 0.962344 0.794922 0.000000
vt 0.058475 0.096876 0.000000
vt 0.061422 0.096876 0.000000
vt 0.970542 0.779985 0.000000
vt 0.962344 0.782525 0.000000
vt 0.575939 0.599672 0.000000
vt 0.581430 0.599672 0.000000
vt 0.581426 0.596981 0.000000
vt 0.575939 0.595643 0.000000
vt 0.575939 0.603700 0.000000
vt 0.581434 0.602363 0.000000
vt 0.391260 0.567074 0.000000
vt 0.392652 0.561348 0.000000
vt 0.390601 0.561348 0.000000
vt 0.388190 0.567070 0.000000
vt 0.395453 0.567076 0.000000
vt 0.395453 0.561348 0.000000
vt 0.399647 0.567074 0.000000
vt 0.398255 0.561348 0.000000
vt 0.402717 0.567070 0.000000
vt 0.400305 0.561348 0.000000
vt 0.987730 0.739331 0.000000
vt 0.987730 0.732711 0.000000
vt 0.509169 0.788477 0.000000
vt 0.507214 0.781180 0.000000
vt 0.435587 0.662664 0.000000
vt 0.437505 0.660749 0.000000
vt 0.514402 0.788477 0.000000
vt 0.516358 0.781180 0.000000
vt 0.432293 0.660762 0.000000
vt 0.432995 0.658145 0.000000
vt 0.518934 0.791094 0.000000
vt 0.524276 0.785751 0.000000
vt 0.428490 0.660762 0.000000
vt 0.427788 0.658145 0.000000
vt 0.521550 0.795625 0.000000
vt 0.528848 0.793670 0.000000
vt 0.425196 0.662664 0.000000
vt 0.423280 0.660749 0.000000
vt 0.521550 0.800858 0.000000
vt 0.528848 0.802814 0.000000
vt 0.423294 0.665958 0.000000
vt 0.420676 0.665258 0.000000
vt 0.214517 0.287217 0.000000
vt 0.219895 0.287218 0.000000
vt 0.219899 0.289854 0.000000
vt 0.214517 0.291163 0.000000
vt 0.518934 0.805390 0.000000
vt 0.524276 0.810732 0.000000
vt 0.214517 0.283271 0.000000
vt 0.219891 0.284582 0.000000
vt 0.214517 0.280382 0.000000
vt 0.219889 0.282652 0.000000
vt 0.174665 0.610209 0.000000
vt 0.179779 0.610209 0.000000
vt 0.179779 0.612722 0.000000
vt 0.174663 0.613970 0.000000
vt 0.174663 0.606448 0.000000
vt 0.179779 0.607697 0.000000
vt 0.581423 0.595011 0.000000
vt 0.575939 0.592694 0.000000
vt 0.894943 0.708104 0.000000
vt 0.918899 0.666612 0.000000
vt 0.903712 0.675380 0.000000
vt 0.960723 0.886942 0.000000
vt 0.894943 0.690567 0.000000
vt 0.697828 0.759745 0.000000
vt 0.691858 0.759756 0.000000
vt 0.693298 0.765256 0.000000
vt 0.700321 0.765244 0.000000
vt 0.115876 0.506659 0.000000
vt 0.106992 0.501530 0.000000
vt 0.100104 0.508418 0.000000
vt 0.113355 0.516068 0.000000
vt 0.101864 0.492647 0.000000
vt 0.092454 0.495168 0.000000
vt 0.101864 0.482389 0.000000
vt 0.092454 0.479868 0.000000
vt 0.106992 0.473505 0.000000
vt 0.100104 0.466617 0.000000
vt 0.899941 0.873696 0.000000
vt 0.115876 0.468377 0.000000
vt 0.113355 0.458967 0.000000
vt 0.683704 0.759760 0.000000
vt 0.683704 0.765261 0.000000
vt 0.126133 0.468377 0.000000
vt 0.128655 0.458967 0.000000
vt 0.135017 0.473505 0.000000
vt 0.141905 0.466617 0.000000
vt 0.140146 0.482389 0.000000
vt 0.149555 0.479868 0.000000
vt 0.140146 0.492647 0.000000
vt 0.149555 0.495168 0.000000
vt 0.135017 0.501530 0.000000
vt 0.141905 0.508418 0.000000
vt 0.126133 0.506659 0.000000
vt 0.128655 0.516068 0.000000
vt 0.097190 0.511336 0.000000
vt 0.112291 0.520055 0.000000
vt 0.088471 0.496235 0.000000
vt 0.088471 0.478798 0.000000
vt 0.971401 0.726997 0.000000
vt 0.955072 0.727004 0.000000
vt 0.097190 0.463697 0.000000
vt 0.112291 0.454978 0.000000
vt 0.129728 0.454978 0.000000
vt 0.144829 0.463697 0.000000
vt 0.153548 0.478798 0.000000
vt 0.153548 0.496235 0.000000
vt 0.144829 0.511336 0.000000
vt 0.129728 0.520055 0.000000
vt 0.951622 0.723291 0.000000
vt 0.960391 0.708104 0.000000
vt 0.970542 0.765591 0.000000
vt 0.962344 0.765591 0.000000
vt 0.936435 0.666612 0.000000
vt 0.526323 0.541699 0.000000
vt 0.519983 0.541697 0.000000
vt 0.575950 0.874089 0.000000
vt 0.575954 0.883562 0.000000
vt 0.581354 0.883562 0.000000
vt 0.581350 0.872417 0.000000
vt 0.533679 0.541699 0.000000
vt 0.970542 0.751197 0.000000
vt 0.962344 0.748656 0.000000
vt 0.951622 0.675380 0.000000
vt 0.575939 0.867155 0.000000
vt 0.581337 0.864259 0.000000
vt 0.526323 0.528418 0.000000
vt 0.519983 0.528416 0.000000
vt 0.324881 0.039322 0.000000
vt 0.334325 0.051035 0.000000
vt 0.910529 0.169027 0.000000
vt 0.910521 0.153934 0.000000
vt 0.904279 0.153934 0.000000
vt 0.904286 0.169027 0.000000
vt 0.833143 0.801035 0.000000
vt 0.828795 0.803545 0.000000
vt 0.830012 0.808083 0.000000
vt 0.836466 0.804357 0.000000
vt 0.937392 0.160818 0.000000
vt 0.935394 0.164279 0.000000
vt 0.937408 0.166292 0.000000
vt 0.940144 0.161553 0.000000
vt 0.835653 0.796687 0.000000
vt 0.840192 0.797903 0.000000
vt 0.931932 0.166278 0.000000
vt 0.932670 0.169027 0.000000
vt 0.835652 0.791667 0.000000
vt 0.840192 0.790451 0.000000
vt 0.927935 0.166278 0.000000
vt 0.927198 0.169027 0.000000
vt 0.833143 0.787320 0.000000
vt 0.836466 0.783997 0.000000
vt 0.924474 0.164279 0.000000
vt 0.922460 0.166291 0.000000
vt 0.828795 0.784809 0.000000
vt 0.830012 0.780271 0.000000
vt 0.533679 0.528418 0.000000
vt 0.575950 0.893034 0.000000
vt 0.575939 0.899968 0.000000
vt 0.581337 0.902864 0.000000
vt 0.581350 0.894706 0.000000
vt 0.922475 0.160818 0.000000
vt 0.919724 0.161553 0.000000
vt 0.960391 0.690567 0.000000
vt 0.823775 0.784809 0.000000
vt 0.822560 0.780271 0.000000
vt 0.922475 0.156821 0.000000
vt 0.919724 0.156081 0.000000
vt 0.819427 0.787319 0.000000
vt 0.816106 0.783997 0.000000
vt 0.924474 0.153359 0.000000
vt 0.922460 0.151343 0.000000
vt 0.816917 0.791667 0.000000
vt 0.812379 0.790451 0.000000
vt 0.927935 0.151361 0.000000
vt 0.927199 0.148607 0.000000
vt 0.816916 0.796687 0.000000
vt 0.812379 0.797903 0.000000
vt 0.931932 0.151361 0.000000
vt 0.932670 0.148607 0.000000
vt 0.910191 0.982509 0.000000
vt 0.910191 0.988215 0.000000
vt 0.910191 0.975888 0.000000
vt 0.819427 0.801035 0.000000
vt 0.816106 0.804357 0.000000
vt 0.935394 0.153359 0.000000
vt 0.937409 0.151343 0.000000
vt 0.823775 0.803545 0.000000
vt 0.822560 0.808083 0.000000
vt 0.457646 0.245606 0.000000
vt 0.452398 0.244326 0.000000
vt 0.452401 0.246211 0.000000
vt 0.457646 0.248427 0.000000
vt 0.056815 0.254473 0.000000
vt 0.055608 0.259417 0.000000
vt 0.053181 0.259417 0.000000
vt 0.053181 0.254475 0.000000
vt 0.050753 0.259417 0.000000
vt 0.049546 0.254473 0.000000
vt 0.618073 0.158773 0.000000
vt 0.615883 0.163954 0.000000
vt 0.614022 0.163957 0.000000
vt 0.615286 0.158773 0.000000
vt 0.611479 0.163960 0.000000
vt 0.611480 0.158772 0.000000
vt 0.608936 0.163964 0.000000
vt 0.607673 0.158772 0.000000
vt 0.575946 0.848397 0.000000
vt 0.581423 0.850706 0.000000
vt 0.581423 0.852669 0.000000
vt 0.575941 0.851337 0.000000
vt 0.581423 0.855351 0.000000
vt 0.575939 0.855351 0.000000
vt 0.581423 0.858033 0.000000
vt 0.575941 0.859366 0.000000
vt 0.581423 0.859997 0.000000
vt 0.575946 0.862305 0.000000
vt 0.457646 0.237900 0.000000
vt 0.452391 0.239179 0.000000
vt 0.452394 0.241753 0.000000
vt 0.457646 0.241754 0.000000
vt 0.405758 0.651933 0.000000
vt 0.404470 0.649701 0.000000
vt 0.403211 0.652645 0.000000
vt 0.405758 0.654511 0.000000
vt 0.402237 0.648412 0.000000
vt 0.400317 0.650974 0.000000
vt 0.399660 0.648412 0.000000
vt 0.397428 0.649701 0.000000
vt 0.404470 0.656743 0.000000
vt 0.401580 0.655470 0.000000
vt 0.398686 0.653799 0.000000
vt 0.396139 0.651933 0.000000
vt 0.402237 0.658032 0.000000
vt 0.399660 0.658032 0.000000
vt 0.397428 0.656743 0.000000
vt 0.396139 0.654511 0.000000
vt 0.742698 0.712388 0.000000
vt 0.748787 0.712388 0.000000
vt 0.735634 0.712388 0.000000
vt 0.675550 0.759756 0.000000
vt 0.674110 0.765256 0.000000
vt 0.751376 0.697665 0.000000
vt 0.751383 0.684125 0.000000
vt 0.751383 0.711206 0.000000
vt 0.808426 0.759617 0.000000
vt 0.811129 0.759617 0.000000
vt 0.808048 0.766415 0.000000
vt 0.804869 0.766415 0.000000
vt 0.576695 0.541247 0.000000
vt 0.579779 0.542654 0.000000
vt 0.901626 0.153934 0.000000
vt 0.901633 0.167816 0.000000
vt 0.910529 0.138841 0.000000
vt 0.904286 0.138841 0.000000
vt 0.669580 0.759745 0.000000
vt 0.667087 0.765244 0.000000
vt 0.086025 0.261370 0.000000
vt 0.086021 0.268915 0.000000
vt 0.937392 0.156821 0.000000
vt 0.940144 0.156082 0.000000
vt 0.086019 0.275418 0.000000
vt 0.818512 0.759617 0.000000
vt 0.816735 0.766415 0.000000
vt 0.971954 0.573897 0.000000
vt 0.963756 0.578978 0.000000
vt 0.917771 0.169027 0.000000
vt 0.917763 0.153934 0.000000
vt 0.569449 0.528421 0.000000
vt 0.576695 0.528423 0.000000
vt 0.561044 0.589100 0.000000
vt 0.569449 0.589105 0.000000
vt 0.031559 0.261370 0.000000
vt 0.415105 0.535874 0.000000
vt 0.411691 0.542398 0.000000
vt 0.917771 0.138841 0.000000
vt 0.901633 0.140052 0.000000
vt 0.987730 0.727004 0.000000
vt 0.044323 0.278186 0.000000
vt 0.339691 0.000976 0.000000
vt 0.327979 0.010420 0.000000
vt 0.576695 0.589107 0.000000
vt 0.378038 0.015787 0.000000
vt 0.368593 0.004074 0.000000
vt 0.479330 0.115374 0.000000
vt 0.471426 0.110810 0.000000
vt 0.462298 0.110810 0.000000
vt 0.454393 0.115374 0.000000
vt 0.561044 0.528416 0.000000
vt 0.973925 0.713509 0.000000
vt 0.973923 0.707742 0.000000
vt 0.988621 0.707742 0.000000
vt 0.988624 0.713509 0.000000
vt 0.973923 0.719276 0.000000
vt 0.988621 0.719276 0.000000
vt 0.973917 0.723499 0.000000
vt 0.988615 0.723499 0.000000
vt 0.973908 0.725044 0.000000
vt 0.988606 0.725044 0.000000
vt 0.978464 0.524675 0.000000
vt 0.978455 0.526221 0.000000
vt 0.963756 0.526221 0.000000
vt 0.963766 0.524675 0.000000
vt 0.978470 0.520453 0.000000
vt 0.963772 0.520453 0.000000
vt 0.978473 0.514686 0.000000
vt 0.963774 0.514686 0.000000
vt 0.978470 0.508919 0.000000
vt 0.963772 0.508919 0.000000
vt 0.978464 0.504697 0.000000
vt 0.963766 0.504697 0.000000
vt 0.978455 0.503151 0.000000
vt 0.963756 0.503151 0.000000
vt 0.973917 0.703520 0.000000
vt 0.973908 0.701974 0.000000
vt 0.988606 0.701974 0.000000
vt 0.988615 0.703520 0.000000
vt 0.933427 0.697577 0.000000
vt 0.933429 0.703572 0.000000
vt 0.918731 0.703572 0.000000
vt 0.918729 0.697577 0.000000
vt 0.933427 0.709567 0.000000
vt 0.918729 0.709567 0.000000
vt 0.933420 0.713956 0.000000
vt 0.918722 0.713956 0.000000
vt 0.933411 0.715562 0.000000
vt 0.918712 0.715562 0.000000
vt 0.919724 0.131355 0.000000
vt 0.921394 0.131364 0.000000
vt 0.921394 0.146644 0.000000
vt 0.919724 0.146635 0.000000
vt 0.925956 0.131371 0.000000
vt 0.925956 0.146651 0.000000
vt 0.932189 0.131374 0.000000
vt 0.932189 0.146654 0.000000
vt 0.938421 0.131371 0.000000
vt 0.938421 0.146651 0.000000
vt 0.942983 0.131364 0.000000
vt 0.942983 0.146644 0.000000
vt 0.944653 0.131355 0.000000
vt 0.944653 0.146635 0.000000
vt 0.933411 0.691582 0.000000
vt 0.933420 0.693188 0.000000
vt 0.918722 0.693188 0.000000
vt 0.918712 0.691582 0.000000
vt 0.925919 0.007581 0.000000
vt 0.923183 0.012319 0.000000
vt 0.926594 0.013233 0.000000
vt 0.928416 0.010078 0.000000
vt 0.930657 0.004845 0.000000
vt 0.931571 0.008257 0.000000
vt 0.936127 0.004845 0.000000
vt 0.935214 0.008257 0.000000
vt 0.940865 0.007581 0.000000
vt 0.938369 0.010079 0.000000
vt 0.943601 0.012319 0.000000
vt 0.940189 0.013233 0.000000
vt 0.943601 0.017789 0.000000
vt 0.940189 0.016876 0.000000
vt 0.940865 0.022527 0.000000
vt 0.938368 0.020030 0.000000
vt 0.936127 0.025263 0.000000
vt 0.935214 0.021851 0.000000
vt 0.930657 0.025263 0.000000
vt 0.931571 0.021852 0.000000
vt 0.925919 0.022527 0.000000
vt 0.928417 0.020031 0.000000
vt 0.923183 0.017790 0.000000
vt 0.926595 0.016876 0.000000
vt 0.968416 0.992201 0.000000
vt 0.971152 0.996939 0.000000
vt 0.973554 0.994537 0.000000
vt 0.971698 0.991323 0.000000
vt 0.975889 0.999674 0.000000
vt 0.976769 0.996393 0.000000
vt 0.981360 0.999674 0.000000
vt 0.980481 0.996393 0.000000
vt 0.986098 0.996939 0.000000
vt 0.983696 0.994537 0.000000
vt 0.988833 0.992201 0.000000
vt 0.985552 0.991322 0.000000
vt 0.988833 0.986730 0.000000
vt 0.985552 0.987610 0.000000
vt 0.986098 0.981992 0.000000
vt 0.983696 0.984396 0.000000
vt 0.981360 0.979257 0.000000
vt 0.980481 0.982539 0.000000
vt 0.975889 0.979257 0.000000
vt 0.976769 0.982539 0.000000
vt 0.971152 0.981992 0.000000
vt 0.973554 0.984395 0.000000
vt 0.968416 0.986730 0.000000
vt 0.971698 0.987610 0.000000
vt 0.536381 0.786498 0.000000
vt 0.787897 0.458621 0.000000
vt 0.787895 0.462117 0.000000
vt 0.787895 0.455125 0.000000
vt 0.977944 0.634535 0.000000
vt 0.609643 0.033744 0.000000
vt 0.609637 0.031196 0.000000
vt 0.366771 0.556145 0.000000
vt 0.356687 0.556150 0.000000
vt 0.609651 0.037225 0.000000
vt 0.376855 0.556150 0.000000
vt 0.609659 0.040705 0.000000
vt 0.977944 0.606448 0.000000
vt 0.977944 0.599305 0.000000
vt 0.002938 0.299161 0.000000
vt 0.000326 0.299167 0.000000
vt 0.977944 0.616205 0.000000
vt 0.006507 0.299159 0.000000
vt 0.977944 0.625962 0.000000
vt 0.010076 0.299161 0.000000
vt 0.832644 0.768373 0.000000
vt 0.840086 0.768387 0.000000
vt 0.839542 0.769366 0.000000
vt 0.012689 0.299167 0.000000
vt 0.822477 0.768368 0.000000
vt 0.519120 0.025762 0.000000
vt 0.519112 0.029242 0.000000
vt 0.812311 0.768373 0.000000
vt 0.519128 0.022281 0.000000
vt 0.804869 0.768387 0.000000
vt 0.805413 0.769366 0.000000
vt 0.519133 0.019733 0.000000
vt 0.305991 0.877559 0.000000
vt 0.297154 0.877573 0.000000
vt 0.297262 0.880830 0.000000
vt 0.306099 0.880816 0.000000
vt 0.074253 0.288057 0.000000
vt 0.062679 0.288052 0.000000
vt 0.318063 0.877554 0.000000
vt 0.318171 0.880811 0.000000
vt 0.085827 0.288052 0.000000
vt 0.330135 0.877559 0.000000
vt 0.330242 0.880816 0.000000
vt 0.972246 0.877494 0.000000
vt 0.968485 0.869720 0.000000
vt 0.968484 0.877494 0.000000
vt 0.338972 0.877573 0.000000
vt 0.339080 0.880830 0.000000
vt 0.972246 0.801963 0.000000
vt 0.968485 0.801964 0.000000
vt 0.469229 0.047061 0.000000
vt 0.475273 0.036592 0.000000
vt 0.473954 0.036238 0.000000
vt 0.469985 0.047819 0.000000
vt 0.476306 0.036871 0.000000
vt 0.475273 0.024505 0.000000
vt 0.476306 0.024229 0.000000
vt 0.968484 0.859100 0.000000
vt 0.469229 0.014036 0.000000
vt 0.469985 0.013281 0.000000
vt 0.458761 0.007992 0.000000
vt 0.458407 0.009311 0.000000
vt 0.459037 0.006961 0.000000
vt 0.446673 0.007992 0.000000
vt 0.446395 0.006961 0.000000
vt 0.436205 0.014036 0.000000
vt 0.435448 0.013281 0.000000
vt 0.971406 0.489071 0.000000
vt 0.971406 0.500521 0.000000
vt 0.972643 0.500689 0.000000
vt 0.972643 0.489071 0.000000
vt 0.430161 0.024505 0.000000
vt 0.429127 0.024229 0.000000
vt 0.971406 0.477620 0.000000
vt 0.972643 0.477452 0.000000
vt 0.430161 0.036592 0.000000
vt 0.429127 0.036871 0.000000
vt 0.971406 0.469237 0.000000
vt 0.972643 0.468947 0.000000
vt 0.436205 0.047061 0.000000
vt 0.435448 0.047819 0.000000
vt 0.318063 0.876269 0.000000
vt 0.306165 0.876274 0.000000
vt 0.446673 0.053105 0.000000
vt 0.446396 0.054140 0.000000
vt 0.329961 0.876274 0.000000
vt 0.458761 0.053105 0.000000
vt 0.459037 0.054140 0.000000
vt 0.969812 0.343525 0.000000
vt 0.969812 0.351955 0.000000
vt 0.968568 0.352246 0.000000
vt 0.969812 0.332009 0.000000
vt 0.969812 0.320494 0.000000
vt 0.181859 0.593014 0.000000
vt 0.181846 0.584183 0.000000
vt 0.183149 0.583878 0.000000
vt 0.181864 0.605078 0.000000
vt 0.181859 0.617141 0.000000
vt 0.181846 0.625972 0.000000
vt 0.431480 0.024858 0.000000
vt 0.447027 0.051785 0.000000
vt 0.643527 0.820228 0.000000
vt 0.850034 0.464070 0.000000
vt 0.842421 0.471683 0.000000
vt 0.878444 0.471683 0.000000
vt 0.870831 0.464070 0.000000
vt 0.870831 0.500092 0.000000
vt 0.878444 0.492480 0.000000
vt 0.975777 0.489580 0.000000
vt 0.975777 0.477962 0.000000
vt 0.186451 0.583769 0.000000
vt 0.972246 0.838752 0.000000
vt 0.968485 0.838752 0.000000
vt 0.975777 0.501198 0.000000
vt 0.842421 0.492480 0.000000
vt 0.850034 0.500092 0.000000
vt 0.115530 0.054140 0.000000
vt 0.434962 0.579701 0.000000
vt 0.453813 0.579509 0.000000
vt 0.449388 0.575869 0.000000
vt 0.439517 0.575869 0.000000
vt 0.437175 0.589294 0.000000
vt 0.453813 0.584246 0.000000
vt 0.434962 0.584502 0.000000
vt 0.979997 0.901840 0.000000
vt 0.976382 0.901840 0.000000
vt 0.972770 0.901840 0.000000
vt 0.984807 0.905186 0.000000
vt 0.967949 0.905050 0.000000
vt 0.985993 0.909876 0.000000
vt 0.966672 0.909694 0.000000
vt 0.976281 0.917695 0.000000
vt 0.979894 0.917695 0.000000
vt 0.984716 0.914511 0.000000
vt 0.967595 0.909703 0.000000
vt 0.968666 0.905583 0.000000
vt 0.970193 0.909725 0.000000
vt 0.971961 0.909740 0.000000
vt 0.972219 0.907636 0.000000
vt 0.970757 0.906798 0.000000
vt 0.973734 0.904367 0.000000
vt 0.976369 0.904175 0.000000
vt 0.976378 0.902237 0.000000
vt 0.973025 0.902443 0.000000
vt 0.970549 0.903377 0.000000
vt 0.970114 0.902770 0.000000
vt 0.974347 0.905753 0.000000
vt 0.976361 0.905647 0.000000
vt 0.971786 0.904945 0.000000
vt 0.979928 0.913490 0.000000
vt 0.980874 0.914596 0.000000
vt 0.981905 0.912751 0.000000
vt 0.980445 0.911910 0.000000
vt 0.982226 0.903434 0.000000
vt 0.984079 0.905702 0.000000
vt 0.982675 0.902824 0.000000
vt 0.980704 0.909807 0.000000
vt 0.982472 0.909826 0.000000
vt 0.981959 0.906880 0.000000
vt 0.980480 0.907695 0.000000
vt 0.972679 0.913442 0.000000
vt 0.974291 0.913765 0.000000
vt 0.973912 0.912139 0.000000
vt 0.972185 0.911849 0.000000
vt 0.976303 0.913893 0.000000
vt 0.976314 0.912284 0.000000
vt 0.978316 0.913788 0.000000
vt 0.978716 0.912172 0.000000
vt 0.973727 0.909753 0.000000
vt 0.970447 0.916094 0.000000
vt 0.972926 0.917078 0.000000
vt 0.973659 0.915148 0.000000
vt 0.971712 0.914540 0.000000
vt 0.976332 0.909771 0.000000
vt 0.968591 0.913848 0.000000
vt 0.970708 0.912666 0.000000
vt 0.978938 0.909791 0.000000
vt 0.985070 0.909858 0.000000
vt 0.970002 0.916693 0.000000
vt 0.972664 0.917695 0.000000
vt 0.976285 0.917299 0.000000
vt 0.978374 0.905776 0.000000
vt 0.979988 0.906099 0.000000
vt 0.980957 0.904998 0.000000
vt 0.979006 0.904390 0.000000
vt 0.973947 0.907371 0.000000
vt 0.983995 0.913972 0.000000
vt 0.982107 0.916158 0.000000
vt 0.982539 0.916756 0.000000
vt 0.979638 0.917093 0.000000
vt 0.972734 0.906053 0.000000
vt 0.976350 0.907258 0.000000
vt 0.979737 0.902457 0.000000
vt 0.978753 0.907404 0.000000
vt 0.978929 0.915172 0.000000
vt 0.447061 0.580058 0.000000
vt 0.447818 0.578562 0.000000
vt 0.444645 0.578316 0.000000
vt 0.444741 0.579927 0.000000
vt 0.449944 0.579293 0.000000
vt 0.451509 0.577722 0.000000
vt 0.448853 0.576463 0.000000
vt 0.441815 0.588307 0.000000
vt 0.441065 0.586685 0.000000
vt 0.439686 0.587593 0.000000
vt 0.441010 0.589474 0.000000
vt 0.437462 0.577809 0.000000
vt 0.436606 0.577178 0.000000
vt 0.435984 0.580353 0.000000
vt 0.440450 0.584498 0.000000
vt 0.440321 0.582269 0.000000
vt 0.438551 0.581478 0.000000
vt 0.438589 0.584565 0.000000
vt 0.449173 0.588137 0.000000
vt 0.449509 0.586480 0.000000
vt 0.447812 0.586809 0.000000
vt 0.447593 0.588513 0.000000
vt 0.445376 0.586982 0.000000
vt 0.445573 0.588663 0.000000
vt 0.442889 0.586902 0.000000
vt 0.443508 0.588571 0.000000
vt 0.449567 0.584289 0.000000
vt 0.447809 0.584308 0.000000
vt 0.451722 0.590860 0.000000
vt 0.450258 0.589258 0.000000
vt 0.448403 0.589949 0.000000
vt 0.449423 0.591965 0.000000
vt 0.445092 0.584346 0.000000
vt 0.453425 0.584258 0.000000
vt 0.451210 0.584279 0.000000
vt 0.451006 0.587298 0.000000
vt 0.453122 0.588465 0.000000
vt 0.442323 0.584421 0.000000
vt 0.435891 0.584677 0.000000
vt 0.452317 0.591600 0.000000
vt 0.449913 0.592685 0.000000
vt 0.446066 0.592229 0.000000
vt 0.446266 0.592685 0.000000
vt 0.442405 0.580095 0.000000
vt 0.441454 0.578596 0.000000
vt 0.439296 0.579398 0.000000
vt 0.440610 0.580529 0.000000
vt 0.449316 0.582100 0.000000
vt 0.447497 0.581798 0.000000
vt 0.437743 0.588888 0.000000
vt 0.439772 0.591660 0.000000
vt 0.440005 0.591102 0.000000
vt 0.442651 0.592040 0.000000
vt 0.442624 0.592685 0.000000
vt 0.445782 0.590202 0.000000
vt 0.443078 0.590024 0.000000
vt 0.444480 0.575869 0.000000
vt 0.444543 0.576155 0.000000
vt 0.448831 0.580424 0.000000
vt 0.453032 0.580119 0.000000
vt 0.450838 0.581273 0.000000
vt 0.452200 0.577113 0.000000
vt 0.442188 0.581876 0.000000
vt 0.453813 0.589130 0.000000
vt 0.444858 0.581671 0.000000
vt 0.440189 0.576474 0.000000
vt 0.976294 0.915363 0.000000
vt 0.967859 0.914369 0.000000
# 6303 texture coordinates

o forklift
usemtl default
f 1457/4/4 321/3/3 1612/2/2 1799/1/1
f 1454/6/5 1457/4/4 1799/1/1 1743/5/5
f 1452/10/6 1454/9/5 1743/8/5 1745/7/6
f 1449/12/7 1452/10/6 1745/7/6 1771/11/7
f 1794/14/8 1445/13/8 1449/12/7 1771/11/7
f 1723/18/9 1717/17/10 1792/16/10 2415/15/9
f 1719/22/11 1723/21/9 2415/20/9 2485/19/11
f 1716/24/12 1719/22/11 2485/19/11 2028/23/12
f 1711/27/15 58/26/14 797/25/13
f 5/31/17 6/30/17 7/29/16 4/28/16
f 11/35/18 8/34/18 4/33/18 7/32/18
f 2/39/19 1/38/20 11/37/20 10/36/19
f 1/41/21 12/40/21 8/34/21 11/35/21
f 12/45/22 3/44/23 9/43/23 8/42/22
f 8/42/24 9/43/25 5/47/25 4/46/24
f 10/36/26 11/37/27 7/49/27 6/48/26
f 19/51/28 6/30/17 5/31/17 16/50/28
f 16/55/29 20/54/29 23/53/29 19/52/29
f 23/57/30 13/56/30 2/39/19 10/36/19
f 20/54/31 24/59/31 13/58/31 23/53/31
f 9/43/23 3/44/23 24/61/32 20/60/32
f 5/47/25 9/43/25 20/60/33 16/62/33
f 19/63/34 23/57/34 10/36/26 6/48/26
f 820/67/36 819/66/36 43/65/35 46/64/35
f 18/71/34 15/70/34 1894/69/26 1890/68/26
f 51/75/37 56/74/37 55/73/37 1357/72/37
f 807/78/39 1046/77/39 44/76/38 46/64/38
f 140/82/41 152/81/41 138/80/40 136/79/40
f 1046/77/43 803/84/43 45/83/42 44/76/42
f 1364/86/44 1397/85/44 56/74/44 51/75/44
f 971/89/48 824/88/47 45/83/46 47/87/45
f 130/91/49 148/90/49 136/79/40 138/80/40
f 1179/94/52 827/93/51 48/92/50 47/87/45
f 838/96/54 995/95/53 48/92/50 827/93/51
f 1186/98/56 1122/97/55 48/92/50 995/95/53
f 1589/102/60 1590/101/59 1400/100/58 1742/99/57
f 411/106/64 402/105/63 110/104/62 410/103/61
f 952/110/68 898/109/67 888/108/66 883/107/65
f 920/112/70 842/111/69 898/109/67 952/110/68
f 954/115/73 988/114/72 970/113/71
f 1004/117/75 990/116/74 970/113/71 988/114/72
f 1047/121/79 811/120/78 1541/119/77 1212/118/76
f 906/125/81 843/124/81 1525/123/80 1527/122/80
f 27/128/82 29/127/82 25/126/82
f 28/132/83 30/131/83 29/130/83 27/129/83
f 26/134/84 28/132/84 27/129/84 41/133/84
f 29/127/85 31/135/85 25/126/85
f 30/131/86 32/137/86 31/136/86 29/130/86
f 41/138/87 27/128/87 25/126/87
f 31/135/88 33/139/88 25/126/88
f 32/137/89 34/141/89 33/140/89 31/136/89
f 40/143/90 26/134/90 41/133/90 39/142/90
f 33/139/91 35/144/91 25/126/91
f 34/141/92 36/146/92 35/145/92 33/140/92
f 39/147/93 41/138/93 25/126/93
f 35/144/94 37/148/94 25/126/94
f 36/146/95 38/150/95 37/149/95 35/145/95
f 38/152/96 40/143/96 39/142/96 37/151/96
f 37/148/97 39/147/97 25/126/97
f 1673/156/98 1646/155/98 1665/154/98 1209/153/98
f 161/160/102 406/159/101 124/158/100 2459/157/99
f 563/164/106 385/163/105 177/162/104 570/161/103
f 1674/166/107 1673/156/107 1209/153/107 1259/165/107
f 159/170/108 2291/169/108 2428/168/108 1336/167/108
f 1502/174/110 1503/173/110 1507/172/109 1671/171/109
f 1499/178/112 1502/177/112 1671/176/111 1785/175/111
f 2020/182/113 2019/181/114 1997/180/114 2002/179/113
f 408/186/115 172/185/115 104/184/115 2449/183/115
f 1267/188/117 570/161/103 177/162/104 409/187/116
f 409/190/108 159/170/108 1336/167/108 1267/189/108
f 1655/194/119 1575/193/119 1634/192/118 1620/191/118
f 2449/183/120 104/184/120 165/196/120 418/195/120
f 411/199/121 410/198/122 169/197/122 2291/169/121
f 1672/201/124 1655/194/124 1620/191/123 1473/200/123
f 418/195/125 165/196/125 106/203/125 2450/202/125
f 60/207/126 62/206/126 68/205/126 64/204/126
f 84/211/128 83/210/128 61/209/127 90/208/127
f 61/215/129 83/214/130 59/213/130 80/212/129
f 75/219/131 82/218/131 60/217/131 64/216/131
f 73/223/132 79/222/133 62/221/133 70/220/132
f 59/227/134 73/226/135 70/225/135 67/224/134
f 67/224/136 70/225/136 62/229/136 60/228/136
f 77/233/137 71/232/138 89/231/138 66/230/137
f 66/230/137 72/235/139 81/234/139 77/233/137
f 76/239/140 82/238/140 81/237/140 80/236/140
f 91/243/108 63/242/108 79/241/108 73/240/108
f 63/242/108 86/245/108 69/244/108 79/241/108
f 72/235/139 61/215/129 80/212/129 81/234/139
f 79/222/133 69/247/141 68/246/141 62/221/133
f 86/251/142 63/250/143 74/249/143 85/248/142
f 73/240/108 59/253/108 83/252/108 91/243/108
f 71/255/108 69/244/108 86/245/108 89/254/108
f 87/257/144 91/256/144 83/210/128 84/211/128
f 65/261/140 72/260/140 66/259/140 88/258/140
f 61/263/140 72/260/140 65/261/140 90/262/140
f 77/265/140 81/237/140 82/238/140 75/264/140
f 91/267/145 87/266/145 74/249/143 63/250/143
f 64/204/146 68/205/147 69/269/147 71/268/146
f 80/271/148 59/227/134 67/224/134 76/270/148
f 89/275/149 86/274/150 85/273/150 78/272/149
f 89/275/149 78/272/149 88/277/151 66/276/151
f 71/268/146 77/279/152 75/278/152 64/204/146
f 67/281/153 60/217/153 82/218/153 76/280/153
f 1340/285/155 1661/284/155 1667/283/154 1416/282/154
f 388/289/156 385/288/156 172/287/156 408/286/156
f 406/291/158 177/162/158 385/163/157 388/290/157
f 2434/293/159 109/292/159 169/197/159 410/198/159
f 1347/297/160 1340/296/160 1416/295/160 1375/294/160
f 415/299/162 205/298/162 165/196/161 104/184/161
f 1258/301/163 172/300/164 385/163/164 563/164/163
f 411/199/121 2291/169/121 159/170/165 2459/302/165
f 104/184/167 172/185/167 1258/303/166 415/299/166
f 1209/153/168 1665/154/168 1670/305/168 1308/304/168
f 161/306/169 409/187/169 177/162/158 406/291/158
f 410/103/61 110/104/62 2129/308/171 2434/307/170
f 1259/165/172 1209/153/172 1308/304/172 1307/309/172
f 169/197/174 109/292/174 156/311/173 2429/310/173
f 1718/315/175 1708/314/176 1208/313/176 872/312/175
f 406/159/101 388/289/178 408/286/177 124/158/100
f 2459/302/165 159/170/165 409/190/179 161/316/179
f 1307/320/180 1722/319/181 985/318/181 1669/317/180
f 2450/322/183 2129/308/171 110/104/62 418/321/182
f 1713/324/184 1416/282/154 1667/283/154 1644/323/184
f 2291/169/108 169/197/108 2429/310/108 2428/168/108
f 2449/325/185 418/321/182 110/104/62 402/105/63
f 402/105/63 124/158/100 408/286/177 2449/325/185
f 420/329/186 430/328/186 446/327/186 453/326/186
f 421/333/187 424/332/187 438/331/187 439/330/187
f 424/332/188 426/335/188 436/334/188 438/331/188
f 545/339/70 510/338/70 519/337/70 538/336/70
f 171/343/189 1257/342/190 1217/341/190 412/340/189
f 144/347/191 131/346/191 139/345/191 140/344/191
f 140/344/192 136/349/192 145/348/192 144/347/192
f 146/353/193 128/352/193 127/351/193 142/350/193
f 129/357/194 151/356/194 152/355/194 149/354/194
f 126/361/195 127/360/195 128/359/195 133/358/195
f 129/365/196 131/364/196 153/363/196 154/362/196
f 133/369/197 134/368/197 141/367/197 126/366/197
f 126/366/198 141/367/198 148/371/198 147/370/198
f 136/349/192 148/371/192 141/367/192 145/348/192
f 146/353/200 142/350/200 143/373/199 132/372/199
f 142/350/201 127/351/201 125/375/201 130/374/201
f 137/377/202 153/376/202 131/346/202 144/347/202
f 135/378/204 145/348/204 141/367/203 134/368/203
f 132/372/199 143/373/199 151/356/205 150/379/205
f 131/364/206 129/365/206 149/381/206 139/380/206
f 147/383/207 125/382/207 127/360/207 126/361/207
f 137/377/208 144/347/208 145/348/204 135/378/204
f 138/384/209 152/355/209 151/356/209 143/373/209
f 154/385/210 150/379/210 151/356/210 129/357/210
f 130/374/209 138/384/209 143/373/209 142/350/209
f 1142/389/213 1200/388/213 534/387/212 512/386/211
f 507/391/70 517/390/70 510/338/70 545/339/70
f 519/395/217 510/394/216 756/393/215 533/392/214
f 473/399/218 179/398/218 407/397/218 480/396/218
f 527/403/219 516/402/220 539/401/220 541/400/219
f 516/402/220 507/405/221 537/404/221 539/401/220
f 512/386/211 750/408/224 551/407/223 521/406/222
f 480/412/227 524/411/226 506/410/225 753/409/225
f 518/416/70 523/415/70 511/414/70 528/413/70
f 1123/420/229 1215/419/229 403/418/228 184/417/228
f 512/386/211 521/406/222 1141/421/231 1142/389/230
f 1121/425/235 1124/424/234 175/423/233 166/422/232
f 538/336/70 519/337/70 1238/427/70 1139/426/70
f 512/386/211 534/387/212 755/428/236 750/408/224
f 1582/432/240 1578/431/239 1633/430/238 2270/429/237
f 524/411/226 521/406/222 551/407/223 506/410/241
f 1144/433/242 1141/421/231 521/406/222 524/411/226
f 526/437/246 511/436/245 754/435/244 499/434/243
f 1583/439/248 2268/438/247 1578/431/239 1582/432/240
f 1603/441/249 2277/440/250 2268/438/250 1583/439/249
f 189/445/251 193/444/251 200/443/251 198/442/251
f 187/449/252 189/448/252 198/447/252 194/446/252
f 193/453/253 191/452/253 196/451/253 200/450/253
f 188/455/254 187/449/254 194/446/254 199/454/254
f 191/452/255 186/457/255 195/456/255 196/451/255
f 186/457/256 185/459/256 197/458/256 195/456/256
f 185/463/257 190/462/257 192/461/257 197/460/257
f 185/459/258 186/457/258 191/452/258 193/453/258
f 190/465/259 188/455/259 199/454/259 192/464/259
f 199/469/260 195/468/260 197/467/260 192/466/260
f 199/471/261 194/470/261 196/451/261 195/456/261
f 190/465/262 189/448/262 187/449/262 188/455/262
f 194/473/263 198/442/263 200/443/263 196/472/263
f 185/463/264 193/475/264 189/474/264 190/462/264
f 184/417/266 175/423/233 1124/424/234 1123/420/265
f 517/479/269 515/478/268 536/477/268 752/476/267
f 527/483/70 526/482/70 515/481/70 516/480/70
f 516/480/70 515/481/70 517/390/70 507/391/70
f 517/479/269 752/476/267 756/485/271 510/484/270
f 1692/489/272 1721/488/272 997/487/272 1753/486/272
f 1715/491/273 1718/315/273 872/312/273 1642/490/273
f 1708/314/176 1569/493/274 1572/492/274 1208/313/176
f 1705/497/275 1524/496/276 1523/495/276 955/494/275
f 1785/175/277 1682/500/277 1640/499/277 1505/498/277
f 1473/504/278 1674/503/279 1645/502/279 1513/501/278
f 1700/508/280 1701/507/281 1002/506/281 2310/505/280
f 1682/511/282 1347/297/282 1656/510/282 1640/509/282
f 1674/515/279 1259/514/283 1663/513/283 1645/512/279
f 254/519/285 246/518/285 256/517/284 273/516/284
f 217/523/286 218/522/286 362/521/286 367/520/286
f 1783/526/287 1499/178/288 798/525/288 890/524/287
f 259/530/289 260/529/289 251/528/289 250/527/289
f 224/534/291 1766/533/291 1804/532/290 223/531/290
f 277/538/293 265/537/293 266/536/292 278/535/292
f 279/541/295 268/540/295 259/530/294 275/539/294
f 223/531/290 1804/532/290 1679/543/296 370/542/296
f 2124/547/297 2121/546/297 3561/545/297 3559/544/297
f 349/551/298 297/550/299 299/549/299 348/548/298
f 367/520/300 362/521/300 276/553/300 233/552/300
f 2125/555/301 2124/547/301 3559/544/301 3557/554/301
f 284/559/302 253/558/303 2102/557/303 351/556/302
f 341/563/304 328/562/305 331/561/305 338/560/304
f 253/558/303 252/565/306 2101/564/306 2102/557/303
f 252/565/306 247/567/307 2100/566/307 2101/564/306
f 270/570/308 271/569/308 265/537/308 261/568/308
f 261/568/309 265/537/309 256/517/309 255/571/309
f 271/569/310 274/572/310 266/536/310 265/537/310
f 378/576/311 359/575/311 368/574/311 222/573/311
f 222/573/312 368/574/312 363/578/312 220/577/312
f 246/518/313 248/579/313 218/522/313 217/523/313
f 296/582/314 278/581/315 279/580/315 297/550/314
f 343/586/316 324/585/317 328/584/317 341/583/316
f 218/522/318 221/588/318 361/587/318 362/521/318
f 247/567/307 244/590/319 2099/589/319 2100/566/307
f 358/592/320 217/523/320 367/520/320 372/591/320
f 295/594/321 277/593/322 278/581/322 296/582/321
f 278/535/323 266/536/323 268/540/295 279/541/295
f 244/590/319 243/596/324 2098/595/324 2099/589/319
f 1419/600/325 1672/599/326 1504/598/326 1639/597/325
f 264/602/328 250/527/328 248/579/327 263/601/327
f 275/539/329 259/530/329 250/527/328 264/602/328
f 282/604/330 343/586/316 341/583/316 281/603/330
f 297/550/299 279/580/331 275/605/331 299/549/299
f 248/579/332 250/527/332 221/588/332 218/522/332
f 255/571/333 256/517/333 246/518/333 241/606/333
f 241/606/334 246/518/334 217/523/334 358/592/334
f 243/596/324 240/608/335 375/607/335 2098/595/324
f 240/608/335 238/610/336 369/609/336 375/607/335
f 238/610/336 236/612/337 365/611/337 369/609/336
f 292/614/338 349/551/298 348/548/298 287/613/338
f 236/612/337 235/616/339 364/615/339 365/611/337
f 235/616/339 232/618/340 357/617/340 364/615/339
f 232/618/340 230/620/341 353/619/341 357/617/340
f 350/624/342 346/623/342 305/622/342 298/621/342
f 363/578/343 260/529/343 269/626/343 356/625/343
f 298/621/344 305/622/344 285/628/344 283/627/344
f 230/620/341 284/559/302 351/556/302 353/619/341
f 284/632/345 230/631/345 317/630/345 347/629/345
f 239/636/347 320/635/347 258/634/346 225/633/346
f 253/638/349 284/632/349 347/629/348 345/637/348
f 252/642/351 253/641/351 345/640/350 340/639/350
f 327/644/352 350/624/352 298/621/352 294/643/352
f 247/646/354 252/642/354 340/639/353 339/645/353
f 244/650/356 247/649/356 339/648/355 337/647/355
f 243/652/357 244/650/357 337/647/357 336/651/357
f 290/656/358 333/655/359 354/654/359 291/653/358
f 219/657/360 356/625/360 305/622/360 346/623/360
f 240/659/361 243/652/361 336/651/361 330/658/361
f 238/663/363 240/662/363 330/661/362 326/660/362
f 352/665/364 327/644/364 294/643/364 289/664/364
f 236/667/366 238/663/366 326/660/365 325/666/365
f 273/516/367 256/517/367 265/537/293 277/538/293
f 289/664/368 294/643/368 274/572/368 271/569/368
f 235/669/370 236/667/370 325/666/369 323/668/369
f 308/673/371 307/672/371 2139/671/371 2144/670/371
f 281/675/372 341/563/304 338/560/304 280/674/372
f 352/679/374 319/678/374 322/677/373 327/676/373
f 250/527/375 251/528/375 234/680/375 221/588/375
f 232/682/377 235/669/377 323/668/376 318/681/376
f 274/572/378 283/627/378 268/540/378 266/536/378
f 332/684/379 273/683/380 277/593/380 295/594/379
f 370/686/381 352/665/381 289/664/381 288/685/381
f 230/631/382 232/688/382 318/687/382 317/630/382
f 356/625/383 269/626/383 285/628/383 305/622/383
f 331/561/384 254/689/385 273/683/385 332/684/384
f 368/574/386 251/528/386 260/529/386 363/578/386
f 280/674/387 338/560/388 335/691/388 286/690/387
f 294/643/389 298/621/389 283/627/389 274/572/389
f 318/681/376 323/668/376 315/693/376 303/692/376
f 323/668/369 325/666/369 314/694/390 315/693/390
f 325/666/365 326/660/365 313/695/391 314/694/391
f 328/562/305 263/696/392 254/689/392 331/561/305
f 326/660/362 330/661/362 312/697/393 313/695/393
f 291/653/394 354/654/395 349/551/395 292/614/394
f 348/548/396 299/549/397 324/585/397 343/586/396
f 324/585/317 264/699/398 263/698/398 328/584/317
f 330/658/361 336/651/361 311/701/399 312/700/399
f 336/651/357 337/647/357 310/702/400 311/701/400
f 362/521/401 361/587/401 301/703/401 276/553/401
f 287/613/402 348/548/396 343/586/396 282/604/402
f 370/542/296 1679/543/296 319/678/374 352/679/374
f 361/587/403 359/575/403 378/576/403 301/703/403
f 378/707/405 373/706/405 1836/705/404 301/704/404
f 263/601/406 248/579/406 246/518/285 254/519/285
f 301/704/404 1836/705/404 1428/709/407 276/708/407
f 337/647/355 339/648/355 309/710/355 310/702/355
f 339/645/353 340/639/353 308/673/408 309/711/408
f 340/639/350 345/640/350 307/672/409 308/673/409
f 276/708/407 1428/709/407 1683/713/410 233/712/410
f 233/712/410 1683/713/410 320/635/347 239/636/347
f 2115/717/411 2217/716/412 2211/715/412 2116/714/411
f 288/685/413 289/664/413 271/569/413 270/570/413
f 309/711/414 308/673/414 2144/670/414 2156/718/414
f 2117/722/415 2208/721/416 2198/720/416 2119/719/415
f 345/637/348 347/629/348 306/724/349 307/723/349
f 310/702/417 309/710/417 2156/726/417 2165/725/417
f 2103/728/419 2119/719/419 2198/720/418 3556/727/418
f 286/690/420 335/691/421 333/655/421 290/656/420
f 338/560/388 331/561/384 332/684/384 335/691/388
f 359/575/422 234/680/422 251/528/422 368/574/422
f 354/654/395 296/582/314 297/550/314 349/551/395
f 222/730/423 1754/729/423 373/706/405 378/707/405
f 299/549/397 275/605/424 264/699/424 324/585/397
f 358/592/425 372/591/425 262/731/425 241/606/425
f 347/629/345 317/630/345 304/732/426 306/724/426
f 261/568/427 376/733/427 288/685/427 270/570/427
f 333/655/359 295/594/321 296/582/321 354/654/359
f 317/630/382 318/687/382 303/734/428 304/732/428
f 220/736/429 1759/735/429 1754/729/423 222/730/423
f 219/738/430 355/737/430 1759/735/429 220/736/429
f 220/577/431 363/578/431 356/625/431 219/657/431
f 2114/742/432 2112/741/432 2236/740/432 2223/739/432
f 2115/744/434 2114/742/434 2223/739/433 2217/743/433
f 1347/297/435 1375/294/435 1666/745/435 1656/510/435
f 2116/714/436 2211/715/437 2208/721/437 2117/722/436
f 2229/749/438 2225/748/439 2179/747/439 2190/746/438
f 372/591/440 239/751/440 225/750/440 262/731/440
f 262/731/441 225/750/441 224/753/441 344/752/441
f 2190/757/442 2179/756/442 2180/755/442 2189/754/442
f 2225/748/439 2219/759/443 2181/758/443 2179/747/439
f 268/540/444 269/626/444 260/529/444 259/530/444
f 2179/756/445 2181/761/445 2182/760/445 2180/755/445
f 2219/759/443 2212/763/446 2183/762/446 2181/758/443
f 344/752/447 224/753/447 223/764/447 376/733/447
f 2181/758/448 2183/762/448 2184/766/448 2182/765/448
f 2212/763/446 2209/768/449 2185/767/449 2183/762/446
f 335/691/421 332/684/379 295/594/379 333/655/421
f 1259/514/283 1307/320/180 1669/317/180 1663/513/283
f 2183/772/450 2185/771/450 2186/770/450 2184/769/450
f 2209/768/449 2202/774/451 2187/773/451 2185/767/449
f 225/633/346 258/634/346 1766/776/291 224/775/291
f 2185/771/452 2187/778/452 2247/777/452 2186/770/452
f 2202/774/451 3557/780/453 231/779/453 2187/773/451
f 372/591/454 367/520/454 233/552/454 239/751/454
f 346/782/455 1774/781/455 355/737/430 219/738/430
f 221/588/456 234/680/456 359/575/456 361/587/456
f 255/571/457 344/752/457 376/733/457 261/568/457
f 241/606/458 262/731/458 344/752/458 255/571/458
f 376/733/459 223/764/459 370/686/459 288/685/459
f 2187/773/460 231/779/460 237/784/460 2247/783/460
f 3558/788/461 3556/787/461 237/786/461 245/785/461
f 350/790/462 2193/789/462 1774/781/455 346/782/455
f 327/676/373 322/677/373 2193/789/462 350/790/462
f 245/785/463 237/786/463 231/792/463 242/791/463
f 3560/794/464 3558/788/464 245/785/464 267/793/464
f 267/793/465 245/785/465 242/791/465 249/795/465
f 3562/797/466 3560/794/466 267/793/466 293/796/466
f 283/627/467 285/628/467 269/626/467 268/540/467
f 1720/801/469 2304/800/469 1008/799/468 1706/798/468
f 637/805/473 42/804/472 123/803/471 646/802/470
f 207/809/477 179/808/476 155/807/475 182/806/474
f 182/806/474 155/807/475 157/811/479 183/810/478
f 183/810/478 157/811/479 158/813/481 160/812/480
f 160/812/480 158/813/481 171/815/483 203/814/482
f 158/813/481 1253/817/485 1257/816/484 171/815/483
f 160/821/486 203/820/487 392/819/487 414/818/486
f 166/422/488 175/423/489 401/823/489 416/822/488
f 166/422/491 413/825/491 1218/824/490 1121/425/490
f 157/811/479 1261/826/492 1253/817/485 158/813/481
f 166/422/493 416/822/493 391/827/493 413/825/493
f 184/417/494 395/828/494 401/823/489 175/423/489
f 179/832/497 207/831/497 383/830/496 407/829/495
f 123/836/498 42/835/499 112/834/499 122/833/498
f 21/840/29 17/839/29 15/838/29 18/837/29
f 1914/844/503 1567/843/502 2282/842/501 1921/841/500
f 183/846/504 160/821/486 414/818/486 400/845/504
f 519/395/217 533/392/214 1066/848/506 1238/847/505
f 1704/851/509 1522/850/508 1590/101/59 1690/849/507
f 112/855/510 42/854/510 637/853/510 650/852/510
f 118/859/511 630/858/511 620/857/511 113/856/511
f 116/863/512 626/862/512 624/861/512 115/860/512
f 1675/867/516 1479/866/515 1635/865/514 1928/864/513
f 1675/867/519 1717/17/518 872/312/518 1208/313/517
f 1008/799/520 2304/800/521 2310/505/521 1002/506/520
f 1969/869/524 1522/850/508 1523/495/523 999/868/522
f 1669/317/525 985/318/526 1644/323/526 1667/283/525
f 1723/18/527 1642/490/527 872/312/527 1717/17/527
f 997/872/528 1670/305/528 2487/871/528 1793/870/528
f 1753/486/529 997/487/529 1793/874/529 1791/873/529
f 1723/21/530 1719/22/530 1666/745/530 1642/875/530
f 399/879/531 405/878/531 404/877/531 379/876/531
f 405/883/533 167/882/533 1323/881/532 1273/880/532
f 399/879/535 379/876/535 1305/885/534 1343/884/534
f 1349/889/140 1341/888/140 214/887/140 215/886/140
f 1325/891/536 393/890/537 214/887/537 1341/888/536
f 393/890/538 180/893/538 390/892/538 214/887/538
f 1271/895/540 1282/894/540 390/892/539 180/893/539
f 216/896/140 215/886/140 214/887/140 390/892/140
f 1274/900/541 381/899/542 170/898/542 1300/897/541
f 397/904/543 382/903/543 167/902/543 168/901/543
f 1353/908/545 1312/907/545 397/906/544 168/905/544
f 399/879/546 168/910/546 167/909/546 405/878/546
f 1317/914/548 1314/913/548 181/912/547 209/911/547
f 181/912/549 394/915/549 170/898/549 209/911/549
f 170/898/551 394/915/551 1321/916/550 1300/897/550
f 1323/881/552 167/882/553 382/918/553 1346/917/552
f 206/922/555 202/921/555 1330/920/554 1339/919/554
f 384/926/557 389/925/557 1279/924/556 1276/923/556
f 202/921/559 201/928/559 1338/927/558 1330/920/558
f 389/925/561 387/930/561 1320/929/560 1279/924/560
f 387/930/563 210/932/563 1283/931/562 1320/929/562
f 642/936/565 679/935/565 652/934/564 638/933/564
f 382/918/569 397/939/568 396/938/567 174/937/566
f 121/943/570 118/942/571 115/941/571 114/940/570
f 123/836/498 122/833/498 635/945/572 119/944/572
f 114/949/573 623/948/573 601/947/573 121/946/573
f 18/953/28 1890/952/17 1889/951/17 21/950/28
f 556/957/574 120/956/575 119/955/575 117/954/574
f 113/959/576 556/957/574 117/954/574 116/958/576
f 118/942/571 113/959/576 116/958/576 115/941/571
f 382/918/569 178/961/578 1332/960/577 1346/917/577
f 168/905/580 399/963/580 1343/962/579 1353/908/579
f 397/939/568 1312/965/582 1356/964/581 396/938/567
f 645/969/584 732/968/584 673/967/583 640/966/583
f 393/973/585 1325/972/70 1321/971/70 394/970/585
f 404/877/587 405/878/587 1273/975/586 1309/974/586
f 404/877/588 1309/974/589 1313/977/589 208/976/588
f 180/981/590 393/980/590 394/979/590 181/978/590
f 1271/985/591 180/984/592 181/983/592 1314/982/591
f 178/961/594 162/987/594 1301/986/593 1332/960/593
f 210/989/596 208/976/596 1313/977/595 1283/988/595
f 1339/919/598 1301/991/598 162/990/597 206/922/597
f 1274/900/600 1338/993/600 201/992/599 381/899/599
f 215/886/602 384/995/602 1276/994/601 1349/889/601
f 209/911/603 170/898/542 381/899/542 380/996/603
f 1317/914/108 209/911/603 380/996/603 1291/997/108
f 1358/998/140 216/896/140 390/892/140 1282/894/140
f 163/1000/605 213/999/604 396/938/567 1356/964/581
f 174/937/566 178/961/578 382/918/569
f 379/876/607 386/1002/607 204/1001/606 1305/885/606
f 797/25/609 798/525/608 1505/498/140 1711/27/140
f 1574/1005/613 1572/492/612 956/1004/611 1710/1003/610
f 2310/505/521 2304/800/521 1644/1007/526 985/1006/526
f 1505/498/614 1640/499/614 1714/1008/614 1711/27/614
f 1558/1012/616 1556/1011/616 948/1010/615 965/1009/615
f 1645/502/618 1641/1013/618 1507/172/617 1513/501/617
f 1788/1016/619 1996/1015/619 1646/1014/619 1634/192/619
f 1716/24/620 1714/1017/620 1640/509/620 1656/510/620
f 1969/869/524 999/868/522 1753/486/621 1791/873/621
f 1645/512/618 1663/513/622 1661/284/622 1641/1018/618
f 1996/1020/623 2484/1019/623 1665/154/623 1646/155/623
f 1656/510/624 1666/745/624 1719/22/624 1716/24/624
f 1507/172/617 1503/173/625 1504/598/625 1513/501/617
f 1575/193/627 1521/1021/627 1788/1016/626 1634/192/626
f 1663/513/622 1669/317/525 1667/283/525 1661/284/622
f 2484/1019/628 2487/871/628 1670/305/628 1665/154/628
f 1672/599/326 1473/504/278 1513/501/278 1504/598/326
f 1433/1025/629 1737/1024/630 1726/1023/630 1444/1022/629
f 1739/1029/631 1432/1028/632 1443/1027/632 1727/1026/631
f 1737/1033/633 1739/1032/633 1727/1031/633 1726/1030/633
f 1727/1037/634 1443/1036/635 1444/1035/635 1726/1034/634
f 1733/1041/636 1732/1040/636 1728/1039/636 1729/1038/636
f 1430/1044/637 1733/1041/638 1729/1043/638 1437/1042/637
f 1732/1040/639 1434/1047/640 1438/1046/640 1728/1045/639
f 1437/1049/641 1729/1048/642 1728/1045/642 1438/1046/641
f 1433/1051/644 1432/1050/644 1739/1032/643 1737/1033/643
f 1732/1040/108 1733/1041/108 1430/1044/108 1434/1047/108
f 1354/1055/645 52/1054/646 54/1053/646 95/1052/645
f 50/1059/647 1352/1058/648 1388/1057/648 1378/1056/647
f 54/1053/649 97/1060/650 1352/1058/650 50/1059/649
f 52/1054/646 100/1061/37 97/1060/37 54/1053/646
f 1376/1063/651 1362/1062/652 100/1061/652 52/1054/651
f 1361/1064/653 1376/1063/651 52/1054/651 1354/1055/653
f 57/1068/654 2460/1067/654 2431/1066/654 93/1065/654
f 93/1065/655 2431/1066/655 94/1070/655 92/1069/655
f 92/1069/656 94/1070/656 621/1072/656 1382/1071/656
f 102/1076/658 1352/1075/658 97/1074/657 1357/1073/657
f 1357/1073/657 97/1074/657 100/1078/659 51/1077/659
f 56/74/660 57/1068/660 93/1065/660 55/73/660
f 55/73/661 93/1065/661 92/1069/661 1359/1079/661
f 95/1052/649 54/1053/649 50/1059/649 99/1080/649
f 102/1083/662 1359/1079/662 1390/1082/662 1363/1081/662
f 1359/1079/663 92/1069/663 1382/1071/663 1390/1082/663
f 1357/72/664 55/73/664 1359/1079/664 102/1083/664
f 1380/1085/665 649/1084/665 2460/1067/665 57/1068/665
f 1397/85/666 1380/1085/666 57/1068/666 56/74/666
f 51/1077/659 100/1078/659 1362/1087/667 1364/1086/667
f 1363/1089/668 1388/1088/668 1352/1075/658 102/1076/658
f 99/1080/669 50/1059/647 1378/1056/647 1366/1090/669
f 1371/1094/670 1377/1093/670 1368/1092/670 1396/1091/670
f 1377/1093/671 1397/1096/671 1364/1095/671 1368/1092/671
f 1370/1100/673 1369/1099/673 1394/1098/672 1386/1097/672
f 1388/1057/675 1393/1102/675 1367/1101/674 1378/1056/674
f 1393/1102/677 1387/1104/677 1370/1103/676 1367/1101/676
f 1387/1106/670 1391/1105/670 1369/1099/673 1370/1100/673
f 1391/1105/679 1362/1062/679 1376/1063/678 1369/1099/678
f 1369/1099/678 1376/1063/678 1361/1064/680 1394/1098/680
f 559/1110/681 1381/1109/681 1379/1108/681 1384/1107/681
f 579/1112/682 559/1110/682 1384/1107/682 1383/1111/682
f 621/1072/683 579/1112/683 1383/1111/683 1382/1071/683
f 1387/1116/684 1393/1115/685 1392/1114/685 1396/1113/684
f 1391/1118/686 1387/1116/684 1396/1113/684 1368/1117/686
f 1384/1107/687 1379/1108/687 1377/1093/687 1371/1094/687
f 1383/1111/688 1384/1107/688 1371/1094/688 1398/1119/688
f 1367/1101/676 1370/1103/676 1386/1121/676 1389/1120/676
f 1390/1082/689 1398/1119/689 1392/1122/689 1363/1081/689
f 1382/1071/690 1383/1111/690 1398/1119/690 1390/1082/690
f 1398/1119/691 1371/1094/691 1396/1091/691 1392/1122/691
f 1381/1109/692 649/1124/692 1380/1123/692 1379/1108/692
f 1379/1108/693 1380/1123/693 1397/1096/693 1377/1093/693
f 1362/1087/667 1391/1118/686 1368/1117/686 1364/1086/667
f 1393/1115/685 1388/1088/668 1363/1089/668 1392/1114/685
f 1608/1126/694 1973/1125/695 2277/440/695 1603/441/694
f 1378/1056/674 1367/1101/674 1389/1120/696 1366/1090/696
f 1457/4/4 1611/1127/697 321/3/3
f 1794/1131/8 1796/1130/698 1451/1129/698 1445/1128/8
f 1796/1130/698 1741/1133/699 1481/1132/699 1451/1129/698
f 1717/17/10 1675/867/700 1928/864/700 1792/16/10
f 1711/27/15 1789/1135/702 791/1134/701 58/26/14
f 1711/27/15 1714/1008/703 1974/1136/703 1789/1135/702
f 1714/1017/703 1716/24/12 2028/23/12 1974/1137/703
f 633/1141/705 599/1140/705 569/1139/704 548/1138/704
f 571/1145/706 612/1144/707 649/1143/707 1381/1142/706
f 316/1149/709 1372/1148/709 797/1147/708 58/1146/708
f 606/1153/710 598/1152/712 594/1151/711 586/1150/710
f 321/1155/713 1611/1154/713 1372/1148/709 316/1149/709
f 614/1159/714 568/1158/715 579/1157/715 621/1156/714
f 366/1162/718 574/1161/717 589/1160/716
f 618/1166/719 555/1165/719 568/1164/719 614/1163/719
f 555/1165/677 586/1150/677 552/1167/677 568/1164/677
f 586/1150/720 594/1169/720 571/1168/720 552/1167/720
f 589/1160/716 2438/1171/722 371/1170/721 366/1162/718
f 598/1152/712 560/1173/724 628/1172/723 594/1151/711
f 1423/1177/725 1410/1176/726 1835/1175/726 604/1174/725
f 604/1181/727 1835/1180/727 1834/1179/727 600/1178/727
f 1409/1185/728 1414/1184/729 1779/1183/729 1401/1182/728
f 1401/1189/730 1779/1188/730 1778/1187/730 1399/1186/730
f 599/1140/731 607/1191/731 597/1190/731 569/1139/731
f 605/1195/733 580/1194/733 608/1193/732 596/1192/732
f 567/1199/734 1408/1198/735 1405/1197/735 584/1196/734
f 584/1196/736 1405/1197/737 1406/1201/737 582/1200/736
f 1408/1198/738 1411/1204/738 1834/1203/738 1403/1202/738
f 1403/1202/739 1834/1203/739 1835/1206/739 1402/1205/739
f 1414/1184/729 1420/1208/740 592/1207/740 1779/1183/729
f 543/1212/744 575/1211/743 602/1210/742 634/1209/741
f 602/1210/742 610/1214/746 617/1213/745 634/1209/741
f 542/1216/748 616/1215/747 560/1173/724 598/1152/712
f 1779/1188/749 592/1218/749 1773/1217/749 1778/1187/749
f 583/1219/750 542/1216/748 598/1152/712 606/1153/710
f 581/1221/752 583/1219/750 606/1153/710 553/1220/751
f 622/1223/754 581/1221/752 553/1220/751 627/1222/753
f 1415/1225/755 1423/1177/725 604/1174/725 593/1224/755
f 593/1227/756 604/1181/756 600/1178/756 595/1226/756
f 1402/1229/757 1409/1185/757 1401/1182/757 611/1228/757
f 1405/1197/758 1408/1198/758 1403/1202/758 615/1230/758
f 542/1232/759 583/1231/759 607/1191/731 599/1140/731
f 583/1235/761 581/1234/761 605/1195/760 607/1233/760
f 581/1234/762 622/1236/762 580/1194/733 605/1195/733
f 568/1158/715 552/1238/763 559/1237/763 579/1157/715
f 616/1239/764 542/1232/764 599/1140/705 633/1141/705
f 548/1241/766 569/1240/765 575/1211/743 543/1212/744
f 569/1240/765 597/1242/767 602/1210/742 575/1211/743
f 597/1242/767 596/1243/768 610/1214/746 602/1210/742
f 596/1243/768 608/1244/769 617/1213/745 610/1214/746
f 607/1233/760 605/1195/760 596/1192/760 597/1245/760
f 1399/1186/770 1407/1247/770 1406/1201/770 625/1246/770
f 625/1246/771 611/1248/771 1401/1189/771 1399/1186/771
f 552/1238/763 571/1145/706 1381/1142/706 559/1237/763
f 594/1151/772 628/1172/772 612/1144/772 571/1145/772
f 611/1248/773 615/1230/773 1403/1202/773 1402/1205/773
f 553/1220/751 606/1153/710 586/1150/710 555/1165/774
f 627/1222/753 553/1220/751 555/1165/774 618/1249/775
f 615/1230/776 625/1246/776 1406/1201/776 1405/1197/776
f 1422/1251/777 600/1178/777 1834/1179/777 1411/1250/777
f 1407/1247/778 1399/1186/778 1778/1187/778 1413/1252/778
f 2024/1256/779 2021/1255/780 2011/1254/780 2012/1253/779
f 411/106/64 2459/157/99 124/158/100 402/105/63
f 107/1257/140 106/203/140 165/196/140 205/298/140
f 817/1261/781 795/1260/782 757/1259/782 759/1258/781
f 819/66/783 817/1264/783 759/1263/783 760/1262/783
f 796/1268/787 819/1267/786 760/1266/785 758/1265/784
f 795/1260/782 2419/1270/788 467/1269/788 757/1259/782
f 1567/843/502 796/1268/787 758/1265/784 466/1271/789
f 1567/843/502 1914/844/503 49/1272/790 796/1268/787
f 2445/1276/794 2320/1275/793 761/1274/792 1020/1273/791
f 962/1280/796 1031/1279/796 761/1278/795 762/1277/795
f 1029/1282/798 962/1280/798 762/1277/797 763/1281/797
f 2323/1285/800 1662/1284/800 764/1283/799 763/1281/799
f 1662/1284/802 2321/1287/802 768/1286/801 764/1283/801
f 2321/1291/806 2457/1290/805 770/1289/804 768/1288/803
f 2457/1290/805 1649/1293/808 771/1292/807 770/1289/804
f 1649/1293/808 1014/1295/808 772/1294/809 771/1292/807
f 1014/1295/808 632/1297/811 773/1296/810 772/1294/809
f 632/1297/811 998/1299/813 775/1298/812 773/1296/810
f 998/1299/813 1213/1301/815 776/1300/814 775/1298/812
f 1213/1305/819 1211/1304/818 777/1303/817 776/1302/816
f 1211/1304/818 1033/1307/821 778/1306/820 777/1303/817
f 1033/1307/821 1027/1309/823 779/1308/822 778/1306/820
f 959/1312/825 1067/1311/825 779/1308/824 780/1310/824
f 619/1316/827 613/1315/827 781/1314/826 780/1313/826
f 613/1320/829 651/1319/829 782/1318/828 781/1317/828
f 1187/1324/831 1127/1323/831 782/1322/830 783/1321/830
f 1174/1326/833 1187/1324/833 783/1321/832 784/1325/832
f 590/1329/835 977/1328/835 785/1327/834 784/1325/834
f 977/1333/837 2423/1332/837 786/1331/836 785/1330/836
f 2423/1337/839 2486/1336/839 787/1335/838 786/1334/838
f 984/1340/841 957/1339/841 787/1335/840 788/1338/840
f 1006/1342/844 984/1340/843 788/1338/842 789/1341/842
f 2461/1346/846 2422/1345/846 790/1344/845 789/1343/845
f 2422/1350/848 2420/1349/848 792/1348/847 790/1347/847
f 2420/1349/850 2417/1352/850 793/1351/849 792/1348/849
f 823/1355/854 1028/1354/853 793/1351/852 794/1353/851
f 2435/1358/857 2419/1357/856 795/1356/855 794/1353/851
f 760/1362/859 759/1361/859 757/1360/858 758/1359/858
f 1030/1364/860 1031/1279/860 962/1280/860 966/1363/860
f 966/1363/861 962/1280/861 1029/1282/861 1017/1365/861
f 1210/1369/863 1197/1368/863 961/1367/862 959/1366/862
f 799/1373/864 800/1372/864 975/1371/864 974/1370/864
f 819/66/865 820/67/865 818/1374/865 817/1264/865
f 919/1378/866 909/1377/866 833/1376/866 834/1375/866
f 1527/122/80 1525/123/80 909/1380/867 919/1379/867
f 804/1384/868 805/1383/868 843/1382/868 906/1381/868
f 991/1386/869 992/1385/869 800/1372/869 799/1373/869
f 992/1385/871 991/1386/871 1047/1388/870 1060/1387/870
f 810/1391/872 811/120/872 1017/1390/872 1029/1389/872
f 830/1394/874 829/1393/874 1067/1311/873 1080/1392/873
f 695/1398/875 663/1397/875 665/1396/875 696/1395/875
f 722/1402/878 684/1401/877 696/1400/876 706/1399/876
f 728/1406/879 676/1405/879 716/1404/879 682/1403/879
f 704/1410/140 692/1409/140 701/1408/140 713/1407/140
f 712/1414/881 737/1413/881 724/1412/880 723/1411/880
f 706/1399/876 696/1400/876 698/1416/882 749/1415/882
f 684/1401/877 722/1402/878 726/1418/884 708/1417/883
f 689/1422/140 738/1421/140 724/1420/140 737/1419/140
f 672/1426/886 670/1425/886 726/1424/885 725/1423/885
f 692/1409/140 689/1422/140 737/1419/140 701/1408/140
f 661/1430/888 659/1429/888 2339/1428/887 2324/1427/887
f 710/1434/890 713/1433/890 701/1432/889 694/1431/889
f 670/1436/891 745/1435/891 708/1417/883 726/1418/884
f 746/1440/892 736/1439/892 687/1438/892 707/1437/892
f 659/1429/140 660/1443/140 733/1442/140 683/1441/140
f 683/1447/893 733/1446/894 654/1445/894 674/1444/893
f 674/1444/895 654/1445/896 656/1449/896 655/1448/895
f 655/1448/897 656/1449/898 658/1451/898 657/1450/897
f 748/1455/899 678/1454/899 719/1453/899 681/1452/899
f 666/1457/900 665/1396/901 663/1397/901 664/1456/900
f 725/1423/885 726/1424/885 722/1459/902 721/1458/902
f 665/1396/903 666/1457/903 748/1455/903 681/1452/903
f 739/1461/140 677/1460/140 724/1420/140 738/1421/140
f 658/1463/904 665/1462/904 681/1452/904 719/1453/904
f 716/1467/905 676/1466/905 669/1465/905 671/1464/905
f 670/1425/906 672/1426/906 730/1468/906
f 654/1472/907 733/1471/907 704/1470/907 702/1469/907
f 667/1475/908 703/1474/909 669/1465/909 693/1473/908
f 716/1404/910 671/1477/910 668/1476/910
f 676/1405/911 693/1479/911 669/1478/911
f 700/1482/912 699/1481/912 668/1480/912 671/1464/912
f 698/1486/913 696/1485/913 665/1484/913 658/1483/913
f 2337/1488/914 2329/1487/914 666/1457/900 664/1456/900
f 2324/1427/916 2337/1488/916 664/1456/915 661/1430/915
f 690/1492/917 692/1491/917 660/1490/917 662/1489/917
f 2394/1493/140 2339/1428/140 659/1429/140 683/1441/140
f 2388/1495/918 2394/1494/918 683/1447/893 674/1444/893
f 2360/1496/919 2388/1495/919 674/1444/895 655/1448/895
f 2358/1497/920 2360/1496/920 655/1448/897 657/1450/897
f 691/1499/140 718/1498/140 738/1421/140 689/1422/140
f 727/1500/922 672/1426/922 725/1423/921 723/1411/921
f 2358/1504/923 657/1503/924 666/1502/924 2329/1501/923
f 702/1508/925 704/1507/925 717/1506/925 731/1505/925
f 713/1433/890 710/1434/890 688/1510/926 686/1509/926
f 690/1512/927 662/1511/927 663/1397/927 695/1398/927
f 705/1516/929 706/1515/929 749/1514/928 742/1513/928
f 677/1518/930 720/1517/930 727/1500/930
f 741/1520/931 745/1435/931 670/1436/931 730/1519/931
f 707/1437/932 708/1522/932 745/1521/932 746/1440/932
f 735/1523/933 736/1439/933 746/1440/933 741/1520/933
f 738/1525/934 687/1438/934 736/1439/934 739/1524/934
f 720/1526/935 677/1460/935 739/1461/935 735/1523/935
f 723/1411/880 724/1412/880 677/1518/936 727/1500/936
f 697/1530/938 691/1529/938 689/1528/937 680/1527/937
f 687/1534/940 738/1533/940 718/1532/939 714/1531/939
f 730/1468/941 672/1426/941 727/1500/941 720/1517/941
f 666/1502/942 657/1503/942 678/1454/942 748/1455/942
f 703/1474/943 667/1475/943 731/1536/943 717/1535/943
f 699/1539/944 700/1482/944 686/1538/944 688/1537/944
f 657/1541/945 658/1540/945 719/1453/945 678/1454/945
f 659/1429/888 661/1430/888 662/1511/946 660/1443/946
f 675/1545/948 684/1544/948 740/1543/947 743/1542/947
f 664/1456/915 663/1397/949 662/1511/949 661/1430/915
f 716/1404/950 668/1476/950 685/1546/950 682/1403/950
f 695/1550/951 675/1549/951 680/1548/951 690/1547/951
f 714/1531/953 747/1552/953 707/1551/952 687/1534/952
f 695/1556/954 696/1555/954 684/1554/954 675/1553/954
f 743/1558/956 697/1530/956 680/1527/955 675/1557/955
f 685/1559/958 688/1510/958 710/1434/957 742/1513/957
f 698/1486/959 658/1483/959 656/1561/959 715/1560/959
f 694/1431/960 705/1516/960 742/1513/957 710/1434/957
f 704/1410/140 713/1407/140 686/1563/140 717/1562/140
f 731/1567/962 729/1566/962 715/1565/961 702/1564/961
f 680/1548/963 689/1569/963 692/1568/963 690/1547/963
f 747/1552/965 751/1571/965 708/1570/964 707/1551/964
f 728/1573/966 682/1572/966 749/1415/882 698/1416/882
f 725/1423/921 721/1458/967 712/1414/967 723/1411/921
f 751/1575/968 740/1574/968 684/1401/877 708/1417/883
f 730/1519/969 720/1526/969 735/1523/969 741/1520/969
f 671/1464/970 669/1465/909 703/1474/909 700/1482/970
f 694/1431/889 701/1432/889 737/1413/881 712/1414/881
f 685/1579/958 668/1578/971 699/1577/971 688/1576/958
f 729/1582/962 731/1581/962 667/1580/972 693/1479/972
f 682/1583/973 685/1559/973 742/1513/928 749/1514/928
f 686/1538/974 700/1482/974 703/1474/974 717/1535/974
f 728/1406/975 729/1582/975 693/1479/975 676/1405/975
f 736/1439/976 735/1523/976 739/1584/976
f 745/1521/977 741/1585/977 746/1440/977
f 721/1458/902 722/1459/902 706/1515/929 705/1516/929
f 704/1410/108 733/1587/108 660/1586/108 692/1409/108
f 656/1589/978 654/1472/978 702/1469/978 715/1588/978
f 721/1458/967 705/1516/960 694/1431/960 712/1414/967
f 698/1591/979 715/1565/979 729/1566/979 728/1590/979
f 822/1595/981 821/1594/981 925/1593/980 940/1592/980
f 1167/1599/983 1125/1598/983 1171/1597/982 1172/1596/982
f 1172/1596/982 1171/1597/982 1190/1601/984 1191/1600/984
f 803/84/986 802/1603/986 1178/1602/985 1179/94/985
f 821/1594/981 822/1595/981 816/1605/987 815/1604/987
f 1179/94/988 1178/1602/988 828/1606/988 827/93/988
f 987/1608/989 976/1607/989 940/1592/980 925/1593/980
f 827/93/990 828/1606/990 835/1609/990 838/96/990
f 46/64/35 43/65/35 806/1610/991 807/78/991
f 825/1614/992 826/1613/992 1197/1612/863 1210/1611/863
f 1016/1618/994 1009/1617/994 832/1616/993 831/1615/993
f 831/1622/996 832/1621/996 949/1620/995 979/1619/995
f 808/1624/997 809/1623/997 834/1375/997 833/1376/997
f 829/1393/874 830/1394/874 1009/1617/994 1016/1618/994
f 1191/1600/984 1190/1601/984 979/1619/995 949/1620/995
f 813/1626/998 812/1625/998 805/1383/998 804/1384/998
f 1080/1392/873 1067/1311/873 959/1312/999 961/1627/999
f 812/1625/1001 813/1626/1001 990/116/1000 989/1628/1000
f 1219/1632/1002 1212/1631/1002 809/1630/1002 808/1629/1002
f 1005/1633/1003 1004/117/1003 838/96/1003 835/1609/1003
f 815/1604/987 816/1605/987 826/1613/992 825/1614/992
f 802/1603/986 803/84/986 1046/77/1004 1034/1634/1004
f 817/1637/1005 818/1636/1005 824/1635/1005 823/1355/1005
f 807/78/1006 806/1610/1006 1034/1634/1006 1046/77/1006
f 1800/1641/1008 1626/1640/1008 1615/1639/1007 1616/1638/1007
f 972/1645/1009 970/1644/1009 811/1643/1009 810/1642/1009
f 1060/1647/870 1047/1646/870 1212/1631/1010 1219/1632/1010
f 647/1651/1011 642/1650/1012 640/1649/1012 644/1648/1011
f 639/1653/1013 643/1652/1013 647/1651/1011 644/1648/1011
f 1626/1640/1015 1625/1655/1015 1614/1654/1014 1615/1639/1014
f 1801/1657/1017 1624/1656/1017 1614/1654/1016 1612/2/1016
f 974/1661/1018 975/1660/1018 1031/1659/1018 1030/1658/1018
f 958/1665/1020 954/1664/1020 970/1663/1019 972/1662/1019
f 989/1628/1000 990/116/1000 1004/117/1021 1005/1633/1021
f 1550/1667/1023 1193/1666/1022 49/1272/790 1914/844/503
f 1016/1618/1025 777/1303/817 778/1306/820 829/1393/1024
f 954/115/73 1167/1669/1027 968/1668/1026 988/114/72
f 976/1670/1028 824/88/47 971/89/48
f 834/1375/1029 1532/1672/1030 1527/1671/1030 919/1378/1029
f 1028/1354/853 823/1355/854 987/1608/1031
f 1210/1611/1035 1026/1673/1034 1174/1326/1033 825/1614/1032
f 972/1662/1037 768/1288/803 770/1289/804 958/1665/1036
f 958/1665/1036 770/1289/804 771/1292/807 1125/1598/1038
f 983/1677/1039 1203/1676/1039 1205/1675/1039 1188/1674/1039
f 967/1681/1040 1206/1680/1040 1118/1679/1040 960/1678/1040
f 1010/1685/1041 1126/1684/1041 1206/1683/1041 967/1682/1041
f 1210/1611/1035 959/1686/1042 1026/1673/1034
f 1198/1690/1043 1196/1689/1043 1186/1688/1043 982/1687/1043
f 971/89/48 47/87/45 48/92/50 1122/97/55
f 978/1694/1044 980/1693/1044 1201/1692/1044 1199/1691/1044
f 799/1698/1045 974/1697/1046 1030/1696/1046 966/1695/1045
f 1143/1702/1047 2442/1701/1048 1559/1700/1048 1065/1699/1047
f 1024/1706/1050 1184/1705/1050 1170/1704/1049 1021/1703/1049
f 762/1277/795 761/1278/795 2320/1708/1051 2322/1707/1051
f 1021/1703/1049 1170/1704/1049 953/1710/1052 1020/1709/1052
f 1173/1714/1055 2439/1713/1054 2442/1712/1054 1143/1711/1053
f 1026/1716/1056 781/1317/828 782/1318/828 1127/1715/1056
f 2452/1718/1058 2439/1713/1058 1173/1714/1057 1177/1717/1057
f 979/1619/1060 775/1298/812 776/1300/814 831/1622/1059
f 1017/1390/1061 991/1719/1061 799/1698/1045 966/1695/1045
f 1201/1723/1062 1205/1722/1062 1203/1721/1062 1199/1720/1062
f 1175/1727/1063 1028/1726/1063 1006/1725/1063 1025/1724/1063
f 1207/1729/1064 783/1321/830 782/1322/830 651/1728/1064
f 466/1731/108 758/1359/858 757/1360/858 467/1730/108
f 815/1604/1067 1098/1732/1066 984/1340/843 821/1594/1065
f 1122/1736/1068 1192/1735/1068 1194/1734/1068 971/1733/1068
f 1098/1738/1069 785/1330/836 786/1331/836 950/1737/1069
f 792/1348/849 793/1351/849 1028/1354/1070 1175/1739/1070
f 987/1608/1031 925/1593/1071 1006/1342/844 1028/1354/853
f 1069/1743/1072 1082/1742/1072 1126/1741/1072 1010/1740/1072
f 1219/1632/1074 1140/1745/1074 1083/1744/1073 1060/1647/1073
f 1025/1746/1075 790/1347/847 792/1348/847 1175/1739/1075
f 992/1385/1076 1060/1387/1073 1083/1748/1073 1024/1747/1076
f 1186/98/56 995/95/53 1180/1750/1078 960/1749/1077
f 1069/1754/1028 822/1753/1079 940/1752/1079 982/1751/1028
f 993/1758/1083 1015/1757/1082 986/1756/1081 973/1755/1080
f 1173/1714/1055 1143/1711/1053 808/1629/1085 833/1759/1084
f 969/1761/1080 1183/1760/1086 1180/1750/1078 968/1668/1026
f 763/1281/797 762/1277/797 2322/1707/1087 2323/1285/1087
f 1612/1765/591 321/1764/591 316/1763/591 1373/1762/591
f 967/1767/1089 1183/1760/1086 986/1756/1081 983/1766/1088
f 971/1771/1090 1194/1770/1090 1198/1769/1090 982/1768/1090
f 1216/1775/1092 1214/1774/1092 1011/1773/1091 1189/1772/1091
f 1187/1779/1093 1174/1778/1093 1026/1777/1093 1127/1776/1093
f 1029/1282/1094 763/1281/799 764/1283/799 810/1642/1094
f 963/1781/1095 1012/1780/1095 1214/1774/1092 1216/1775/1092
f 980/1782/1028 961/1367/1079 1197/1368/1079
f 1013/1786/1097 964/1785/1097 994/1784/1096 1000/1783/1096
f 1566/1790/1101 2432/1789/1100 1170/1788/1099 1184/1787/1098
f 1020/1792/1102 975/1371/1102 800/1372/1102 1021/1791/1102
f 46/64/38 44/76/38 818/1374/1103 820/67/1103
f 1172/1793/1104 969/1761/1080 968/1668/1026 1167/1669/1027
f 776/1302/816 777/1303/817 1016/1618/1025 831/1615/1105
f 851/1797/1109 1023/1796/1108 840/1795/1107 895/1794/1106
f 899/1801/1110 930/1800/1110 903/1799/1110 907/1798/1110
f 932/1803/108 905/1802/108 907/1798/108 903/1799/108
f 898/1807/1111 842/1806/1111 858/1805/1111 845/1804/1111
f 845/1804/1111 858/1805/1111 869/1809/1111 860/1808/1111
f 891/1813/140 857/1812/140 841/1811/140 849/1810/140
f 860/1808/1111 869/1809/1111 926/1815/1111 877/1814/1111
f 892/1819/1112 865/1818/1113 928/1817/1113 942/1816/1112
f 901/1821/1115 851/1797/1109 895/1794/1106 885/1820/1114
f 849/1810/140 841/1811/140 850/1823/140 902/1822/140
f 853/1827/108 884/1826/108 937/1825/108 929/1824/108
f 922/1831/1116 916/1830/1111 882/1829/1111 874/1828/1116
f 878/1835/1118 871/1834/1118 875/1833/1117 855/1832/1117
f 914/1837/1119 935/1836/1119 930/1800/1119 899/1801/1119
f 880/1841/591 939/1840/591 861/1839/1120 877/1838/1120
f 897/1843/1121 941/1842/1121 929/1824/1121 937/1825/1121
f 854/1847/140 873/1846/140 887/1845/140 863/1844/140
f 1003/1851/70 839/1850/70 860/1849/1122 879/1848/1122
f 845/1855/1123 837/1854/591 918/1853/591 852/1852/1123
f 837/1859/140 845/1858/140 860/1857/140 839/1856/140
f 864/1863/1125 886/1862/1125 867/1861/1124 893/1860/1124
f 853/1827/108 1032/1865/108 924/1864/108 884/1826/108
f 878/1869/1126 855/1868/1126 944/1867/1126 862/1866/1126
f 888/108/66 898/109/67 896/1870/1127
f 877/1874/140 874/1873/140 881/1872/140 880/1871/140
f 866/1878/1128 889/1877/1128 876/1876/1128 870/1875/1128
f 847/1882/140 1660/1881/140 1691/1880/140 917/1879/140
f 862/1886/1129 944/1885/1130 946/1884/1130 938/1883/1129
f 893/1890/1131 856/1889/1131 846/1888/1131 864/1887/1131
f 922/1831/1116 874/1828/1116 877/1814/1111 926/1815/1111
f 921/1892/140 1022/1891/140 850/1823/140 841/1811/140
f 882/1896/1132 916/1895/1132 1695/1894/591 2036/1893/591
f 945/1899/140 891/1813/140 943/1898/140 894/1897/140
f 901/1821/1115 885/1820/1114 931/1901/1134 936/1900/1133
f 849/1810/140 902/1822/140 934/1903/140 915/1902/140
f 862/1886/1129 938/1883/1129 879/1848/1122 860/1849/1122
f 896/1870/1127 848/1906/1136 913/1905/1136 900/1904/1135
f 883/107/65 888/108/66 908/1908/1138 1019/1907/1137
f 1001/1912/1139 2426/1911/1140 2473/1910/1140 1000/1909/1139
f 895/1794/1106 840/1795/1107 933/1914/1142 904/1913/1141
f 885/1820/1114 895/1794/1106 904/1913/1141 931/1901/1134
f 888/108/66 896/1870/1127 900/1904/1135 908/1908/1138
f 863/1844/140 923/1916/140 927/1915/140 854/1847/140
f 893/1860/1124 867/1861/1124 911/1918/1143 874/1917/1143
f 2080/1921/1144 846/1920/1145 856/1889/1145 1989/1919/1144
f 882/1923/108 856/1889/108 893/1890/108 874/1922/108
f 870/1875/108 859/1925/108 912/1924/108 866/1878/108
f 865/1929/1146 892/1928/1146 848/1927/1146 896/1926/1146
f 847/1882/140 917/1879/140 923/1916/140 863/1844/140
f 859/1925/108 910/1931/108 951/1930/108 912/1924/108
f 882/1923/108 2036/1932/108 1989/1919/108 856/1889/108
f 928/1817/1113 865/1818/1113 845/1855/1123 852/1852/1123
f 845/1934/108 865/1929/108 896/1926/108 898/1933/108
f 874/1917/1143 911/1918/1143 836/1936/70 881/1935/70
f 877/1838/1120 861/1839/1120 871/1834/1118 878/1835/1118
f 945/1899/140 868/1937/140 857/1812/140 891/1813/140
f 854/1847/140 927/1915/140 868/1937/140 945/1899/140
f 862/1866/108 860/1939/108 877/1938/108 878/1869/108
f 914/1942/1147 913/1941/1147 915/1940/1147
f 935/1945/1148 934/1944/1148 936/1943/1148
f 942/1948/1149 941/1947/1149 943/1946/1149
f 897/1951/1150 946/1950/1150 894/1949/1150
f 887/1954/1150 889/1953/1150 886/1952/1150
f 875/1957/1149 876/1956/1149 873/1955/1149
f 841/1961/1152 842/1960/1152 920/1959/1151 921/1958/1151
f 1022/1965/1154 1023/1964/1154 851/1963/1153 850/1962/1153
f 900/1969/1155 899/1968/1155 907/1967/1155 908/1966/1155
f 904/1973/1156 903/1972/1156 930/1971/1156 931/1970/1156
f 933/1975/1158 932/1974/1158 903/1972/1157 904/1973/1157
f 1185/1977/1162 1351/1976/1161 1525/123/1160 843/124/1159
f 908/1966/1164 907/1967/1164 905/1979/1163 1019/1978/1163
f 857/1983/1166 858/1982/1166 842/1981/1165 841/1980/1165
f 868/1985/1167 869/1984/1167 858/1982/1166 857/1983/1166
f 892/1989/1168 891/1988/1168 849/1987/1168 848/1986/1168
f 927/1991/1166 926/1990/1166 869/1984/1167 868/1985/1167
f 891/1993/1169 892/1992/1169 942/1948/1169 943/1946/1169
f 941/1842/1170 942/1995/1170 928/1994/1170 929/1824/1170
f 850/1962/1153 851/1963/1153 901/1997/1171 902/1996/1171
f 852/1999/1173 853/1827/1173 929/1824/1172 928/1998/1172
f 938/2001/1175 937/1825/1175 884/1826/1174 879/2000/1174
f 917/2005/1177 916/2004/1177 922/2003/1176 923/2002/1176
f 876/1876/1178 875/2007/1178 871/2006/1178 870/1875/1178
f 854/2009/1179 855/2008/1179 875/1957/1179 873/1955/1179
f 913/2011/1180 914/2010/1180 899/1968/1180 900/1969/1180
f 934/1903/1181 935/1836/1181 914/1837/1181 915/1902/1181
f 931/1970/1182 930/1971/1182 935/2013/1182 936/2012/1182
f 859/1925/1184 861/2015/1184 939/2014/1183 910/1931/1183
f 946/2017/1185 897/1843/1185 937/1825/1185 938/2016/1185
f 943/1898/1186 941/1842/1186 897/1843/1186 894/1897/1186
f 889/1877/1187 887/1845/1187 873/1846/1187 876/1876/1187
f 864/2019/1188 863/2018/1188 887/1954/1188 886/1952/1188
f 924/1864/1189 1003/2020/1189 879/2000/1174 884/1826/1174
f 853/1827/1173 852/1999/1173 918/2021/1190 1032/1865/1190
f 866/1878/1191 867/2023/1191 886/2022/1191 889/1877/1191
f 945/2027/1192 944/2026/1192 855/2025/1192 854/2024/1192
f 2080/1921/1194 1660/1881/1194 847/1882/1193 846/1920/1193
f 916/2031/1196 917/2030/1196 1691/2029/1195 1695/2028/1195
f 894/1949/1197 946/1950/1197 944/2026/1197 945/2027/1197
f 863/2018/1198 864/2019/1198 846/2033/1198 847/2032/1198
f 923/2002/1176 922/2003/1176 926/1990/1166 927/1991/1166
f 902/1996/1171 901/1997/1171 936/1943/1199 934/1944/1199
f 848/1986/1200 849/1987/1200 915/1940/1200 913/1941/1200
f 912/1924/1202 911/2035/1202 867/2034/1201 866/1878/1201
f 861/2015/1184 859/1925/1184 870/1875/1203 871/2036/1203
f 911/2035/1202 912/1924/1202 951/1930/1204 836/2037/1204
f 973/1755/1080 1191/2039/1205 949/2038/1079 993/1758/1083
f 1177/1717/1057 1173/1714/1057 833/1759/1206 909/2040/1206
f 1188/2044/1207 1205/2043/1207 1201/2042/1207 980/2041/1207
f 909/1380/1209 1525/123/1160 1351/1976/1161 1177/2045/1208
f 2464/2049/1213 2462/2048/1212 1007/2047/1211 1011/2046/1210
f 954/1664/1020 958/1665/1020 1125/1598/983 1167/1599/983
f 843/2053/1215 805/2052/1215 1007/2051/1214 1185/2050/1214
f 2462/2055/1216 2319/2054/1216 1185/2050/1214 1007/2051/1214
f 590/1329/1217 784/1325/832 783/1321/832 1207/1729/1217
f 1191/2039/1205 973/1755/1080 969/1761/1080 1172/1793/1104
f 992/1385/1218 1024/1747/1218 1021/1791/1218 800/1372/1218
f 973/1755/1080 986/1756/1081 1183/1760/1086 969/1761/1080
f 784/1325/834 785/1327/834 1098/1732/1066 1174/1326/1033
f 978/2059/1219 1199/2058/1219 1203/2057/1219 983/2056/1219
f 950/2060/1220 786/1334/838 787/1335/838 957/1339/1220
f 825/1614/1032 1174/1326/1033 1098/1732/1066 815/1604/1067
f 1170/1788/1099 2432/1789/1100 2418/2062/1222 953/2061/1221
f 1189/2066/1223 981/2065/1223 812/2064/1223 989/2063/1223
f 957/2070/1224 984/2069/1224 1098/2068/1224 950/2067/1224
f 1001/2074/1226 1193/2073/1226 1550/2072/1225 2426/2071/1225
f 994/1784/1096 996/2076/1227 1001/2075/1227 1000/1783/1096
f 1585/2078/1228 1013/2077/1229 1000/1909/1229 2473/1910/1228
f 2480/2080/1230 1012/2079/1231 1013/2077/1231 1585/2078/1230
f 2467/2082/1232 1214/2081/1233 1012/2079/1233 2480/2080/1232
f 2464/2049/1213 1011/2046/1210 1214/2081/1235 2467/2082/1234
f 1007/2084/1236 981/2083/1236 1189/1772/1091 1011/1773/1091
f 964/1785/1097 1013/1786/1097 1012/1780/1095 963/1781/1095
f 1566/1790/1101 1184/1787/1098 1065/1699/1238 1559/1700/1237
f 1177/2045/1208 1351/1976/1161 1537/2086/1240 2452/2085/1239
f 2416/2087/1241 788/1338/840 787/1335/840 2486/1336/1241
f 1083/2089/1242 1065/2088/1242 1184/1705/1050 1024/1706/1050
f 953/2091/1244 2418/2090/1243 2445/1276/794 1020/1273/791
f 1083/2089/1242 1140/2093/1245 1143/2092/1245 1065/2088/1242
f 1140/1745/1246 1219/1632/1246 808/1629/1085 1143/1711/1053
f 811/120/78 1047/121/79 991/1719/1061 1017/1390/1061
f 1082/2095/1247 1118/1679/1247 1206/1680/1247 1126/2094/1247
f 978/2098/1250 1015/1757/1082 830/2097/1249 1080/2096/1248
f 829/1393/1024 778/1306/820 779/1308/822 1067/1311/1251
f 1186/2100/1252 1196/2099/1252 1192/1735/1252 1122/1736/1252
f 803/84/1253 1179/94/52 47/87/45 45/83/46
f 821/1594/1065 984/1340/843 1006/1342/844 925/1593/1071
f 1118/1679/1254 1082/2095/1254 1069/2101/1254 960/1678/1254
f 1125/1598/1038 771/1292/807 772/1294/809 1171/1597/1255
f 1171/1597/1255 772/1294/809 773/1296/810 1190/1601/1256
f 1183/1760/1086 967/1767/1089 960/1749/1077 1180/1750/1078
f 1005/2105/1257 1216/2104/1257 1189/2103/1257 989/2102/1257
f 802/2109/1259 996/2108/1259 994/2107/1258 1178/2106/1258
f 822/1753/1079 1069/1754/1028 1010/2111/1260 816/2110/1079
f 835/2113/1261 963/2112/1261 1216/2104/1261 1005/2105/1261
f 819/1267/786 796/1268/787 49/1272/790 43/2114/1262
f 1178/2106/1258 994/2107/1258 964/2116/1263 828/2115/1263
f 982/1751/1028 940/1752/1079 976/1670/1028 971/89/48
f 835/2113/1264 828/2118/1264 964/2117/1264 963/2112/1264
f 1186/98/56 960/1749/1077 1069/1754/1028 982/1751/1028
f 1006/2120/1265 789/1343/845 790/1344/845 1025/2119/1265
f 826/2122/1079 1188/2121/1260 980/1782/1028 1197/1368/1079
f 810/1642/1266 764/1283/801 768/1286/801 972/1645/1266
f 832/2124/1205 1009/2123/1267 993/1758/1083 949/2038/1079
f 809/1623/1268 1540/2125/1269 1532/1672/1269 834/1375/1268
f 983/1766/1088 1188/2121/1260 1010/2111/1260 967/1767/1089
f 789/1341/842 788/1338/842 2416/2087/1270 2461/2126/1270
f 830/2097/1249 1015/1757/1082 993/1758/1083 1009/2123/1267
f 980/1782/1028 978/2098/1250 1080/2096/1248 961/1367/1079
f 1190/1601/1256 773/1296/810 775/1298/812 979/1619/1060
f 983/1766/1088 986/1756/1081 1015/1757/1082 978/2098/1250
f 805/2052/1271 812/2064/1271 981/2065/1271 1007/2051/1271
f 1194/1734/1272 1192/1735/1272 1196/2099/1272 1198/2127/1272
f 780/1310/824 779/1308/824 1027/1309/1273 619/2128/1273
f 1212/118/76 1541/119/77 1540/2125/1275 809/1623/1274
f 1185/1977/1162 2319/2129/1276 1537/2086/1240 1351/1976/1161
f 794/1353/851 795/1356/855 817/1637/1277 823/1355/854
f 2435/1358/857 794/1353/851 793/1351/852 2417/1352/1278
f 988/114/72 968/1668/1026 1180/1750/1078 995/95/53
f 838/96/54 1004/117/75 988/114/72 995/95/53
f 816/2110/1079 1010/2111/1260 1188/2121/1260 826/2122/1079
f 1034/2130/1279 1001/2074/1279 996/2108/1279 802/2109/1279
f 780/1313/826 781/1314/826 1026/1673/1034 959/1686/1042
f 976/1607/989 987/1608/989 823/1355/1280 824/1635/1280
f 818/1374/1281 44/76/42 45/83/42 824/88/1281
f 1001/2074/1226 1034/2130/1282 806/2131/1282 1193/2073/1226
f 975/1660/1283 1020/1273/791 761/1274/792 1031/1659/1283
f 43/2114/1262 49/1272/790 1193/1666/1022 806/2132/1284
f 1223/2136/1285 1248/2135/1285 1250/2134/1285 1224/2133/1285
f 1226/2140/1286 1227/2139/1286 1249/2138/1286 1247/2137/1286
f 1223/2136/1287 1224/2133/1287 1244/2142/1287 1242/2141/1287
f 1227/2139/1288 1241/2145/1288 1243/2144/1288 1228/2143/1288
f 1225/2147/1289 1226/2140/1289 1247/2137/1289 1246/2146/1289
f 1222/2149/1290 1223/2136/1290 1242/2141/1290 1240/2148/1290
f 1229/2151/1291 1228/2143/1291 1243/2144/1291 1245/2150/1291
f 1229/2153/1292 1222/2149/1292 1240/2148/1292 1254/2152/1292
f 1225/2147/1293 1252/2155/1293 1220/2154/1293 1226/2140/1293
f 1224/2133/1294 1225/2147/1294 1246/2146/1294 1244/2142/1294
f 1227/2139/1295 1228/2143/1295 1251/2156/1295 1249/2138/1295
f 1226/2140/1296 1220/2154/1296 1241/2145/1296 1227/2139/1296
f 1228/2143/1297 1229/2151/1297 1254/2157/1297 1251/2156/1297
f 1225/2147/1298 1224/2133/1298 1250/2134/1298 1252/2155/1298
f 1236/2159/1299 1254/2152/1299 1240/2148/1299 1235/2158/1299
f 1223/2136/1300 1222/2149/1300 1255/2160/1300 1248/2135/1300
f 1235/2158/1301 1240/2148/1301 1242/2141/1301 1232/2161/1301
f 1232/2161/1302 1242/2141/1302 1244/2142/1302 1231/2162/1302
f 1231/2162/1303 1244/2142/1303 1246/2146/1303 1230/2163/1303
f 1230/2163/1304 1246/2146/1304 1247/2137/1304 1221/2164/1304
f 1221/2164/1305 1247/2137/1305 1249/2138/1305 1239/2165/1305
f 1169/2169/1307 1195/2168/1307 1035/2167/1306 1135/2166/1306
f 1035/2167/1306 1036/2171/1308 1130/2170/1308 1135/2166/1306
f 1036/2171/1308 1037/2173/1309 1134/2172/1309 1130/2170/1308
f 1037/2173/1309 1038/2175/1310 1136/2174/1310 1134/2172/1309
f 1038/2175/1310 1039/2177/1311 1138/2176/1311 1136/2174/1310
f 1039/2177/1312 1040/2179/1313 1131/2178/1313 1138/2176/1312
f 1040/2179/1313 1042/2181/1314 1133/2180/1314 1131/2178/1313
f 1151/2184/1317 1144/433/242 1202/2183/1316 1068/2182/1315
f 1889/2188/25 1893/2187/25 17/2186/33 21/2185/33
f 1146/2192/1318 1061/2191/1320 1070/2190/1319 1204/2189/1318
f 1182/2196/1322 1169/2195/1322 1135/2194/1321 1157/2193/1321
f 1234/2200/108 1152/2199/108 1062/2198/1324 1181/2197/1323
f 1061/2191/1326 1146/2192/1325 1181/2197/1323 1062/2198/1324
f 1234/2204/70 1182/2203/70 1157/2202/70 1152/2201/70
f 1137/2208/140 1133/2207/140 1128/2206/140 1139/2205/140
f 1168/2212/1328 1138/2211/1328 1131/2210/1327 1132/2209/1327
f 1137/2208/140 1132/2214/140 1131/2213/140 1133/2207/140
f 1042/2181/1314 1176/2216/1329 1128/2215/1329 1133/2180/1314
f 1051/2220/1330 1055/2219/1331 1145/2218/1331 1155/2217/1330
f 1155/2224/1332 1145/2223/1333 1150/2222/1333 1153/2221/1332
f 1063/2228/1334 1053/2227/1335 1048/2226/1335 1043/2225/1334
f 1043/2232/1336 1048/2231/1337 1049/2230/1337 1129/2229/1336
f 1055/2219/1331 1056/2234/1338 1044/2233/1338 1145/2218/1331
f 1145/2223/1333 1044/2236/1339 1045/2235/1339 1150/2222/1333
f 1050/2240/1343 1059/2239/1342 1161/2238/1341 1153/2237/1340
f 1153/2237/1344 1161/2238/1345 1162/2242/1345 1155/2241/1344
f 1059/2239/1342 1066/848/506 1041/2243/1346 1161/2238/1341
f 1161/2238/1345 1041/2243/1347 1166/2244/1347 1162/2242/1345
f 1064/2246/1350 1057/2245/1349 1045/2235/1349 1129/2229/1348
f 1129/2229/1336 1045/2235/1339 1044/2236/1339 1043/2232/1336
f 1062/2198/1324 1052/2248/1324 1049/2247/1351 1061/2191/1326
f 1061/2191/1320 1049/2247/1353 1048/2249/1352 1070/2190/1319
f 1050/2251/1357 1153/2221/1356 1150/2222/1355 1054/2250/1354
f 1064/2246/1350 1129/2229/1348 1049/2230/1359 1052/2252/1358
f 1054/2250/1354 1150/2222/1355 1045/2235/1349 1057/2245/1349
f 1051/2220/1361 1155/2217/1361 1162/2254/1360 1058/2253/1360
f 1058/2253/1360 1162/2254/1360 1166/2255/1360 1200/388/1360
f 1063/2228/1334 1043/2225/1334 1044/2233/1338 1056/2234/1338
f 1068/2182/1362 1070/2256/1319 1048/2226/1352 1053/2227/1362
f 1081/2260/1363 1088/2259/1364 1068/2258/1364 1202/2257/1363
f 1107/2262/1368 1260/2261/1367 1204/2189/1366 1070/2190/1365
f 1215/419/1369 1089/2265/1370 1074/2264/1370 1233/2263/1369
f 1233/2263/1371 1074/2264/1372 1075/2267/1372 1099/2266/1371
f 1086/2270/1373 1218/824/1374 1104/2269/1374 1119/2268/1373
f 1119/2274/1375 1104/2273/1376 1103/2272/1376 1113/2271/1375
f 1084/2278/1377 1095/2277/1378 1120/2276/1378 1110/2275/1377
f 1110/2282/1379 1120/2281/1380 1071/2280/1380 1108/2279/1379
f 1085/2285/1381 1091/2284/1382 1072/2283/1382 1108/2279/1381
f 1108/2279/1379 1072/2283/1383 1073/2286/1383 1110/2282/1379
f 1087/2289/1384 1094/2288/1384 1071/2287/1384 1113/2271/1384
f 1113/2271/1385 1071/2287/1385 1120/2290/1385 1119/2274/1385
f 1091/2284/1382 1092/2292/1386 1078/2291/1386 1072/2283/1382
f 1072/2283/1383 1078/2291/1387 1079/2293/1387 1073/2286/1383
f 1089/2265/1388 1097/2295/1388 1076/2294/1388 1074/2264/1388
f 1074/2264/1389 1076/2294/1389 1077/2296/1389 1075/2267/1389
f 1097/2295/1391 1093/2298/1391 1079/2297/1390 1076/2294/1390
f 1076/2300/1392 1079/2293/1387 1078/2291/1387 1077/2299/1392
f 1081/2304/1395 1099/2303/1395 1075/2302/1394 1088/2301/1393
f 1087/2289/1397 1113/2271/1397 1103/2272/1396 1217/341/1396
f 1085/2285/1381 1108/2279/1381 1071/2280/1398 1094/2305/1398
f 1084/2278/1377 1110/2275/1377 1073/2307/1399 1090/2306/1399
f 1086/2270/1400 1119/2268/1400 1120/2276/1400 1095/2277/1400
f 1090/2306/1399 1073/2307/1399 1079/2297/1401 1093/2298/1401
f 1088/2301/1393 1075/2302/1394 1077/2309/1403 1096/2308/1402
f 1096/2310/1404 1077/2299/1404 1078/2291/1386 1092/2292/1386
f 1052/2248/1324 1062/2198/1324 1152/2199/108 1164/2311/108
f 1157/2193/1321 1135/2194/1321 1130/2313/1405 1147/2312/1405
f 1134/2317/1407 1148/2316/1407 1147/2315/1406 1130/2314/1406
f 1149/2321/70 1164/2320/70 1147/2319/70 1148/2318/70
f 1262/2323/1409 1260/2261/1367 1107/2262/1368 1117/2322/1408
f 1097/2295/1391 1089/2265/1410 1102/2324/1410 1093/2298/1391
f 1261/826/492 1262/2323/1409 1117/2322/1408 1116/2325/1411
f 1091/2284/1413 1105/2327/1413 1106/2326/1412 1092/2292/1412
f 1064/2246/1350 1149/2329/1415 1160/2328/1414 1057/2245/1414
f 1096/2310/1416 1092/2292/1412 1106/2326/1412 1100/2330/1416
f 1094/2288/1417 1087/2289/1417 1111/2332/1417 1101/2331/1417
f 1066/848/506 1059/2239/1342 1156/2333/1418 1238/847/505
f 1085/2285/1419 1114/2334/1419 1105/2327/1413 1091/2284/1413
f 1096/2308/1402 1100/2336/1420 1107/2335/1420 1088/2301/1393
f 1090/2306/1421 1093/2298/1422 1102/2324/1422 1109/2337/1421
f 1095/2277/1423 1084/2278/1423 1112/2338/1423 1086/2270/1423
f 1253/817/485 1261/826/492 1116/2325/1411 1115/2339/1424
f 1218/824/490 1086/2270/1425 1112/2338/1425 1121/425/490
f 1090/2306/1421 1109/2337/1421 1112/2338/1426 1084/2278/1426
f 1094/2305/1427 1101/2340/1427 1114/2334/1419 1085/2285/1419
f 1257/816/484 1253/817/485 1115/2339/1424 1111/2341/1428
f 1111/2341/1428 1115/2339/1424 1114/2343/1430 1101/2342/1429
f 1115/2339/1424 1116/2325/1411 1105/2344/1431 1114/2343/1430
f 1116/2325/1411 1117/2322/1408 1106/2345/1432 1105/2344/1431
f 1117/2322/1408 1107/2262/1368 1100/2346/1433 1106/2345/1432
f 1050/2251/1357 1054/2250/1354 1158/2348/1435 1165/2347/1434
f 1158/2352/70 1160/2351/70 1159/2350/70 1168/2349/70
f 1160/2351/70 1149/2321/70 1148/2318/70 1159/2350/70
f 1057/2245/1414 1160/2328/1414 1158/2348/1435 1054/2250/1354
f 1124/424/234 1109/2337/1437 1102/2324/1436 1123/420/265
f 1052/2252/1358 1164/2353/1438 1149/2329/1415 1064/2246/1350
f 1154/2354/1439 1141/421/231 1144/433/242 1151/2184/1317
f 1056/2234/1441 1154/2354/1439 1151/2184/1317 1063/2228/1440
f 1051/2220/1445 1058/2253/1444 1163/2355/1443 1055/2219/1442
f 1238/427/70 1156/2357/70 1137/2356/70 1139/426/70
f 1109/2337/1437 1124/424/234 1121/425/235 1112/2338/1446
f 1141/421/231 1154/2354/1439 1163/2355/1443 1142/389/230
f 1089/2265/1447 1215/419/229 1123/420/229 1102/2324/1447
f 1164/2320/70 1152/2201/70 1157/2202/70 1147/2319/70
f 1063/2228/1448 1151/2184/1317 1068/2182/1315 1053/2227/1448
f 1056/2234/1441 1055/2219/1442 1163/2355/1443 1154/2354/1439
f 1138/2211/1328 1168/2212/1328 1159/2359/1449 1136/2358/1449
f 1136/2358/1449 1159/2359/1449 1148/2316/1407 1134/2317/1407
f 1088/2363/1450 1107/2362/1450 1070/2361/1450 1068/2360/1450
f 1050/2240/1343 1165/2364/216 1156/2333/1418 1059/2239/1342
f 1165/2366/70 1158/2352/70 1168/2349/70 1132/2365/70
f 1058/2253/1444 1200/388/213 1142/389/213 1163/2355/1443
f 1217/341/190 1257/342/190 1111/2332/1451 1087/2289/1451
f 1156/2357/70 1165/2366/70 1132/2365/70 1137/2356/70
f 1239/2165/1452 1249/2138/1452 1251/2156/1452 1237/2367/1452
f 1237/2367/1453 1251/2156/1453 1254/2157/1453 1236/2368/1453
f 1229/2153/1454 1245/2369/1454 1255/2160/1454 1222/2149/1454
f 1266/2373/1458 1342/2372/1457 1272/2371/1456 577/2370/1455
f 1344/2375/1460 1256/2374/1459 577/2370/1455 1272/2371/1456
f 2429/310/108 1327/2377/108 419/2376/108 2428/168/108
f 1344/2375/1460 257/2379/1462 578/2378/1461 1256/2374/1459
f 1265/2383/1463 1337/2382/1464 587/2381/1464 1335/2380/1463
f 1266/2373/1458 1286/2385/1466 1268/2384/1465 1342/2372/1457
f 156/311/173 1345/2386/1467 1327/2377/1467 2429/310/173
f 257/2379/1462 1344/2375/1460 1264/2388/1469 562/2387/1468
f 1319/2392/1470 1265/2391/1471 1335/2390/1471 1268/2389/1470
f 1258/303/166 1324/2394/1472 1350/2393/1472 415/299/166
f 1337/2382/1464 419/2376/1473 1263/2395/1473 587/2381/1464
f 1289/2397/1474 1324/2396/1474 1258/301/163 563/164/163
f 1331/2398/1475 205/298/162 415/299/162 1350/2393/1475
f 1327/2377/1476 1345/2386/1476 562/2400/1476 1264/2399/1476
f 1289/2397/1477 1319/2392/1470 1268/2389/1470 1286/2401/1477
f 1324/2403/1478 1289/2402/1478 1286/2385/1478 1266/2373/1478
f 1348/2406/1479 1331/2398/1479 1256/2405/1479 578/2404/1479
f 1327/2377/1480 1264/2399/1480 1263/2395/1473 419/2376/1473
f 1331/2398/1481 1350/2393/1481 577/2407/1481 1256/2405/1481
f 1336/167/108 1337/2382/108 1265/2383/108 1267/189/108
f 1319/2392/1483 570/161/103 1267/188/117 1265/2391/1482
f 1350/2393/1484 1324/2394/1484 1266/2408/1484 577/2407/1484
f 125/382/1485 147/383/1485 148/90/49 130/91/49
f 2428/168/108 419/2376/108 1337/2382/108 1336/167/108
f 1319/2392/1483 1289/2397/1486 563/164/106 570/161/103
f 1342/2372/1457 1268/2384/1465 1335/2410/1488 587/2409/1487
f 1344/2375/1460 1272/2371/1456 1263/2411/1489 1264/2388/1469
f 1331/2398/140 1348/2406/140 107/1257/140 205/298/140
f 1342/2372/1457 587/2409/1487 1263/2411/1489 1272/2371/1456
f 139/380/1490 149/381/1490 152/81/41 140/82/41
f 1412/2412/1492 582/1200/1492 1406/1201/1491 1407/1247/1491
f 1409/1185/1493 1402/1229/1493 1835/1175/1493 1410/1176/1493
f 1413/1252/1494 1778/1187/1494 1773/1217/1494 1421/2413/1494
f 1417/2414/1495 595/1226/1495 600/1178/1495 1422/1251/1495
f 615/1230/1496 611/1248/1496 625/1246/1496
f 1755/2418/1497 1677/2417/1497 1764/2416/1497 1426/2415/1497
f 1426/2415/1498 1764/2416/1498 1763/2420/1498 1425/2419/1498
f 1677/2417/1499 554/2422/1500 1760/2421/1500 1764/2416/1499
f 804/1384/1501 906/1381/1501 1527/1671/1030 1532/1672/1030
f 1764/2416/1502 1760/2421/1503 1762/2423/1503 1763/2420/1502
f 565/2425/1504 1755/2418/1505 1426/2415/1505 1424/2424/1504
f 1424/2424/1506 1426/2415/1507 1425/2419/1507 3568/2426/1506
f 1685/2428/1508 1425/2419/1508 1763/2420/1508 1427/2427/1508
f 1427/2427/1510 1763/2420/1510 1762/2423/1509 2433/2429/1509
f 1757/2430/1512 3568/2426/1512 1425/2419/1511 1685/2428/1511
f 1765/2432/1513 1768/2431/1513 1685/2428/1513 1427/2427/1513
f 1768/2431/1514 572/2433/1515 1757/2430/1515 1685/2428/1514
f 1407/1247/1516 1413/1252/1517 1768/2435/1517 1765/2434/1516
f 1412/2412/1518 1407/1247/1516 1765/2434/1516 1767/2436/1518
f 1767/2437/1519 1765/2432/1520 1427/2427/1520 2433/2429/1519
f 1413/1252/1517 585/2439/1521 572/2438/1521 1768/2435/1517
f 585/2439/1522 1413/1252/1523 1421/2413/1523 574/2440/1522
f 2201/2442/1525 205/2441/1525 1417/2414/1524 1422/1251/1524
f 1422/1251/1527 1411/1250/1527 2245/2443/1526 2201/2442/1526
f 1410/1176/1530 1423/1177/1529 1780/2445/1529 1838/2444/1528
f 1840/2448/1533 1837/2447/1532 2238/2446/1531 589/1160/716
f 1410/1176/1530 1838/2444/1528 2430/2450/1535 1775/2449/1534
f 1775/2449/1534 1414/1184/1537 1409/1185/1536 1410/1176/1530
f 1411/1204/1539 1408/1198/1539 567/1199/1538 2245/2451/1538
f 565/2425/1541 554/2422/1541 1677/2417/1540 1755/2418/1540
f 1837/2453/1543 1840/2452/1542 1775/2449/1534 2430/2450/1535
f 1840/2452/1542 1420/1208/1544 1414/1184/1537 1775/2449/1534
f 1780/2445/1529 1423/1177/1529 1415/1225/1545 1769/2454/1545
f 1773/2458/1548 592/2457/1548 1420/2456/1547 1421/2455/1546
f 371/1170/721 2194/2460/1549 2475/2459/1549 366/1162/718
f 377/2464/1550 342/2463/1551 2456/2462/1551 2476/2461/1550
f 564/2468/1555 371/2467/1554 2438/2466/1553 2472/2465/1552
f 2472/2465/1552 2438/2466/1553 2446/2470/1557 2437/2469/1556
f 2421/2472/1558 554/2422/1541 565/2425/1541 2246/2471/1558
f 567/1199/1538 603/2474/1559 576/2473/1559 2245/2451/1538
f 591/2476/1561 564/2468/1555 2472/2465/1552 588/2475/1560
f 2437/2469/1556 2444/2477/1562 588/2475/1560 2472/2465/1552
f 2238/2446/1531 2446/2478/1563 2438/1171/722 589/1160/716
f 2456/2462/1551 342/2463/1551 588/2475/1560 2444/2477/1562
f 2245/2443/1526 576/2480/1564 360/2479/1564 2201/2442/1526
f 374/2481/1565 205/2441/1525 2201/2442/1525 360/2479/1565
f 366/2483/1566 573/2482/1566 585/2439/1522 574/2440/1522
f 572/2438/1521 585/2439/1521 573/2482/1567 2481/2484/1567
f 2436/2486/1568 2483/2485/1568 1767/2437/1519 2433/2429/1519
f 2483/2488/1569 641/2487/1569 1412/2412/1518 1767/2436/1518
f 2481/2484/1567 573/2482/1567 641/2487/1569 2483/2488/1569
f 1757/2430/1515 572/2433/1515 2481/2490/1570 2249/2489/1570
f 2249/2489/1571 2481/2490/1571 2483/2485/1571 2436/2486/1571
f 334/2491/1572 3568/2426/1512 1757/2430/1512 2249/2489/1572
f 1430/1044/108 1435/2493/108 1436/2492/108 1434/1047/108
f 1429/2495/1573 1432/1050/644 1433/1051/644 1431/2494/1573
f 1440/2497/1574 1439/2496/1574 1437/1049/641 1438/1046/641
f 1438/1046/640 1434/1047/640 1436/2492/1575 1440/2497/1575
f 1439/2498/1576 1435/2493/1576 1430/1044/637 1437/1042/637
f 1440/2500/1577 1436/2492/1577 1435/2493/1577 1439/2499/1577
f 1444/1035/635 1443/1036/635 1441/2502/1578 1442/2501/1578
f 1441/2504/1579 1429/2495/1579 1431/2494/1579 1442/2503/1579
f 1443/2508/632 1432/2507/632 1429/2506/1580 1441/2505/1580
f 1442/2512/1581 1431/2511/1581 1433/2510/629 1444/2509/629
f 1592/2516/1583 1808/2515/1583 1619/2514/1582 1598/2513/1582
f 1486/2520/1584 1772/2519/1584 1770/2518/1584 1491/2517/1584
f 1489/2524/1586 1487/2523/1586 1493/2522/1585 1495/2521/1585
f 1800/1641/1587 1616/1638/1588 1617/2526/1588 1520/2525/1587
f 1598/2513/1590 1599/2528/1590 1595/2527/1589 1592/2516/1589
f 1449/12/1591 1490/2530/1591 1500/2529/1591 1452/10/1591
f 1491/2517/1592 1770/2518/1592 1744/2532/1592 1510/2531/1592
f 1495/2521/1585 1493/2522/1585 1511/2534/1593 1515/2533/1593
f 1638/2537/1594 1824/2536/1595 1742/99/57 1797/2535/1594
f 1516/2538/1596 1454/9/1596 1452/10/1596 1500/2529/1596
f 1510/2540/1597 1744/2539/1597 1800/1641/1597 1520/2525/1597
f 1595/2527/1589 1515/2542/1593 1511/2541/1593 1592/2516/1589
f 1830/2546/1598 1564/2545/1599 1562/2544/1599 1827/2543/1598
f 1454/6/1600 1516/2548/1600 1597/2547/1600 1457/4/1600
f 1512/2552/1601 774/2551/1602 767/2550/1602 1826/2549/1601
f 1828/2556/1606 1551/2555/1605 1549/2554/1604 1458/2553/1603
f 1597/2547/140 1610/2557/1608 1611/1127/1607 1457/4/140
f 204/1001/606 1288/2559/1609 1295/2558/1609 1305/885/606
f 1318/2562/1612 1322/2561/1611 1292/2560/1610
f 1278/2564/1614 1299/2563/1613 163/1000/605 1356/964/581
f 1284/2566/140 1296/2565/140 1358/998/140 1282/894/140
f 1294/2568/1615 1303/2567/1615 1317/914/108 1291/997/108
f 1293/2570/1616 1326/2569/1616 1303/2567/1615 1294/2568/1615
f 1276/994/601 1290/2572/1617 1297/2571/1617 1349/889/601
f 1311/2573/1618 1338/993/600 1274/900/600 1293/2570/1618
f 1334/2575/1619 1301/991/598 1339/919/598 1306/2574/1619
f 1313/977/595 1304/2577/1620 1302/2576/1620 1283/988/595
f 1301/986/593 1334/2578/1621 1318/2562/1621 1332/960/593
f 1315/2580/1622 1316/2579/1622 1271/985/591 1314/982/591
f 1280/2584/1111 1281/2583/1111 1316/2582/1111 1315/2581/1111
f 1313/977/589 1309/974/589 1270/2585/1623 1304/2577/1623
f 1273/975/586 1269/2586/1624 1270/2585/1624 1309/974/586
f 1321/971/70 1325/972/70 1281/2588/1625 1280/2587/1625
f 647/2590/1626 744/2589/1626 679/935/1626 642/936/1626
f 1356/964/581 1312/965/582 1277/2591/1627 1278/2564/1614
f 1343/962/579 1275/2593/1628 1328/2592/1628 1353/908/579
f 1332/960/577 1318/2562/1612 1292/2560/1610 1346/917/577
f 640/966/1629 673/967/1629 711/2595/1629 644/2594/1629
f 644/2594/1630 711/2595/1630 653/2597/1630 639/2596/1630
f 639/2596/1631 653/2597/1631 709/2599/1631 643/2598/1631
f 643/2601/1632 709/2600/1632 744/2589/1632 647/2590/1632
f 120/2605/1633 636/2604/1633 734/2603/1633 646/2602/1633
f 646/2607/1634 734/2606/1634 732/968/584 645/969/584
f 638/933/564 652/934/564 650/852/1635 637/853/1635
f 1278/2564/1614 1277/2591/1627 1292/2560/1610 1322/2561/1611
f 642/1650/1012 638/2609/1636 645/2608/1636 640/1649/1012
f 1283/931/562 1302/2611/1637 1287/2610/1637 1320/929/562
f 1320/929/560 1287/2610/1638 1285/2612/1638 1279/924/560
f 1338/927/558 1311/2614/1639 1310/2613/1639 1330/920/558
f 1279/924/556 1285/2612/1640 1290/2615/1640 1276/923/556
f 1330/920/554 1310/2613/1641 1306/2574/1641 1339/919/554
f 1292/2560/1642 1329/2616/1642 1323/881/552 1346/917/552
f 1321/916/550 1280/2617/1643 1326/2569/1643 1300/897/550
f 1326/2569/1644 1280/2617/1644 1315/2618/1644 1303/2567/1644
f 1315/2618/1645 1314/913/548 1317/914/548 1303/2567/1645
f 1329/2621/1646 1328/2620/1646 1275/2619/1646 1269/2586/1646
f 1277/2622/1647 1312/907/545 1353/908/545 1328/2592/1647
f 1329/2626/1648 1292/2625/1648 1277/2624/1648 1328/2623/1648
f 1326/2569/1616 1293/2570/1616 1274/900/541 1300/897/541
f 1298/2627/140 1297/2571/140 1296/2565/140 1284/2566/140
f 1284/2566/1649 1282/894/540 1271/895/540 1316/2628/1649
f 1284/2566/1650 1316/2628/1650 1281/2629/1650 1298/2627/1650
f 1298/2627/1651 1281/2629/1651 1325/891/536 1341/888/536
f 1298/2627/140 1341/888/140 1349/889/140 1297/2571/140
f 1305/885/534 1295/2558/1652 1275/2619/1652 1343/884/534
f 1323/881/532 1329/2616/1653 1269/2630/1653 1273/880/532
f 1270/2585/1654 1269/2586/1654 1275/2619/1654 1295/2558/1654
f 1490/2530/1655 1449/12/1655 1445/13/1655 1514/2631/1655
f 1795/2633/1656 1825/2632/1656 1638/2537/1656 1797/2535/1656
f 1772/2519/1657 1486/2520/1657 1825/2635/1657 1795/2634/1657
f 1833/2637/1658 1514/2636/1658 1445/1128/1658 1451/1129/1658
f 1512/2639/1601 1826/2638/1601 1487/2523/1586 1489/2524/1586
f 1588/2640/1659 1589/102/60 1742/99/57 1824/2536/1595
f 767/2550/1602 774/2551/1602 1822/2642/1660 1823/2641/1660
f 1833/2637/1663 1451/1129/1663 1481/1132/1662 1820/2643/1661
f 1635/865/514 1479/866/515 1481/1132/1665 1741/1133/1664
f 121/946/1666 601/947/1666 630/858/1666 118/859/1666
f 115/860/1667 624/861/1667 623/948/1667 114/949/1667
f 113/856/1668 620/857/1668 557/2645/1668 556/2644/1668
f 1590/101/59 1589/102/60 1464/2646/1669 1690/849/507
f 646/802/470 645/2608/1636 638/2609/1636 637/805/473
f 171/343/1670 412/340/1670 392/2648/1670 203/2647/1670
f 117/2650/1671 629/2649/1671 626/862/1671 116/863/1671
f 556/2644/1672 557/2645/1672 636/2604/1672 120/2605/1672
f 120/956/575 646/2652/470 123/2651/471 119/955/575
f 182/2656/1674 398/2655/1674 383/2654/1673 207/2653/1673
f 515/478/268 526/437/246 499/434/243 536/477/268
f 182/2656/1674 183/846/504 400/845/504 398/2655/1674
f 797/25/609 1707/2657/1676 890/524/1675 798/525/608
f 155/807/475 1262/2323/1409 1261/826/492 157/811/479
f 184/417/1678 403/418/1678 212/2658/1677 395/828/1677
f 179/808/476 1260/2261/1367 1262/2323/1409 155/807/475
f 528/413/70 511/414/70 526/482/70 527/483/70
f 1499/178/288 1785/175/1679 1505/498/1679 798/525/288
f 1499/178/112 1783/526/1680 1782/2659/1680 1502/177/112
f 1502/174/110 1782/2661/1681 947/2660/1681 1503/173/110
f 528/2663/1682 527/403/219 541/400/219 547/2662/1682
f 119/944/1683 635/945/1683 629/2649/1683 117/2650/1683
f 1822/2642/1684 774/2551/1685 1448/2665/1685 1462/2664/1684
f 1487/2523/1687 1817/2667/1687 1818/2666/1686 1493/2522/1686
f 1490/2530/1688 1812/2669/1688 1813/2668/1688 1500/2529/1688
f 1598/2513/1582 1619/2514/1582 1809/2671/1689 1517/2670/1689
f 1610/2557/1691 1601/2674/1691 1805/2673/1690 1832/2672/1690
f 1493/2522/1686 1818/2666/1686 1482/2675/1692 1511/2534/1692
f 1500/2529/1693 1813/2668/1693 1477/2676/1693 1516/2538/1693
f 1823/2641/1695 1467/2678/1695 1468/2677/1694 767/2550/1694
f 1511/2541/1692 1482/2679/1692 1808/2515/1583 1592/2516/1583
f 1516/2548/1696 1477/2681/1696 1803/2680/1696 1597/2547/1696
f 1588/2640/1698 1587/2684/1698 1463/2683/1697 1829/2682/1697
f 1551/2555/1700 1554/2686/1700 1460/2685/1699 1820/2643/1699
f 1833/2637/1701 1450/2688/1701 1453/2687/1701 1514/2636/1701
f 1825/2632/1702 1447/2690/1702 1472/2689/1702 1638/2537/1702
f 547/2694/1703 540/2693/1704 518/2692/1704 528/2691/1703
f 1503/173/625 947/2660/1705 1639/597/1705 1504/598/625
f 523/2698/108 509/2697/1324 754/2696/1324 511/2695/108
f 442/2700/1706 457/2699/1707 383/2654/1707 398/2655/1706
f 1693/2702/1708 1707/2701/1676 797/1147/609 1372/1148/1708
f 813/1626/1709 804/1384/1709 1532/1672/1269 1540/2125/1269
f 990/116/74 813/1626/1710 1540/2125/1275 1541/119/77
f 1374/2706/1711 1787/2705/1712 1707/2704/1712 1693/2703/1711
f 1373/1762/1713 791/2707/1714 1787/2705/1714 1374/2706/1713
f 457/2709/1716 460/2708/1715 407/829/495 383/830/496
f 970/113/71 990/116/74 1541/119/77 811/120/78
f 441/2711/1717 464/2710/1718 401/823/1718 395/828/1717
f 1522/850/508 1704/851/509 955/494/1719 1523/495/523
f 105/2713/1720 108/2712/1720 413/825/1720 391/827/1720
f 464/2710/1718 173/2714/1721 416/822/1721 401/823/1718
f 471/2716/1722 176/2715/1723 414/818/1723 392/819/1722
f 1524/496/276 1702/2717/1724 999/868/1724 1523/495/276
f 1524/496/1725 1705/497/1726 1703/2719/1726 1526/2718/1725
f 1103/2272/1396 164/2720/1727 412/340/1727 1217/341/1396
f 1526/2722/1728 1703/2721/1729 948/1010/1729 1556/1011/1728
f 1558/1012/616 1008/799/520 1002/506/520 1556/1011/616
f 1561/2723/1730 1706/798/468 1008/799/468 1558/1012/1730
f 460/2708/1715 1099/2303/1395 1081/2304/1395 407/829/495
f 1569/493/1731 1708/314/1732 1706/2725/1732 1561/2724/1731
f 442/2700/1734 441/2727/1734 458/2726/1733 457/2699/1733
f 441/2711/1735 395/828/1677 212/2658/1677 458/2728/1735
f 1569/493/274 1709/2729/1736 956/1004/1736 1572/492/274
f 457/2732/1737 458/2728/1737 462/2731/1737 460/2730/1737
f 458/2728/1738 212/2658/1738 403/418/1738 462/2731/1738
f 1574/1005/613 1675/867/519 1208/313/517 1572/492/612
f 1574/1005/613 1710/1003/610 1678/2734/1740 1548/2733/1739
f 441/2727/1734 442/2700/1734 468/2736/1741 464/2735/1741
f 1575/193/627 1637/2738/1742 1786/2737/1742 1521/1021/627
f 1489/2524/1744 1811/2740/1744 1455/2739/1743 1512/2639/1743
f 442/2700/1706 398/2655/1706 400/845/1745 468/2736/1745
f 1826/2638/1746 1446/2741/1746 1817/2667/1687 1487/2523/1687
f 1620/191/1747 1634/192/1747 1646/1014/1747 1673/2742/1747
f 105/2745/1748 471/2744/1748 164/2720/1748 108/2743/1748
f 1820/2643/1699 1460/2685/1699 1450/2688/1749 1833/2637/1749
f 471/2744/1750 392/2648/1750 412/340/1750 164/2720/1750
f 1816/2749/1751 1819/2748/1751 1818/2747/1751 1817/2746/1751
f 1682/511/1752 1680/2750/1752 1340/296/1752 1347/297/1752
f 464/2735/1741 468/2736/1741 176/2715/1753 173/2751/1753
f 1486/2520/1754 1491/2517/1754 1819/2748/1754 1816/2749/1754
f 1655/194/119 1418/2752/1755 1637/2738/1755 1575/193/119
f 468/2736/1745 400/845/1745 414/818/1723 176/2715/1723
f 471/2716/1756 105/2753/1756 173/2751/1753 176/2715/1753
f 105/2713/1757 391/827/1757 416/822/1721 173/2714/1721
f 1811/2755/1758 1814/2754/1758 1813/2668/1758 1812/2669/1758
f 1103/2272/1376 1104/2273/1376 108/2743/1759 164/2720/1759
f 1473/200/1760 1620/191/1760 1673/2742/1760 1674/2756/1760
f 1692/489/1761 1753/486/1761 999/868/1724 1702/2717/1724
f 1489/2524/1744 1495/2521/1762 1814/2757/1762 1811/2740/1744
f 1700/2759/1764 1692/489/1764 1702/2717/1763 1701/2758/1763
f 1807/2763/1765 1618/2762/1766 1619/2761/1766 1808/2760/1765
f 1680/2764/1767 1641/1018/1767 1661/284/155 1340/285/155
f 1104/2269/1374 1218/824/1374 413/825/1768 108/2712/1768
f 1520/2525/1769 1617/2526/1770 1618/2762/1770 1807/2763/1769
f 460/2730/1771 462/2731/1771 1233/2263/1371 1099/2266/1371
f 462/2731/1772 403/418/1772 1215/419/1369 1233/2263/1369
f 1204/2189/1366 1260/2261/1367 179/808/476 473/2765/1773
f 1672/201/124 1419/2766/1774 1418/2752/1774 1655/194/124
f 1485/2768/1775 1600/2767/1776 1601/2674/1776 1803/2680/1775
f 1595/2527/1777 1599/2528/1778 1600/2770/1778 1485/2769/1777
f 480/2772/1779 407/2771/1779 1081/2260/1363 1202/2257/1363
f 1819/2748/1780 1483/2774/1780 1482/2773/1780 1818/2747/1780
f 801/2778/1783 473/2777/1782 480/2776/1781 753/2775/1781
f 1333/2780/1784 1488/2779/1785 506/410/1785 551/407/1784
f 1491/2517/1786 1510/2531/1786 1483/2774/1786 1819/2748/1786
f 1166/2255/1360 513/2781/1360 534/387/1360 1200/388/1360
f 513/2781/1360 520/2782/1361 755/428/1361 534/387/1360
f 1018/2784/1787 525/2783/1788 752/476/267 536/477/1787
f 1814/2754/1789 1478/2785/1789 1477/2676/1789 1813/2668/1789
f 769/2787/1791 550/2786/1790 499/434/243 754/435/244
f 1495/2521/1762 1515/2533/1792 1478/2788/1792 1814/2757/1762
f 1466/2791/1793 1472/2689/1794 1468/2790/1794 1467/2789/1793
f 1824/2536/1795 1638/2537/1796 1472/2689/1796 1466/2791/1795
f 1483/2793/1797 1807/2763/1797 1808/2760/1797 1482/2792/1797
f 525/2783/1788 522/2794/1798 756/485/271 752/476/267
f 1675/867/519 1574/1005/613 1548/2733/1739 1479/866/1799
f 801/2778/1783 769/2796/1801 529/2795/1800 473/2777/1782
f 1510/2540/1802 1520/2525/1802 1807/2763/1802 1483/2793/1802
f 769/2796/1351 754/2696/1324 509/2697/1324 529/2795/1326
f 1333/2798/1804 1018/2784/1804 550/2786/1803 1488/2797/1803
f 1018/2784/1787 536/477/1787 499/434/243 550/2786/1790
f 1166/2244/1347 1041/2243/1347 514/2800/1805 513/2799/1805
f 1041/2243/1346 1066/848/506 533/392/214 514/2800/1806
f 1686/2802/1808 1928/864/513 1635/865/514 1501/2801/1807
f 1478/2803/1809 1485/2768/1809 1803/2680/1809 1477/2681/1809
f 513/2799/1805 514/2800/1805 522/2805/1810 520/2804/1810
f 514/2800/1806 533/392/214 756/393/215 522/2805/1811
f 1515/2542/1792 1595/2527/1777 1485/2769/1777 1478/2806/1792
f 1018/2784/1804 1333/2798/1804 530/2807/1812 525/2783/1812
f 1333/2780/1784 551/407/1784 750/408/1813 530/2808/1813
f 769/2787/1814 801/2809/1814 1488/2797/1803 550/2786/1803
f 801/2810/1815 753/409/1815 506/410/1785 1488/2779/1785
f 525/2783/1812 530/2807/1812 520/2811/1816 522/2794/1816
f 1467/2789/1793 1586/2812/1817 1587/2684/1817 1466/2791/1793
f 1684/2816/1819 1686/2815/1819 1501/2814/1818 1484/2813/1818
f 1698/2818/1820 1793/870/1820 2487/871/1820 1747/2817/1820
f 1696/2820/1821 1698/2818/1821 1747/2817/1821 1746/2819/1821
f 530/2808/1813 750/408/1813 755/428/1822 520/2782/1822
f 1823/2641/1695 1564/2545/1823 1586/2821/1823 1467/2678/1695
f 1128/2215/1329 1176/2216/1329 1492/2823/1824 544/2822/1824
f 1694/2825/1825 1791/873/1825 1793/874/1825 1698/2824/1825
f 1688/2827/1826 1694/2825/1826 1698/2824/1826 1696/2826/1826
f 1676/2829/1827 1996/1015/1827 1788/1016/1827 1735/2828/1827
f 1725/2831/1828 1676/2829/1828 1735/2828/1828 1734/2830/1828
f 546/2835/140 545/2834/140 538/2833/140 544/2832/140
f 546/2837/1829 537/404/221 507/405/221 545/2836/1829
f 1684/2816/1830 1969/869/1830 1791/873/1830 1694/2825/1830
f 1686/2815/1831 1684/2816/1831 1694/2825/1831 1688/2827/1831
f 1738/2839/1832 2484/1019/1832 1996/1020/1832 1676/2838/1832
f 1740/2841/1833 1738/2839/1833 1676/2838/1833 1725/2840/1833
f 765/2843/1835 1521/1021/1835 1786/2737/1834 1730/2842/1834
f 1128/2206/140 544/2832/140 538/2833/140 1139/2205/140
f 518/416/70 1182/2203/70 1234/2204/70 523/415/70
f 1181/2197/1323 1146/2192/1325 529/2845/1326 509/2844/1324
f 509/2844/1324 523/2846/108 1234/2200/108 1181/2197/1323
f 766/2848/1837 765/2843/1837 1730/2842/1836 1731/2847/1836
f 1747/2817/1838 2487/871/1838 2484/1019/1838 1738/2839/1838
f 1456/2851/1839 1560/2850/1840 1554/2686/1840 1459/2849/1839
f 540/2693/1704 1169/2195/1322 1182/2196/1322 518/2692/1704
f 1827/2543/1841 1562/2544/1842 1560/2853/1842 1456/2852/1841
f 473/2765/1782 529/2845/1800 1146/2192/1318 1204/2189/1318
f 1893/2187/23 1887/2855/23 14/2854/32 17/2186/32
f 1746/2819/1843 1747/2817/1843 1738/2839/1843 1740/2841/1843
f 1684/2816/1844 1484/2813/1845 1400/100/1845 1969/869/1844
f 1696/2857/1846 1746/2856/1847 2485/19/1847 2415/20/1846
f 1688/2859/1848 1696/2858/1846 2415/15/1846 1792/16/1848
f 1725/2831/1849 1734/2830/1849 1789/1135/1849 1974/1136/1849
f 1686/2802/1850 1688/2859/1848 1792/16/1848 1928/864/1850
f 1202/2183/1316 1144/433/242 524/411/226 480/412/227
f 544/2822/1824 1492/2823/1824 1494/2861/1851 546/2860/1851
f 546/2860/1851 1494/2861/1851 1496/2863/1852 537/2862/1852
f 537/2862/1854 1496/2863/1854 1497/2865/1853 539/2864/1853
f 539/2864/1853 1497/2865/1853 1498/2867/1855 541/2866/1855
f 541/2866/1855 1498/2867/1855 1506/2869/1856 547/2868/1856
f 1448/2871/1857 1455/2870/1857 1453/2687/1857 1450/2688/1857
f 774/2551/1685 1512/2552/1743 1455/2872/1743 1448/2665/1685
f 1446/2873/1858 1468/2790/1858 1472/2689/1858 1447/2690/1858
f 1740/2875/1859 1725/2874/1860 1974/1137/1860 2028/23/1859
f 547/2868/1856 1506/2869/1856 1508/2877/1861 540/2876/1861
f 1508/2877/1861 1195/2168/1307 1169/2169/1307 540/2876/1861
f 426/335/1862 428/2879/1862 454/2878/1862 436/334/1862
f 428/2879/1863 429/2881/1863 445/2880/1863 454/2878/1863
f 1734/2830/1864 766/2848/1865 791/1134/1865 1789/1135/1864
f 1746/2856/1866 1740/2875/1859 2028/23/1859 2485/19/1866
f 429/2881/1867 431/2883/1867 444/2882/1867 445/2880/1867
f 1718/315/1868 1720/2884/1868 1706/2725/1732 1708/314/1732
f 1308/304/1869 1670/305/1869 997/872/1869 1721/2885/1869
f 431/2883/1870 433/2887/1870 443/2886/1870 444/2882/1870
f 433/2887/1871 435/2889/1871 440/2888/1871 443/2886/1871
f 1307/309/1872 1308/304/1872 1721/2885/1872 1722/2890/1872
f 420/329/1873 453/326/1873 452/2892/1873 427/2891/1873
f 435/2889/1874 421/2894/1874 439/2893/1874 440/2888/1874
f 425/2898/1875 451/2897/1875 450/2896/1875 423/2895/1875
f 421/333/1876 446/2900/1876 447/2899/1876 424/332/1876
f 434/2904/1877 455/2903/1877 449/2902/1877 448/2901/1877
f 1715/2905/1878 1642/875/1878 1666/745/1878 1375/294/1878
f 424/332/1879 447/2899/1879 448/2901/1879 426/335/1879
f 429/2881/1880 450/2896/1880 451/2897/1880 431/2883/1880
f 455/2903/1881 423/2895/1881 450/2896/1881 449/2902/1881
f 435/2889/1882 453/326/1882 446/327/1882 421/2894/1882
f 1713/2906/1883 1715/2905/1883 1375/294/1883 1416/295/1883
f 432/2908/1884 447/2899/1884 446/2900/1884 430/2907/1884
f 433/2887/1885 452/2892/1885 453/326/1885 435/2889/1885
f 428/2879/1886 449/2902/1886 450/2896/1886 429/2881/1886
f 432/2908/1887 434/2904/1887 448/2901/1887 447/2899/1887
f 431/2883/1888 451/2897/1888 452/2892/1888 433/2887/1888
f 426/335/1889 448/2901/1889 449/2902/1889 428/2879/1889
f 425/2898/1890 427/2891/1890 452/2892/1890 451/2897/1890
f 1826/2549/1746 767/2550/1694 1468/2677/1694 1446/2909/1746
f 482/2912/1893 1921/841/500 1915/2911/1892 2275/2910/1891
f 1700/508/280 2310/505/280 985/1006/181 1722/2913/181
f 2314/2917/1896 1536/2916/1895 1607/2915/1894 1519/2914/1894
f 2275/2921/1898 1509/2920/1898 1563/2919/1897 482/2918/1897
f 1917/2925/1900 1916/2924/1900 2264/2923/1899 2258/2922/1899
f 2259/2929/1901 1581/2928/1902 1606/2927/1902 2258/2926/1901
f 1531/2933/1905 2297/2932/1904 2298/2931/1904 1657/2930/1903
f 1568/2935/1906 1563/2919/1906 1509/2920/1906 2279/2934/1906
f 1812/2669/1907 1453/2937/1907 1455/2936/1907 1811/2755/1907
f 487/2941/1909 1546/2940/1909 2266/2939/1908 2256/2938/1908
f 1580/2945/1913 1557/2944/1912 2084/2943/1911 1570/2942/1910
f 495/2947/1915 1643/2946/1914 1580/2945/1913 1570/2942/1910
f 2285/2949/1917 2284/2948/1916 2435/1358/857 2417/1352/1278
f 1490/2530/1918 1514/2631/1918 1453/2937/1918 1812/2669/1918
f 2265/2951/1921 2283/2950/1920 2284/2948/1916 2259/2929/1919
f 1537/2086/1240 2319/2129/1276 490/2953/1923 103/2952/1922
f 1583/439/248 1582/432/240 463/2955/1925 2272/2954/1924
f 1027/1309/1273 2299/2957/1926 2298/2956/1926 619/2128/1273
f 479/2961/1927 483/2960/1927 481/2959/1927 477/2958/1927
f 1447/2963/1928 1816/2749/1928 1817/2746/1928 1446/2962/1928
f 1596/2967/1929 2269/2966/1929 2276/2965/1929 1552/2964/1929
f 1542/2971/1933 1584/2970/1932 1593/2969/1931 1605/2968/1930
f 1825/2635/1934 1486/2520/1934 1816/2749/1934 1447/2963/1934
f 1462/2972/1935 1448/2871/1936 1450/2688/1936 1460/2685/1935
f 2303/2976/1940 2305/2975/1939 485/2974/1938 1604/2973/1937
f 1745/7/1942 1629/2978/1942 1630/2977/1941 1771/11/1941
f 1612/2/1016 1614/1654/1016 1625/1655/1943 1799/1/1943
f 437/2981/1945 1605/2968/1930 1602/2980/1944 1653/2979/1908
f 1573/2984/1948 1542/2971/1933 2252/2983/1947 1547/2982/1946
f 2416/2087/1270 2289/2986/1949 2288/2985/1949 2461/2126/1270
f 1546/2940/1909 487/2941/1909 1593/2969/1931 1647/2987/1931
f 1743/8/1950 1622/2988/1950 1629/2978/1942 1745/7/1942
f 1603/441/249 1583/439/249 2272/2954/1951 2086/2989/1951
f 1573/2984/1948 1547/2982/1946 2088/2991/1013 1689/2990/1908
f 2309/2995/1953 2311/2994/1953 2271/2993/1952 1627/2992/1952
f 1602/2980/1944 487/2941/1909 2256/2938/1908 478/2996/1908
f 2287/3000/1955 2288/2999/1955 1553/2998/1954 1533/2997/1954
f 475/3004/1956 1654/3003/1958 489/3002/1957 1594/3001/1956
f 1796/1130/1960 1474/3006/1960 1475/3005/1959 1741/1133/1959
f 1799/1/1961 1625/1655/1961 1622/3007/1961 1743/5/1961
f 1794/1131/1962 1470/3008/1962 1474/3006/1960 1796/1130/1960
f 1771/11/1963 1630/2977/1963 1470/3009/1962 1794/14/1962
f 1400/100/1845 1484/2813/1845 1476/3010/1964 1742/99/1964
f 1628/3014/1965 1631/3013/1965 1630/3012/1965 1629/3011/1965
f 1650/3018/1966 2254/3017/1966 2085/3016/1966 1651/3015/1966
f 1606/3021/1944 1750/3020/1908 1594/3001/1956 1632/3019/1967
f 1650/3025/1968 1571/3024/1969 497/3023/1969 2254/3022/1968
f 1770/2518/1970 1772/2519/1970 1631/3013/1970 1628/3014/1970
f 1623/3026/1971 1615/1639/1014 1614/1654/1014 1624/1656/1971
f 1692/489/1972 1700/2759/1972 1722/3027/1972 1721/488/1972
f 1713/3028/184 1644/1007/184 2304/800/469 1720/801/469
f 1715/491/1973 1713/3029/1973 1720/2884/1973 1718/315/1973
f 1921/841/500 2282/842/501 2263/3030/1974 1915/2911/1892
f 1802/3031/1975 1616/1638/1007 1615/1639/1007 1623/3026/1975
f 1480/3033/1976 1628/3014/1976 1629/3011/1976 1622/3032/1976
f 1744/2532/1977 1770/2518/1977 1628/3014/1977 1480/3033/1977
f 1471/3036/1978 1476/3010/1978 1475/3035/1978 1474/3034/1978
f 1797/2535/1979 1742/99/1979 1476/3010/1979 1471/3036/1979
f 459/3038/1980 1651/3015/1980 2085/3016/1980 1555/3037/1980
f 1546/2940/1909 475/3004/1956 2260/3039/1908 2266/2939/1908
f 1626/1640/1981 1480/3040/1981 1622/3007/1981 1625/1655/1981
f 1800/1641/1982 1744/2539/1982 1480/3040/1982 1626/1640/1982
f 1469/3042/1983 1471/3036/1983 1474/3034/1983 1470/3041/1983
f 1795/2633/1984 1797/2535/1984 1471/3036/1984 1469/3042/1984
f 1571/3024/1969 1568/2935/1985 2279/2934/1985 497/3023/1969
f 486/3044/1986 459/3038/1986 1555/3037/1986 1579/3043/1986
f 1631/3013/1987 1469/3046/1987 1470/3045/1987 1630/3012/1987
f 1772/2519/1988 1795/2634/1988 1469/3046/1988 1631/3013/1988
f 1501/2814/1818 1475/3035/1989 1476/3010/1989 1484/2813/1818
f 1654/3003/1958 1647/2987/1931 492/3047/1932 495/2947/1915
f 2305/2975/1939 2306/3049/1939 504/3048/1990 485/2974/1938
f 2306/3049/1939 2307/3051/1992 98/3050/1991 504/3048/1990
f 475/3055/1993 422/3054/1993 111/3053/1993 1654/3052/1993
f 1553/3059/1997 1591/3058/1996 2261/3057/1995 1924/3056/1994
f 1919/3062/2001 496/3061/2000 2278/3060/1999 1917/2925/1998
f 483/2960/2002 479/2961/2002 489/3064/2002 101/3063/2002
f 1635/865/514 1741/1133/1664 1475/3005/2003 1501/2801/1807
f 2299/2957/2007 2300/3067/2006 2253/3066/2005 493/3065/2004
f 2252/2983/1947 1542/2971/1933 1605/2968/1930 437/2981/1945
f 1561/2723/1730 1558/1012/1730 965/1009/2008 1712/3068/2008
f 469/3070/2009 111/3053/2009 422/3054/2009 96/3069/2009
f 1569/493/1731 1561/2724/1731 1712/3071/2010 1709/2729/2010
f 1577/3074/2011 814/3073/2012 2270/429/237 1538/3072/2011
f 1548/2733/1739 1549/2554/1604 1481/1132/1662 1479/866/1799
f 2273/3078/2015 456/3077/2014 535/3076/2014 532/3075/2013
f 532/3082/2017 535/3081/2017 417/3080/2016 494/3079/2016
f 2445/1276/794 2418/2090/1243 1668/3083/2018 1536/2916/1895
f 491/3085/2019 494/3079/2016 417/3080/2016 1534/3084/2019
f 2290/3086/2020 2289/2986/2020 2416/2087/1241 2486/1336/1241
f 1537/2086/1240 103/2952/1922 498/3087/2021 2452/2085/1239
f 494/3089/2023 491/3088/2022 1566/1790/1101 1559/1700/1237
f 1544/3093/2024 1543/3092/2025 1650/3091/2025 1651/3090/2024
f 1810/3095/2026 1809/3094/2026 1619/2761/1766 1618/2762/1766
f 486/3099/2027 1596/3098/2028 1552/3097/2028 1545/3096/2027
f 461/3101/2030 1545/3100/2029 2464/2049/1213 2467/2082/1234
f 1544/3102/2031 461/3101/2031 2467/2082/1232 2480/2080/1232
f 1543/3103/2032 1544/3102/2032 2480/2080/1230 1585/2078/1230
f 1565/3104/2033 1543/3103/2033 1585/2078/1228 2473/1910/1228
f 1518/3105/2034 1810/3095/2034 1618/2762/1770 1617/2526/1770
f 1563/3109/2036 1568/3108/2036 1571/3107/2035 1565/3106/2035
f 1802/3031/2037 1518/3105/2037 1617/2526/1588 1616/1638/1588
f 1550/2072/1225 482/2918/1897 1563/2919/1897 2426/2071/1225
f 1678/2734/1740 1458/2553/1603 1549/2554/1604 1548/2733/1739
f 1820/2643/1661 1481/1132/1662 1549/2554/1604 1551/2555/1605
f 211/3113/2038 1591/3112/2038 1659/3111/2038 1687/3110/2038
f 2269/2966/2039 1596/2967/2039 486/3115/2039 1579/3114/2039
f 1828/2556/2040 1459/2849/2040 1554/2686/1700 1551/2555/1700
f 1526/2722/1728 1556/1011/1728 1002/506/281 1701/507/281
f 2418/2062/1222 2432/1789/1100 505/3117/2042 1668/3116/2041
f 1462/2972/1935 1460/2685/1935 1554/2686/1840 1560/2850/1840
f 211/3121/2046 501/3120/2045 2257/3119/2044 2267/3118/2043
f 1822/2642/1684 1462/2664/1684 1560/2853/1842 1562/2544/1842
f 1823/2641/1660 1822/2642/1660 1562/2544/1599 1564/2545/1599
f 1830/2546/2047 1465/3122/2047 1586/2821/1823 1564/2545/1823
f 2290/3086/2049 2292/3125/2049 1687/3124/2048 1659/3123/2048
f 1465/3126/2050 1463/2683/2050 1587/2684/1817 1586/2812/1817
f 1824/2536/1795 1466/2791/1795 1587/2684/1698 1588/2640/1698
f 472/3130/2051 476/3129/2051 1605/3128/2051 1593/3127/2051
f 1524/496/1725 1526/2718/1725 1701/2758/1763 1702/2717/1763
f 211/3121/2046 2293/3132/2052 2294/3131/2052 501/3120/2045
f 1829/2682/2053 1464/2646/1669 1589/102/60 1588/2640/1659
f 492/3047/1932 1584/2970/1932 1621/3134/2055 1636/3133/2054
f 1535/3138/2056 1534/3137/2056 1576/3136/2056 2280/3135/2056
f 1801/3139/2057 1612/1765/2057 1373/1762/1713 1374/2706/1713
f 1461/3140/2058 1801/3139/2058 1374/2706/1711 1693/2703/1711
f 1611/1154/1607 1461/3141/2059 1693/2702/1708 1372/1148/1708
f 1636/3133/2054 1621/3134/2055 484/3143/1013 503/3142/2060
f 2295/3144/2061 2294/3131/2061 590/1329/1217 1207/1729/1217
f 1517/2670/2062 1831/3145/2062 1599/2528/1590 1598/2513/1590
f 1671/171/109 1507/172/109 1641/1013/1767 1680/3146/1767
f 490/3147/2063 2319/2054/1216 2462/2055/1216 1552/2964/2063
f 1831/3145/2064 1806/3148/2064 1600/2770/1778 1599/2528/1778
f 1806/3149/2065 1805/2673/2065 1601/2674/1776 1600/2767/1776
f 1597/2547/2066 1803/2680/2066 1601/2674/1691 1610/2557/1691
f 1552/2964/2063 2276/2965/2067 2081/3150/2067 490/3147/2063
f 1785/175/2068 1671/176/2068 1680/3151/2068 1682/500/2068
f 98/3050/2069 1658/3154/2070 1664/3153/2070 508/3152/2069
f 1552/3155/2071 2462/2048/1212 2464/2049/1213 1545/3100/2029
f 1832/2672/2072 1461/3156/2059 1611/1127/1607 1610/2557/1608
f 103/2952/1922 1613/3158/2074 1970/3157/2073 498/3087/2021
f 474/3162/2075 470/3161/2075 487/3160/2075 1602/3159/2075
f 2087/3166/2076 502/3165/2077 498/3164/2077 1970/3163/2076
f 1689/2990/1908 484/3143/1013 1621/3134/2055 1573/2984/1948
f 1859/3170/2080 1853/3169/2080 1852/3168/2079 1860/3167/2078
f 1851/3174/2081 1855/3173/1205 1858/3172/1205 1854/3171/2081
f 1857/3176/2082 1856/3175/2082 1851/3174/2081 1854/3171/2081
f 1853/3169/2080 1859/3170/2080 1856/3175/2082 1857/3176/2082
f 1850/3180/2083 1849/3179/2084 1859/3178/2084 1860/3177/2083
f 1843/3184/2085 1842/3183/2086 1852/3182/2086 1853/3181/2085
f 1842/3188/2087 1861/3187/2087 1875/3186/2087 1852/3185/2087
f 1841/3192/2088 1845/3191/2088 1855/3190/2088 1851/3189/2088
f 1845/3196/2089 1848/3195/2089 1858/3194/2089 1855/3193/2089
f 1848/3195/2090 1844/3198/2090 1854/3197/2090 1858/3194/2090
f 1844/3198/2091 1847/3200/2091 1857/3199/2091 1854/3197/2091
f 1846/3202/2092 1841/3192/2092 1851/3189/2092 1856/3201/2092
f 1847/3200/2093 1843/3184/2085 1853/3181/2085 1857/3199/2093
f 1849/3179/2084 1846/3202/2094 1856/3201/2094 1859/3178/2084
f 1880/3206/2096 1877/3205/2096 1874/3204/2095 1881/3203/2095
f 1876/3210/2098 1875/3209/2098 1871/3208/2097 1878/3207/2097
f 1878/3207/2097 1871/3208/2097 1882/3212/2099 1879/3211/2099
f 1879/3211/2099 1882/3212/2099 1877/3205/2096 1880/3206/2096
f 1862/3216/2100 1873/3215/2101 1872/3214/2101 1876/3213/2100
f 1872/3218/2102 1852/3217/2079 1875/3209/2098 1876/3210/2098
f 1867/3222/2103 1866/3221/2103 1880/3220/2103 1881/3219/2103
f 1863/3226/2104 1869/3225/2104 1874/3224/2104 1877/3223/2104
f 1864/3228/2105 1862/3216/2105 1876/3213/2105 1878/3227/2105
f 1861/3187/2106 1870/3230/2106 1871/3229/2106 1875/3186/2106
f 1865/3232/2107 1864/3228/2107 1878/3227/2107 1879/3231/2107
f 1870/3230/2108 1868/3234/2108 1882/3233/2108 1871/3229/2108
f 1866/3221/2109 1865/3232/2109 1879/3231/2109 1880/3220/2109
f 1868/3234/2110 1863/3226/2110 1877/3223/2110 1882/3233/2110
f 1883/3236/2111 1884/3235/2111 1872/3214/2101 1873/3215/2101
f 1860/3177/2112 1884/3238/2112 1883/3237/2112 1850/3180/2112
f 1872/3240/2102 1884/3239/2113 1860/3167/2078 1852/3168/2079
f 1869/3225/2114 1867/3222/2114 1881/3219/2114 1874/3224/2114
f 1889/951/17 1890/952/17 1891/3242/16 1888/3241/16
f 1895/3246/18 1892/3245/18 1888/3244/18 1891/3243/18
f 1886/3249/19 1885/3248/20 1895/3247/20 1894/69/19
f 1885/3251/21 1896/3250/21 1892/3245/21 1895/3246/21
f 1896/3253/22 1887/2855/23 1893/2187/23 1892/3252/22
f 1892/3252/24 1893/2187/25 1889/2188/25 1888/3254/24
f 1894/69/26 1895/3247/27 1891/3255/27 1890/68/26
f 1915/3259/2115 2263/3258/2116 2262/3257/2116 1918/3256/2115
f 17/839/31 14/3261/31 22/3260/31 15/838/31
f 1762/2423/1509 3567/3262/2117 2436/2486/2117 2433/2429/1509
f 1916/2924/2118 844/3264/2119 2274/3263/2119 1918/3256/2118
f 2010/3266/2120 2024/1256/779 2012/1253/779 2008/3265/2120
f 1917/2925/1900 2278/3060/2121 844/3264/2121 1916/2924/1900
f 3567/3262/2122 334/2491/2122 2249/2489/2122 2436/2486/2122
f 1917/2925/1998 2258/2922/2123 1632/3019/1967 1919/3062/2001
f 2008/3265/2120 2020/182/113 2002/179/113 2010/3266/2120
f 1920/3268/2125 2255/3267/2124 496/3061/2000 1919/3062/2001
f 1920/3268/2125 1570/2942/1910 2084/2943/1911 2255/3267/2124
f 1920/3268/2125 101/3269/2126 489/3002/1957 1570/2942/1910
f 1400/100/58 1590/101/59 1522/850/508 1969/869/524
f 951/1930/1204 1967/3271/2127 1968/3270/2127 836/2037/1204
f 1991/3273/2129 1981/3272/2128 952/110/68 883/107/65
f 1981/3272/2128 2082/3274/2130 920/112/70 952/110/68
f 1580/2945/1913 1664/3275/2131 1633/430/238
f 1633/430/238 1578/431/239 1557/2944/1912 1580/2945/1913
f 1582/432/240 2270/429/237 814/3073/2012 463/2955/1925
f 1613/3158/2132 2081/3278/2133 1973/3277/2133 1608/3276/2132
f 1901/3281/2134 1899/3280/2134 1897/3279/2134
f 1901/3285/83 1902/3284/83 1900/3283/83 1899/3282/83
f 1899/3282/84 1900/3283/84 1898/3287/84 1913/3286/84
f 1903/3288/2135 1901/3281/2135 1897/3279/2135
f 1903/3290/86 1904/3289/86 1902/3284/86 1901/3285/86
f 1899/3280/2136 1913/3291/2136 1897/3279/2136
f 1905/3292/2137 1903/3288/2137 1897/3279/2137
f 1905/3294/89 1906/3293/89 1904/3289/89 1903/3290/89
f 1913/3286/90 1898/3287/90 1912/3296/90 1911/3295/90
f 1907/3297/2138 1905/3292/2138 1897/3279/2138
f 1907/3299/92 1908/3298/92 1906/3293/92 1905/3294/92
f 1913/3291/2139 1911/3300/2139 1897/3279/2139
f 1909/3301/2140 1907/3297/2140 1897/3279/2140
f 1909/3303/95 1910/3302/95 1908/3298/95 1907/3299/95
f 1911/3295/96 1912/3296/96 1910/3305/96 1909/3304/96
f 1911/3300/2141 1909/3301/2141 1897/3279/2141
f 2038/3309/2142 2049/3308/2143 2047/3307/2143 2037/3306/2142
f 2041/3311/2144 1968/3270/2127 1967/3271/2127 2042/3310/2144
f 1964/3315/2145 2075/3314/2145 2076/3313/2145 1966/3312/2145
f 1756/3319/2146 1978/3318/2147 1977/3317/2147 1776/3316/2146
f 1923/3323/2148 1926/3322/2149 1925/3321/2149 1922/3320/2148
f 2078/3327/2150 2044/3326/2150 2045/3325/2150 2077/3324/2150
f 1724/3331/2151 1697/3330/2151 1985/3329/2151 1699/3328/2151
f 1691/2029/1195 1929/3333/2152 1930/3332/2152 1695/2028/1195
f 2077/3335/2153 1660/1881/1194 2080/1921/1194 2078/3334/2153
f 2053/3337/2154 1724/3331/2154 1699/3328/2154 2054/3336/2154
f 1993/3340/2155 2041/3339/2155 2042/3310/2155 1990/3338/2155
f 918/2021/1190 2056/3342/2156 2055/3341/2156 1032/1865/1190
f 2029/3344/2157 1003/2020/1189 924/1864/1189 1995/3343/2157
f 1992/3346/2158 2045/3325/2158 2044/3326/2158 1993/3345/2158
f 2035/3349/2159 1992/3348/2159 1990/3338/2159 2032/3347/2159
f 1982/3353/2160 1749/3352/2160 1736/3351/2160 1985/3350/2160
f 1940/3357/2161 1934/3356/2161 1932/3355/2161 1936/3354/2161
f 1933/3361/2162 1955/3360/2163 1956/3359/2163 1962/3358/2162
f 1931/3365/2165 1955/3364/2165 1933/3363/2164 1952/3362/2164
f 1932/3369/2166 1954/3368/2166 1947/3367/2166 1936/3366/2166
f 1934/3373/2168 1951/3372/2168 1945/3371/2167 1942/3370/2167
f 1942/3377/2170 1945/3376/2170 1931/3375/2169 1939/3374/2169
f 1934/3379/2171 1942/3377/2171 1939/3374/2171 1932/3378/2171
f 1961/3383/2173 1943/3382/2173 1949/3381/2172 1938/3380/2172
f 1953/3385/2174 1944/3384/2174 1938/3380/2172 1949/3381/2172
f 1953/3389/140 1954/3388/140 1948/3387/140 1952/3386/140
f 1951/3393/108 1935/3392/108 1963/3391/108 1945/3390/108
f 1941/3395/108 1958/3394/108 1935/3392/108 1951/3393/108
f 1952/3362/2164 1933/3363/2164 1944/3384/2174 1953/3385/2174
f 1940/3397/2175 1941/3396/2175 1951/3372/2168 1934/3373/2168
f 1946/3401/2177 1935/3400/2177 1958/3399/2176 1957/3398/2176
f 1955/3403/108 1931/3402/108 1945/3390/108 1963/3391/108
f 1958/3394/108 1941/3395/108 1943/3405/108 1961/3404/108
f 1955/3360/2163 1963/3407/2178 1959/3406/2178 1956/3359/2163
f 1938/3411/140 1944/3410/140 1937/3409/140 1960/3408/140
f 1937/3409/140 1944/3410/140 1933/3413/140 1962/3412/140
f 1954/3388/140 1953/3389/140 1949/3415/140 1947/3414/140
f 1946/3401/2177 1959/3417/2179 1963/3416/2179 1935/3400/2177
f 1941/3419/2181 1940/3357/2181 1936/3354/2180 1943/3418/2180
f 1939/3374/2169 1931/3375/2169 1952/3421/2182 1948/3420/2182
f 1957/3425/2184 1958/3424/2184 1961/3423/2183 1950/3422/2183
f 1960/3427/2185 1950/3422/2183 1961/3423/2183 1938/3426/2185
f 1947/3429/2186 1949/3428/2186 1943/3418/2180 1936/3354/2180
f 1954/3368/2187 1932/3369/2187 1939/3431/2187 1948/3430/2187
f 1752/3434/2188 1982/3353/2188 1697/3433/2188 1751/3432/2188
f 939/2014/1183 2047/3307/2143 2049/3308/2143 910/1931/1183
f 1758/3438/2189 1790/3437/2189 1784/3436/2189 1756/3435/2189
f 1965/3442/2190 1758/3441/2190 1776/3440/2190 1964/3439/2190
f 1980/3446/2191 1965/3445/2191 1966/3444/2191 1979/3443/2191
f 2033/3450/2192 2053/3449/2192 2054/3448/2192 2035/3447/2192
f 2037/3452/2193 2033/3451/2193 2032/3347/2193 2038/3309/2193
f 1926/3322/2149 1930/3454/2194 1929/3453/2194 1925/3321/2149
f 1995/3343/2157 1752/3456/2195 1751/3455/2195 2029/3344/2157
f 1798/3458/2196 2055/3341/2156 2056/3342/2156 1839/3457/2196
f 1978/3318/2147 2073/3460/2197 2074/3459/2197 1977/3317/2147
f 1839/3463/2198 1748/3462/2198 1749/3352/2198 1798/3461/2198
f 1748/3467/2199 1987/3466/2199 1988/3465/2199 1736/3464/2199
f 2039/3469/2200 1923/3323/2148 1922/3320/2148 2040/3468/2200
f 2075/3314/2201 1988/3471/2201 1987/3470/2201 2076/3313/2201
f 2050/3473/2148 2039/3469/2200 2040/3468/2200 2051/3472/2148
f 2082/3475/2202 2050/3473/2148 2051/3472/2148 2083/3474/2202
f 905/1979/1163 1972/3477/2203 1971/3476/2203 1019/1978/1163
f 1613/3158/2074 103/2952/1922 490/2953/1923 2081/3278/2204
f 1976/3479/2205 932/1974/1158 933/1975/1158 1975/3478/2205
f 1790/3437/2206 1976/3479/2206 1975/3478/2206 1784/3436/2206
f 1972/3477/2207 1980/3446/2207 1979/3443/2207 1971/3476/2207
f 2073/3460/2197 1023/1964/1154 1022/1965/1154 2074/3459/2197
f 920/1959/1151 2082/3481/2208 2083/3480/2208 921/1958/1151
f 2032/3482/2209 2033/3450/2209 2035/3447/2209
f 1990/3483/2210 1992/3346/2210 1993/3345/2210
f 1697/3330/2210 1982/3484/2210 1985/3329/2210
f 1749/3485/2209 1748/3467/2209 1736/3464/2209
f 2011/3489/2211 2003/3488/2211 2016/3487/2211 2012/3486/2211
f 2017/3491/2212 2008/3490/2212 2012/3486/2212 2016/3487/2212
f 1999/3495/2213 2000/3494/2213 2018/3493/2213 2014/3492/2213
f 2024/3499/2214 2023/3498/2214 2001/3497/2214 2021/3496/2214
f 2000/3503/2215 1999/3502/2215 1998/3501/2215 2005/3500/2215
f 2025/3507/2216 2003/3506/2216 2001/3505/2216 2026/3504/2216
f 2013/3511/2217 2006/3510/2217 2005/3509/2217 1998/3508/2217
f 2020/3513/2218 2013/3511/2218 1998/3508/2218 2019/3512/2218
f 2013/3511/2212 2020/3513/2212 2008/3490/2212 2017/3491/2212
f 2015/3515/2219 2014/3492/2220 2018/3493/2220 2004/3514/2219
f 1997/3517/2221 1999/3495/2221 2014/3492/2221 2002/3516/2221
f 2003/3488/2222 2025/3519/2222 2009/3518/2222 2016/3487/2222
f 2013/3511/2223 2017/3491/2224 2007/3520/2224 2006/3510/2223
f 2023/3498/2225 2015/3515/2219 2004/3514/2219 2022/3521/2225
f 2021/1255/2226 2001/3505/2226 2003/3506/2226 2011/1254/2226
f 1999/3502/2227 1997/180/2227 2019/181/2227 1998/3501/2227
f 2017/3491/2224 2016/3487/2228 2009/3518/2228 2007/3520/2224
f 2023/3498/2229 2024/3499/2229 2010/3522/2229 2015/3515/2229
f 2023/3498/2230 2022/3521/2230 2026/3523/2230 2001/3497/2230
f 2015/3515/2229 2010/3522/2229 2002/3516/2229 2014/3492/2229
f 1776/3316/2231 1758/3524/2231 1756/3319/2231
f 1966/3312/2232 1965/3525/2232 1964/3315/2232
f 2031/3529/108 2048/3528/108 2046/3527/108 2030/3526/108
f 2040/3533/140 1922/3532/140 2054/3531/140 1699/3530/140
f 2051/3535/140 2040/3533/140 1699/3530/140 1988/3534/140
f 2037/3539/2233 2047/3538/2234 2031/3537/2234 2030/3536/2233
f 836/1936/70 1968/3541/2235 2034/3540/2235 881/1935/70
f 1983/3545/108 2043/3544/108 2079/3543/108 1981/3542/108
f 2079/3549/2236 2043/3548/2237 1839/3547/2237 2056/3546/2236
f 1989/1919/108 2036/1932/108 2027/3551/108 2052/3550/108
f 951/1930/108 910/1931/108 2049/3308/108 1967/3271/108
f 1925/3554/140 1929/3553/140 2077/3335/140 2045/3552/140
f 2076/3556/2238 1987/3555/2238 2043/3544/2238 1983/3545/2238
f 1967/3271/108 2049/3308/108 2038/3309/108 2042/3310/108
f 1986/3558/108 2052/3550/108 2027/3551/108 2034/3557/108
f 2052/3550/2239 2078/3334/2239 2080/1921/1144 1989/1919/1144
f 1968/3541/2235 2041/3560/2240 1986/3559/2240 2034/3540/2235
f 1922/3532/140 1925/3554/140 2045/3552/140 2054/3531/140
f 1979/3563/2243 1983/3562/2242 1991/3273/2129 1971/3561/2241
f 1975/3567/2247 1984/3566/2246 1994/3565/2245 1784/3564/2244
f 2072/3571/2248 2065/3570/2248 2061/3569/2248 2070/3568/2248
f 2070/3575/2249 2061/3574/2249 2059/3573/2249 2066/3572/2249
f 2068/3579/2250 2063/3578/2250 2065/3577/2250 2072/3576/2250
f 2066/3572/2251 2059/3573/2251 2060/3581/2251 2071/3580/2251
f 2067/3583/2252 2058/3582/2252 2063/3578/2252 2068/3579/2252
f 2069/3585/2253 2057/3584/2253 2058/3582/2253 2067/3583/2253
f 2064/3589/2254 2062/3588/2254 2057/3587/2254 2069/3586/2254
f 2063/3578/2255 2058/3582/2255 2057/3584/2255 2065/3577/2255
f 2071/3580/2256 2060/3581/2256 2062/3591/2256 2064/3590/2256
f 2069/3586/2257 2067/3593/2257 2071/3592/2257 2064/3589/2257
f 2068/3579/2258 2066/3595/2258 2071/3594/2258 2067/3583/2258
f 2059/3573/2259 2061/3574/2259 2062/3591/2259 2060/3581/2259
f 2072/3599/2260 2070/3598/2260 2066/3597/2260 2068/3596/2260
f 2061/3569/2261 2065/3570/2261 2057/3601/2261 2062/3600/2261
f 933/1914/1142 840/1795/1107 1984/3566/2246 1975/3567/2247
f 2473/1910/1140 2426/1911/1140 1563/3602/2262 1565/3104/2262
f 1971/3561/2241 1991/3273/2129 883/107/65 1019/1907/1137
f 1966/3604/2263 2076/3603/2263 1983/3562/2242 1979/3563/2243
f 2029/3608/2264 1751/3607/2265 2046/3606/2265 2048/3605/2264
f 1776/3440/140 1977/3610/140 2075/3609/140 1964/3439/140
f 1784/3564/2244 1994/3565/2245 1978/3612/2267 1756/3611/2266
f 1736/3351/140 1988/3534/140 1699/3530/140 1985/3350/140
f 1695/1894/591 1930/3614/2268 2027/3613/2268 2036/1893/591
f 2074/3616/140 1022/1891/140 921/1892/140 2083/3615/140
f 2031/3620/590 2034/3619/2269 1926/3618/2269 1923/3617/590
f 2078/3622/2270 2052/3550/2270 1986/3558/2270 2044/3621/2270
f 1697/3624/2271 1724/3623/2271 2046/3606/2265 1751/3607/2265
f 1691/1880/140 1660/1881/140 2077/3335/140 1929/3553/140
f 2128/3628/2272 2118/3627/2273 2126/3626/2273 2145/3625/2272
f 2234/3632/2274 2090/3631/2274 2089/3630/2274 2239/3629/2274
f 2032/3347/2275 1990/3338/2275 2042/3310/2275 2038/3309/2275
f 2123/3636/2276 2132/3635/2276 2131/3634/2276 2122/3633/2276
f 2243/3640/2277 2214/3639/2278 2096/3638/2278 2095/3637/2277
f 2138/3644/2279 2137/3643/2280 2149/3642/2280 2150/3641/2279
f 2131/3634/2281 2140/3647/2282 2151/3646/2282 2147/3645/2281
f 1404/3651/2283 2243/3650/2277 2095/3649/2277 2242/3648/2283
f 293/3655/2284 267/3654/2284 249/3653/2284 272/3652/2284
f 2171/3659/2286 2169/3658/2286 2221/3657/2285 2220/3656/2285
f 2148/3661/2287 2234/3632/2287 2239/3629/2287 2105/3660/2287
f 3564/3665/2288 3562/3664/2288 293/3663/2288 302/3662/2288
f 302/3662/2289 293/3663/2289 272/3667/2289 300/3666/2289
f 2203/3671/2291 2200/3670/2291 2213/3669/2290 2210/3668/2290
f 2241/3673/2292 3564/3665/2292 302/3662/2292 2197/3672/2292
f 2197/3672/2293 302/3662/2293 300/3666/2293 2195/3674/2293
f 2137/3643/2294 2143/3677/2294 2142/3676/2294 2133/3675/2294
f 2128/3628/2295 2137/3643/2295 2133/3675/2295 2127/3678/2295
f 2138/3644/2296 2146/3679/2296 2143/3677/2296 2137/3643/2296
f 2240/3683/2297 2231/3682/2297 2250/3681/2297 2094/3680/2297
f 2235/3685/2298 2240/3683/2298 2094/3680/2298 2092/3684/2298
f 2090/3631/2299 2120/3686/2299 2118/3627/2299 2089/3630/2299
f 2151/3689/2301 2150/3688/2301 2168/3687/2300 2169/3658/2300
f 2200/3693/2303 2196/3692/2303 2215/3691/2302 2213/3690/2302
f 2233/3695/2304 2093/3694/2304 2090/3631/2304 2234/3632/2304
f 2236/740/2305 2241/3697/2305 2197/3696/2305 2189/754/2305
f 2239/3629/2306 2089/3630/2306 2230/3699/2306 2244/3698/2306
f 2150/3688/2308 2149/3701/2308 2167/3700/2307 2168/3687/2307
f 2140/3647/2282 2138/3644/2309 2150/3641/2309 2151/3646/2282
f 2189/3704/2310 2197/3703/2310 2195/3702/2310 2190/746/2310
f 881/1872/140 2034/3706/140 2031/3705/140 880/1871/140
f 2120/3686/2311 2122/3633/2312 2136/3708/2312 2135/3707/2311
f 2122/3633/2312 2131/3634/2313 2147/3645/2313 2136/3708/2312
f 2213/3690/2302 2215/3691/2302 2154/3710/2314 2153/3709/2314
f 2147/3711/2315 2151/3689/2315 2169/3658/2286 2171/3659/2286
f 2093/3694/2316 2122/3633/2316 2120/3686/2316 2090/3631/2316
f 2118/3627/2317 2128/3628/2317 2127/3678/2317 2113/3712/2317
f 2089/3630/2318 2118/3627/2318 2113/3712/2318 2230/3699/2318
f 2236/740/2319 2189/754/2319 2180/755/2319 2223/739/2319
f 2223/739/433 2180/755/2320 2182/760/2320 2217/743/433
f 2217/716/412 2182/3713/2321 2184/769/2321 2211/715/412
f 2220/3656/2285 2221/3657/2285 2164/3715/2322 2159/3714/2322
f 2211/715/437 2184/769/2323 2186/770/2323 2208/721/437
f 2208/721/416 2186/770/2324 2247/777/2324 2198/720/416
f 2198/720/418 2247/777/2325 237/3716/2325 3556/727/418
f 2177/3720/2326 2218/3719/2326 2222/3718/2326 2170/3717/2326
f 2141/3722/2327 2132/3635/2327 2235/3685/2327 2228/3721/2327
f 2157/3724/2328 2177/3720/2328 2170/3717/2328 2155/3723/2328
f 3559/3726/2329 242/3725/2329 231/779/453 3557/780/453
f 3561/3727/2330 249/3653/2330 242/3725/2329 3559/3726/2329
f 2188/3731/2331 561/3730/2332 2111/3729/2332 2097/3728/2331
f 3563/3732/2333 272/3652/2333 249/3653/2330 3561/3727/2330
f 3565/3734/2334 300/3733/2334 272/3652/2333 3563/3732/2333
f 2170/3717/2335 2222/3718/2335 2199/3736/2335 2166/3735/2335
f 2237/3737/2336 2195/3702/2336 300/3733/2334 3565/3734/2334
f 2229/749/438 2190/746/438 2195/3702/2336 2237/3737/2336
f 311/701/2337 310/702/2337 2165/725/2337 2172/3738/2337
f 2226/3742/2339 2205/3741/2339 2162/3740/2338 2163/3739/2338
f 2177/3720/2340 2228/3721/2340 2091/3743/2340 2218/3719/2340
f 3116/3747/2341 3115/3746/2341 3548/3745/2341 3518/3744/2341
f 3466/3751/2342 3116/3750/2342 3518/3749/2342 3516/3748/2342
f 2166/3735/2343 2199/3736/2343 2224/3753/2343 2161/3752/2343
f 3468/3755/2344 3466/3751/2344 3516/3748/2344 3514/3754/2344
f 2137/3643/2280 2128/3628/2345 2145/3625/2345 2149/3642/2280
f 2146/3679/2346 2166/3735/2346 2161/3752/2346 2143/3677/2346
f 3471/3759/2347 3468/3758/2347 3514/3757/2347 2850/3756/2347
f 3473/3763/2348 3471/3762/2348 2850/3761/2348 2852/3760/2348
f 2210/3668/2290 2213/3669/2290 2153/3765/2349 2152/3764/2349
f 631/3769/2350 566/3768/2351 2224/3767/2351 2199/3766/2350
f 2106/3770/2352 2123/3636/2352 2122/3633/2352 2093/3694/2352
f 3475/3772/2353 3473/3763/2353 2852/3760/2353 2854/3771/2353
f 2140/3647/2354 2155/3723/2354 2146/3679/2354 2138/3644/2354
f 2149/3701/2356 2145/3774/2356 2204/3773/2355 2167/3700/2355
f 2161/3752/2357 2224/3753/2357 2242/3776/2357 2160/3775/2357
f 3477/3780/2358 3475/3779/2358 2854/3778/2358 3096/3777/2358
f 2157/3724/2359 2141/3722/2359 2228/3721/2359 2177/3720/2359
f 2145/3774/2361 2126/3781/2361 2203/3671/2360 2204/3773/2360
f 2132/3635/2362 2123/3636/2362 2240/3683/2362 2235/3685/2362
f 2207/3783/2364 2210/3668/2364 2152/3764/2363 2158/3782/2363
f 2155/3723/2365 2170/3717/2365 2166/3735/2365 2146/3679/2365
f 3478/3787/2366 3477/3786/2366 3096/3785/2366 3525/3784/2366
f 3479/3789/2367 3478/3787/2367 3525/3784/2367 3537/3788/2367
f 3112/3793/2368 3479/3792/2368 3537/3791/2368 3543/3790/2368
f 2126/3781/2369 2135/3794/2369 2200/3670/2291 2203/3671/2291
f 3113/3798/2370 3112/3797/2370 3543/3796/2370 3546/3795/2370
f 2221/3657/2372 2226/3742/2372 2163/3739/2371 2164/3715/2371
f 2196/3692/2374 2171/3659/2374 2220/3656/2373 2215/3691/2373
f 2135/3800/2375 2136/3799/2375 2196/3692/2303 2200/3693/2303
f 3115/3802/2376 3113/3798/2376 3546/3795/2376 3548/3801/2376
f 3108/3806/2377 3515/3805/2378 3517/3804/2378 3109/3803/2377
f 2173/3807/2379 2233/3695/2379 2234/3632/2379 2148/3661/2379
f 2215/3691/2373 2220/3656/2373 2159/3714/2380 2154/3710/2380
f 566/3768/2351 1404/3651/2283 2242/3648/2283 2224/3767/2351
f 2250/3681/2381 2231/3682/2381 2233/3695/2381 2173/3807/2381
f 558/3811/2382 2192/3810/2383 2250/3809/2383 2173/3808/2382
f 2118/3627/2273 2120/3686/2384 2135/3707/2384 2126/3626/2273
f 549/3813/2385 558/3811/2382 2173/3808/2382 2148/3812/2385
f 3523/3817/2386 3527/3816/2387 2843/3815/2387 3512/3814/2386
f 3527/3816/2387 3528/3819/2388 2842/3818/2388 2843/3815/2387
f 3528/3819/2388 3530/3821/2389 2841/3820/2389 2842/3818/2388
f 329/3823/2390 549/3813/2385 2148/3812/2385 2105/3822/2390
f 561/3730/2332 329/3823/2390 2105/3822/2390 2111/3729/2332
f 3530/3821/2389 3532/3825/2391 2840/3824/2391 2841/3820/2389
f 2143/3677/2392 2161/3752/2392 2160/3775/2392 2142/3676/2392
f 3532/3825/2391 3533/3827/2393 2838/3826/2393 2840/3824/2391
f 3533/3827/2393 3535/3829/2394 2837/3828/2394 2838/3826/2393
f 3535/3829/2394 3539/3831/2395 2836/3830/2395 2837/3828/2394
f 3539/3831/2395 3541/3833/2396 2835/3832/2396 2836/3830/2395
f 3541/3833/2396 3542/3835/2397 2834/3834/2397 2835/3832/2396
f 2205/3741/2399 2207/3783/2399 2158/3782/2398 2162/3740/2398
f 2204/3773/2360 2203/3671/2360 2210/3668/2364 2207/3783/2364
f 2123/3636/2400 2106/3770/2400 2231/3682/2400 2240/3683/2400
f 2169/3658/2300 2168/3687/2300 2226/3742/2372 2221/3657/2372
f 2192/3810/2383 2191/3837/2401 2094/3836/2401 2250/3809/2383
f 2136/3799/2402 2147/3711/2402 2171/3659/2374 2196/3692/2374
f 2134/3838/2403 2244/3698/2403 2230/3699/2403 2113/3712/2403
f 3542/3835/2397 3544/3840/2404 2833/3839/2404 2834/3834/2397
f 2160/3775/2405 2248/3841/2405 2133/3675/2405 2142/3676/2405
f 2168/3687/2307 2167/3700/2307 2205/3741/2339 2226/3742/2339
f 3544/3840/2404 3551/3843/2406 2832/3842/2406 2833/3839/2404
f 2191/3837/2401 2232/3845/2407 2092/3844/2407 2094/3836/2401
f 2232/3845/2407 2227/3847/2408 2091/3846/2408 2092/3844/2407
f 2228/3721/2409 2235/3685/2409 2092/3684/2409 2091/3743/2409
f 3551/3843/2406 3523/3817/2386 3512/3814/2386 2832/3842/2406
f 3523/3851/2411 3551/3850/2411 3500/3849/2410 3511/3848/2410
f 1981/3272/2128 1991/3273/2129 1983/3562/2242
f 3527/3816/2413 3523/3817/2413 3511/3853/2412 3510/3852/2412
f 3528/3857/2415 3527/3856/2415 3510/3855/2414 3509/3854/2414
f 2097/3859/2416 2111/3858/2416 2244/3698/2416 2134/3838/2416
f 2096/3861/2417 2097/3859/2417 2134/3838/2417 2216/3860/2417
f 3530/3863/2419 3528/3857/2419 3509/3854/2418 3508/3862/2418
f 3532/3825/2421 3530/3821/2421 3508/3865/2420 3507/3864/2420
f 2132/3635/2422 2141/3722/2422 2140/3647/2422 2131/3634/2422
f 3533/3869/2424 3532/3868/2424 3507/3867/2423 3506/3866/2423
f 3535/3871/2425 3533/3869/2425 3506/3866/2425 3505/3870/2425
f 2095/3872/2426 2096/3861/2426 2216/3860/2426 2248/3841/2426
f 3539/3831/2428 3535/3829/2428 3505/3874/2427 3504/3873/2427
f 3541/3878/2430 3539/3877/2430 3504/3876/2429 3503/3875/2429
f 2167/3700/2355 2204/3773/2355 2207/3783/2399 2205/3741/2399
f 1724/3880/2431 2053/3879/2431 2030/3526/2431 2046/3527/2431
f 3542/3882/2432 3541/3878/2432 3503/3875/2432 3502/3881/2432
f 3492/3884/2433 3491/3883/2433 3116/3750/2433 3466/3751/2433
f 2214/3639/2278 2188/3731/2331 2097/3728/2331 2096/3638/2278
f 3544/3840/2434 3542/3835/2434 3502/3886/2434 3501/3885/2434
f 3106/3890/2435 3105/3889/2435 2851/3888/2435 3513/3887/2435
f 2105/3660/2436 2239/3629/2436 2244/3698/2436 2111/3858/2436
f 2227/3847/2408 2206/3892/2437 2218/3891/2437 2091/3846/2408
f 2231/3682/2438 2106/3770/2438 2093/3694/2438 2233/3695/2438
f 2248/3841/2439 2216/3860/2439 2127/3678/2439 2133/3675/2439
f 2216/3860/2440 2134/3838/2440 2113/3712/2440 2127/3678/2440
f 2242/3776/2441 2095/3872/2441 2248/3841/2441 2160/3775/2441
f 3105/3889/2442 3104/3894/2442 2855/3893/2442 2851/3888/2442
f 3551/3850/2443 3544/3896/2443 3501/3895/2443 3500/3849/2443
f 2206/3892/2437 609/3898/2444 2222/3897/2444 2218/3891/2437
f 609/3898/2444 631/3769/2350 2199/3766/2350 2222/3897/2444
f 3500/3849/2443 3501/3895/2443 3488/3900/2443 3489/3899/2443
f 3511/3848/2410 3500/3849/2410 3489/3899/2410 3490/3901/2410
f 2844/3905/2446 3110/3904/2446 3519/3903/2445 3549/3902/2445
f 3494/3908/2447 3493/3907/2447 3468/3906/2447 3471/3762/2447
f 2141/3722/2448 2157/3724/2448 2155/3723/2448 2140/3647/2448
f 924/1864/108 1032/1865/108 2055/3341/108 1995/3343/108
f 2041/3560/2240 1993/3910/2449 2044/3909/2449 1986/3559/2240
f 2048/3912/140 2079/3911/140 837/1859/140 839/1856/140
f 918/1853/591 837/1854/591 2079/3549/2236 2056/3546/2236
f 2048/3605/2264 839/1850/70 1003/1851/70 2029/3608/2264
f 1992/3914/140 2035/3913/140 2054/3531/140 2045/3552/140
f 1798/3461/2450 1749/3352/2450 1982/3353/2450 1752/3434/2450
f 2047/3538/2234 939/1840/591 880/1841/591 2031/3537/2234
f 1790/3916/2451 1758/3441/2451 1965/3442/2451 1980/3915/2451
f 2033/3918/2452 2037/3539/2233 2030/3536/2233 2053/3917/2452
f 2027/3920/590 1930/3919/590 1926/3618/2269 2034/3619/2269
f 1752/3456/108 1995/3343/108 2055/3341/108 1798/3458/108
f 2074/3616/140 2083/3615/140 2075/3609/140 1977/3610/140
f 1984/3566/2246 2073/3921/2453 1978/3612/2267 1994/3565/2245
f 1839/3547/2237 2043/3548/2237 1987/3923/2454 1748/3922/2454
f 1923/3617/590 2039/3925/590 2048/3924/590 2031/3620/590
f 2083/3615/140 2051/3535/140 1988/3534/140 2075/3609/140
f 2039/3925/590 2050/3927/590 2079/3926/590 2048/3924/590
f 2050/3927/590 2082/3929/590 1981/3928/590 2079/3926/590
f 1972/3931/108 905/1802/108 932/1803/108 1976/3930/108
f 1976/3930/2455 1790/3933/2455 1980/3932/2455 1972/3931/2455
f 840/1795/1107 1023/1796/1108 2073/3921/2453 1984/3566/2246
f 1539/3937/2459 2301/3936/2458 2302/3935/2457 2251/3934/2456
f 1643/2946/1914 1636/3133/2054 503/3142/2060 508/3938/2460
f 2264/2923/2461 1916/2924/2118 1918/3256/2118 2262/3257/2461
f 2280/3135/2462 1607/3940/2462 1536/3939/2462 1535/3138/2462
f 505/3117/2042 2432/1789/1100 1566/1790/1101 491/3088/2022
f 1571/3107/2035 1650/3091/2025 1543/3092/2025 1565/3106/2035
f 1653/2979/1908 1602/2980/1944 478/2996/1908
f 461/3942/2463 1544/3093/2024 1651/3090/2024 459/3941/2463
f 2311/2994/2465 2312/3944/2465 1529/3943/2464 2271/2993/2464
f 1531/3948/2466 501/3947/2466 488/3946/2466 53/3945/2466
f 1545/3096/2027 461/3942/2463 459/3941/2463 486/3099/2027
f 477/3952/2467 481/3951/2467 1632/3950/2467 1594/3949/2467
f 1584/2970/1932 492/3047/1932 1647/2987/1931 1593/2969/1931
f 316/1763/591 58/3953/591 791/2707/591 1373/1762/591
f 2322/1707/1087 2313/3954/2468 2312/3944/2468 2323/1285/1087
f 495/2947/1915 492/3047/1932 1636/3133/2054 1643/2946/1914
f 2273/3078/2015 532/3075/2013 502/3165/2470 2087/3166/2469
f 1584/2970/1932 1542/2971/1933 1573/2984/1948 1621/3134/2055
f 1750/3020/1908 2260/3039/1908 475/3004/1956 1594/3001/1956
f 495/2947/1915 1570/2942/1910 489/3002/1957 1654/3003/1958
f 417/3956/2472 531/3955/2472 1576/3136/2471 1534/3137/2471
f 2286/3960/2474 2287/3959/2474 1533/3958/2473 500/3957/2473
f 417/3962/2472 535/3076/2475 456/3077/2475 531/3961/2472
f 96/3966/2476 422/3965/2476 475/3964/2476 1546/3963/2476
f 1553/3059/1997 1924/3056/1994 1581/2928/2478 1530/3967/2477
f 1530/3967/2479 2285/2949/2480 2286/3960/2480 500/3957/2479
f 2292/3971/2482 2293/3970/2482 211/3969/2481 1687/3968/2481
f 481/2959/2483 483/2960/2483 101/3063/2483 1632/3972/2483
f 1591/3058/1996 211/3121/2046 2267/3118/2043 2261/3057/1995
f 2318/3974/2484 2317/3973/2484 466/1731/108 467/1730/108
f 2296/3975/2485 2295/3144/2485 1207/1729/1064 651/1728/1064
f 1553/3979/2486 1530/3978/2486 500/3977/2486 1533/3976/2486
f 472/3983/2487 470/3982/2487 474/3981/2487 476/3980/2487
f 2281/3985/2488 1577/3074/2011 1538/3072/2011 1648/3984/2488
f 2302/3987/2490 2303/2976/1940 1604/2973/1937 2251/3986/2489
f 502/3165/2077 2439/1713/1058 2452/1718/1058 498/3164/2077
f 2296/3991/2492 2297/3990/2492 1531/3989/2491 53/3988/2491
f 2442/1712/1054 2439/1713/1054 502/3165/2470 532/3075/2013
f 1668/3995/2493 505/3994/2494 1535/3993/2494 1536/3992/2493
f 2320/1708/1051 2314/3996/2495 2313/3954/2495 2322/1707/1051
f 505/3994/2494 491/3085/2019 1534/3084/2019 1535/3993/2494
f 1559/1700/1048 2442/1701/1048 532/3997/2496 494/3089/2496
f 1528/3999/2497 1609/3998/2497 2281/3985/2488 1648/3984/2488
f 474/4003/2498 1602/4002/2498 1605/4001/2498 476/4000/2498
f 1920/3268/2125 1919/3062/2001 1632/3019/1967 101/3269/2126
f 489/4007/2499 479/4006/2499 477/4005/2499 1594/4004/2499
f 1657/2930/1903 465/4008/2500 1531/2933/1905
f 469/4012/2501 96/4011/2501 1546/4010/2501 1647/4009/2501
f 111/3053/2502 469/3070/2502 1647/4013/2502 1654/3052/2502
f 470/4017/2503 472/4016/2503 1593/4015/2503 487/4014/2503
f 2307/3051/1992 2308/4018/2505 1658/3154/2504 98/3050/1991
f 2308/4018/2505 2309/4020/2507 1627/4019/2506 1658/3154/2504
f 501/3120/2045 1531/2933/1905 465/4008/2500 2257/3119/2044
f 2259/2929/1919 1530/3967/2477 1581/2928/2478
f 1608/1126/694 1603/441/694 2086/2989/2508 1927/4021/2508
f 2258/2922/2123 1606/3021/1944 1632/3019/1967
f 1643/2946/1914 508/3938/2460 1664/3275/2131 1580/2945/1913
f 2300/3067/2006 2301/3936/2458 1539/3937/2459 2253/3066/2005
f 1921/841/500 482/2912/1893 1550/1667/1023 1914/844/503
f 1557/2944/2509 1578/431/2510 1579/4023/2510 1555/4022/2509
f 1633/4024/2511 1664/3153/2070 1658/3154/2070 1627/4019/2511
f 1519/2914/2512 1607/2915/2512 1609/4026/2512 1528/4025/2512
f 766/2848/1865 1731/2847/2513 1787/4027/2513 791/1134/1865
f 766/2848/1837 1734/2830/2514 1735/2828/2514 765/2843/1837
f 463/2955/2515 814/3073/2516 531/4029/2516 456/4028/2515
f 2270/4031/2517 1633/4030/2517 1627/2992/2517 2271/2993/2517
f 765/2843/1835 1735/2828/2518 1788/1016/2518 1521/1021/1835
f 1509/4033/2519 2275/4032/2519 2274/3263/2519 844/3264/2519
f 2258/2922/2520 2264/2923/2520 2265/4035/2520 2259/4034/2520
f 844/3264/2521 2278/3060/2522 2279/4036/2522 1509/4033/2521
f 2256/4038/2523 2266/4037/2524 2267/3118/2524 2257/3119/2523
f 2084/2943/2525 1557/2944/2525 1555/4022/2525 2085/4039/2525
f 2272/4041/2526 463/4040/2526 456/3077/2526 2273/3078/2526
f 1578/431/2510 2268/438/2527 2269/4042/2527 1579/4023/2510
f 1657/4045/2528 493/3065/2529 437/4044/2529 1653/4043/2528
f 2276/4046/2530 2269/4042/2530 2268/438/2530 2277/440/2530
f 1604/2973/2531 485/2974/2532 484/4048/2532 1689/4047/2531
f 1547/4050/2533 2252/4049/2534 2253/3066/2534 1539/3937/2533
f 2086/4051/2535 2272/4041/2535 2273/3078/2535 2087/3166/2535
f 1689/4047/2531 2088/4052/2536 2251/3986/2536 1604/2973/2531
f 2088/4053/2537 1547/4050/2533 1539/3937/2533 2251/3934/2537
f 478/4054/2538 2256/4038/2523 2257/3119/2523 465/4008/2538
f 2275/4032/2539 1915/3259/2115 1918/3256/2115 2274/3263/2539
f 2085/4039/2540 2254/4055/2540 2255/3267/2540 2084/2943/2540
f 1750/4056/2541 1606/2927/1902 1581/2928/1902 1924/3056/2541
f 2254/4055/2542 497/4057/2542 496/3061/2542 2255/3267/2542
f 2266/4037/2524 2260/4058/2543 2261/3057/2543 2267/3118/2524
f 497/4057/2544 2279/4036/2522 2278/3060/2522 496/3061/2544
f 485/2974/2532 504/3048/2545 503/4059/2545 484/4048/2532
f 504/3048/2545 98/3050/2069 508/3152/2069 503/4059/2545
f 1924/3056/2541 2261/3057/2543 2260/4058/2543 1750/4056/2541
f 2342/4063/2546 2355/4062/2546 2371/4061/2546 2343/4060/2546
f 2374/4067/2548 2364/4066/2548 2350/4065/2547 2357/4064/2547
f 2367/4071/2549 2413/4070/2549 2411/4069/2549 2355/4068/2549
f 2407/4075/108 2338/4074/108 2365/4073/108 2376/4072/108
f 2363/4077/2550 2349/4076/2551 2350/4065/2551 2364/4066/2550
f 2331/4080/2552 2328/4079/2552 2327/4078/2552
f 2336/4083/2553 2335/4082/2553 2332/4081/2553
f 2375/4086/2554 2342/4063/2554 2343/4085/2554 2391/4084/2554
f 2366/4090/2555 2369/4089/2555 2381/4088/2555 2353/4087/2555
f 2330/4094/2556 2382/4093/2557 2385/4092/2557 2325/4091/2556
f 2400/4096/2558 2340/4095/2559 2342/4063/2559 2375/4086/2558
f 2370/4100/2561 2399/4099/2561 2382/4098/2560 2379/4097/2560
f 2334/4102/2562 2368/4101/2563 2374/4067/2563 2357/4064/2562
f 2366/4090/2565 2398/4104/2565 2396/4103/2564 2369/4089/2564
f 2336/4083/2566 2351/4107/2566 2341/4106/2566 2331/4105/2566
f 2383/4109/2568 740/1574/968 751/1575/968 2361/4108/2567
f 2357/4064/2547 2350/4065/2547 2346/4111/2569 2348/4110/2569
f 2325/4114/2570 2385/4113/2571 2343/4085/2571 2371/4112/2570
f 2361/4116/2572 751/1571/965 747/1552/965 2362/4115/2572
f 2376/4120/2573 2378/4119/2573 2387/4118/2573 2377/4117/2573
f 2355/4062/2574 2342/4063/2559 2340/4095/2559 2367/4121/2574
f 2381/4124/140 2356/4123/140 2365/4073/140 2353/4122/140
f 2330/4094/2575 2364/4066/2548 2374/4067/2548 2359/4125/2575
f 2411/4069/2576 2409/4127/2576 2371/4126/2576 2355/4068/2576
f 2359/4125/2575 2379/4128/2560 2382/4093/2560 2330/4094/2575
f 2387/4130/2577 697/1530/956 743/1558/956 2392/4129/2577
f 2383/4134/2578 2372/4133/2578 2373/4132/2578 2392/4131/2578
f 2362/4115/2579 747/1552/953 714/1531/953 2380/4135/2579
f 2387/4139/2580 2392/4138/2580 2373/4137/2580 2377/4136/2580
f 2382/4142/2581 2399/4141/2581 2354/4140/2581 2385/4113/2581
f 2405/4146/2583 2404/4145/2583 2403/4144/2582 2406/4143/2582
f 740/4150/947 2383/4149/2584 2392/4148/2584 743/4147/947
f 2405/4146/2585 2406/4143/2586 2408/4152/2586 2407/4151/2585
f 2352/4156/2587 2409/4155/2587 2410/4154/2587 2389/4153/2587
f 2381/4088/2588 2369/4089/2588 2370/4158/2588 2379/4157/2588
f 2340/4160/2589 2400/4159/2589 2366/4090/2589 2353/4087/2589
f 2389/4153/2590 2410/4163/2590 2401/4162/2590 2326/4161/2590
f 2344/4167/2591 2395/4166/2591 2341/4165/2591 2351/4164/2591
f 718/1532/939 2333/4168/2592 2380/4135/2592 714/1531/939
f 2378/4169/2593 691/1529/938 697/1530/938 2387/4130/2593
f 2390/4171/2594 2347/4170/2595 2348/4110/2595 2344/4167/2594
f 2332/4173/2596 2390/4172/2596 2351/4107/2596 2336/4083/2596
f 2335/4082/2597 2380/4176/2597 2333/4175/2597 2332/4174/2597
f 2327/4078/2598 2335/4082/2598 2336/4083/2598 2331/4105/2598
f 2328/4079/2599 2361/4178/2599 2362/4177/2599 2327/4078/2599
f 2397/4180/2600 2328/4179/2600 2331/4105/2600 2341/4106/2600
f 2351/4164/2601 2390/4171/2601 2344/4167/2601
f 334/2491/2602 2451/4181/2602 1424/2424/1506 3568/2426/1506
f 2451/4181/2603 2246/2471/2603 565/2425/1504 1424/2424/1504
f 1762/2423/1503 1760/2421/1503 3566/4182/2604 3567/3262/2604
f 2441/4184/2605 2471/4183/2606 633/1141/2606 548/1138/2605
f 649/1143/707 612/1144/707 2443/4186/2607 2460/4185/2607
f 1760/2421/1500 554/2422/1500 2421/2472/2608 3566/4182/2608
f 2466/4190/2611 2470/4189/2610 2478/4188/2609 2458/4187/2609
f 3567/3262/2612 3566/4182/2612 2451/4181/2612 334/2491/2612
f 94/4192/2613 2440/4191/2613 614/1159/714 621/1156/714
f 3566/4182/2614 2421/2472/2614 2246/2471/2614 2451/4181/2614
f 2440/4195/2615 2427/4194/2615 618/1249/2615 614/4193/2615
f 2424/4197/650 2458/4196/650 2427/4194/650 2440/4195/650
f 2443/4186/2616 2466/4200/2616 2458/4199/2616 2424/4198/2616
f 1777/4203/2617 1761/4202/2617 1681/4201/2617
f 628/1172/723 560/1173/724 2470/4189/2610 2466/4190/2611
f 1815/4205/2618 1821/4204/2618 374/2481/2618 360/2479/2618
f 2475/4207/2619 2465/4206/2619 573/2482/2619 366/2483/2619
f 2448/4209/2620 1365/4208/2620 591/2476/2620 588/2475/2620
f 648/4210/2621 582/1200/1492 1412/2412/1492 641/2487/2621
f 2469/4212/2622 2479/4211/2622 2471/4183/2622 2441/4184/2622
f 608/1193/2623 580/1194/2624 2477/4214/2624 2468/4213/2623
f 2465/4206/2625 1395/4215/2625 641/2487/2625 573/2482/2625
f 2454/4216/2626 1815/4205/2626 360/2479/2626 576/2480/2626
f 648/4210/2627 1681/4201/2627 1761/4202/2627 1355/4217/2627
f 1360/4219/2628 1761/4202/2628 1777/4203/2628 1365/4218/2628
f 1385/4220/2629 1777/4203/2629 1681/4201/2629 1395/4215/2629
f 2474/4222/2631 2447/4221/2630 543/1212/744 634/1209/741
f 617/1213/745 2482/4223/2632 2474/4222/2631 634/1209/741
f 560/1173/724 616/1215/747 2414/4224/2633 2470/4189/2610
f 648/4210/2634 641/2487/2634 1395/4215/2634 1681/4201/2634
f 2470/4189/2610 2414/4224/2633 2455/4225/2635 2478/4188/2609
f 2478/4188/2609 2455/4225/2635 2453/4227/2637 2425/4226/2636
f 2425/4226/2636 2453/4227/2637 622/1223/754 627/1222/753
f 1360/4219/2638 603/2474/2638 1355/4217/2638 1761/4202/2638
f 1385/4229/2639 591/2476/2639 1365/4208/2639 1777/4228/2639
f 1815/4205/2640 1781/4231/2640 2130/4230/2640 1821/4204/2640
f 1781/4233/2642 342/2463/2642 377/2464/2641 2130/4232/2641
f 2479/4211/2622 2455/4235/2643 2414/4234/2643 2471/4183/2622
f 2477/4214/2644 2453/4236/2645 2455/4235/2645 2479/4211/2644
f 580/1194/2624 622/1236/2646 2453/4236/2646 2477/4214/2624
f 2431/4237/2647 2424/4198/2647 2440/4191/2613 94/4192/2613
f 2471/4183/2606 2414/4234/2648 616/1239/2648 633/1141/2606
f 2447/4221/2630 2441/4238/2649 548/1241/766 543/1212/744
f 2474/4222/2631 2469/4239/2650 2441/4238/2649 2447/4221/2630
f 2482/4223/2632 2468/4240/2651 2469/4239/2650 2474/4222/2631
f 617/1213/745 608/1244/769 2468/4240/2651 2482/4223/2632
f 2468/4213/2644 2477/4214/2644 2479/4211/2644 2469/4212/2644
f 2475/4207/2652 2194/4242/2652 2463/4241/2652 2465/4206/2652
f 2194/4244/2654 371/2467/2654 564/2468/2653 2463/4243/2653
f 2460/4185/2607 2443/4186/2607 2424/4198/2647 2431/4237/2647
f 612/4246/2655 628/4245/2655 2466/4200/2655 2443/4186/2655
f 2448/4248/2656 2454/4247/2656 1360/4219/2656 1365/4218/2656
f 2458/4187/2609 2478/4188/2609 2425/4226/2636 2427/4194/2657
f 2427/4194/2657 2425/4226/2636 627/1222/753 618/1249/775
f 2325/4091/2556 2363/4077/2550 2364/4066/2550 2330/4094/2556
f 2404/4145/2658 2405/4146/2658 2377/4250/2658 2373/4249/2658
f 2379/4128/2659 2359/4125/2660 2356/4252/2660 2381/4251/2659
f 2353/4256/2661 2365/4255/2661 2367/4254/2661 2340/4253/2661
f 2401/4162/2662 2410/4163/2662 2358/1504/923 2329/1501/923
f 2346/4111/2569 2395/4166/2663 2344/4167/2663 2348/4110/2569
f 2318/4260/2665 2283/4259/2665 2265/4258/2664 2316/4257/2664
f 2316/4262/2666 2265/4035/2666 2263/3258/2666 2315/4261/2666
f 2315/4264/2668 2263/3030/1974 2282/842/501 2317/4263/2667
f 467/1269/788 2419/1270/788 2283/4259/2665 2318/4260/2665
f 2317/4263/2667 2282/842/501 1567/843/502 466/1271/789
f 15/70/30 22/4265/30 1886/3249/19 1894/69/19
f 2314/2917/1896 2320/1275/793 2445/1276/794 1536/2916/1895
f 2314/3996/2495 1519/4267/2669 1652/4266/2669 2313/3954/2495
f 2313/3954/2468 1652/4266/2670 1529/3943/2670 2312/3944/2468
f 2311/2994/2465 1662/1284/800 2323/1285/800 2312/3944/2465
f 2309/2995/1953 2321/1287/802 1662/1284/802 2311/2994/1953
f 2308/4018/2505 2457/1290/805 2321/1291/806 2309/4020/2507
f 2307/3051/1992 1649/1293/808 2457/1290/805 2308/4018/2505
f 2306/3049/1939 1014/1295/808 1649/1293/808 2307/3051/1992
f 2305/2975/1939 632/1297/811 1014/1295/808 2306/3049/1939
f 2303/2976/1940 998/1299/813 632/1297/811 2305/2975/1939
f 2302/3987/2490 1213/1301/815 998/1299/813 2303/2976/1940
f 2301/3936/2458 1211/1304/818 1213/1305/819 2302/3935/2457
f 2300/3067/2006 1033/1307/821 1211/1304/818 2301/3936/2458
f 2299/2957/2007 1027/1309/823 1033/1307/821 2300/3067/2006
f 2299/2957/1926 493/3065/2671 1657/4045/2671 2298/2956/1926
f 2297/2932/1904 613/1315/827 619/1316/827 2298/2931/1904
f 2296/3991/2492 651/1319/829 613/1320/829 2297/3990/2492
f 2296/3975/2485 53/4269/2672 488/4268/2672 2295/3144/2485
f 2295/3144/2061 488/4268/2673 501/3120/2673 2294/3131/2061
f 2293/3132/2052 977/1328/835 590/1329/835 2294/3131/2052
f 2292/3971/2482 2423/1332/837 977/1333/837 2293/3970/2482
f 2290/3086/2049 2486/1336/839 2423/1337/839 2292/3125/2049
f 2290/3086/2020 1659/3123/2674 1591/3058/2674 2289/2986/2020
f 2289/2986/1949 1591/3058/1996 1553/3059/1997 2288/2985/1949
f 2287/3000/1955 2422/1345/846 2461/1346/846 2288/2999/1955
f 2286/3960/2474 2420/1349/848 2422/1350/848 2287/3959/2474
f 2285/2949/2480 2417/1352/850 2420/1349/850 2286/3960/2480
f 2285/2949/1917 1530/3967/2477 2259/2929/1919 2284/2948/1916
f 2283/2950/1920 2419/1357/856 2435/1358/857 2284/2948/1916
f 2318/3974/2484 2316/4271/2675 2315/4270/2675 2317/3973/2484
f 1652/4266/2676 1519/4267/2676 1528/4273/2676 1648/4272/2676
f 1529/3943/2677 1652/4266/2677 1648/4272/2677 1538/4274/2677
f 1653/4275/2678 478/4054/2538 465/4008/2538 1657/2930/2678
f 1607/3940/2679 2280/3135/2679 2281/4277/2679 1609/4276/2679
f 2264/2923/2680 2262/3257/2680 2263/3258/2680 2265/4035/2680
f 2087/4279/2681 1970/4278/2681 1927/4021/2681 2086/2989/2681
f 1970/3157/2682 1613/3158/2132 1608/3276/2132 1927/4280/2682
f 2081/4281/2683 2276/4046/2683 2277/440/2683 1973/1125/2683
f 2280/3135/2684 1576/3136/2684 1577/4282/2684 2281/4277/2684
f 814/3073/2516 1577/3074/2685 1576/4283/2685 531/4029/2516
f 1538/3072/2686 2270/429/2686 2271/4285/2686 1529/4284/2686
f 493/3065/2529 2253/3066/2534 2252/4049/2534 437/4044/2529
f 2402/4289/2687 2404/4288/2687 2373/4287/2687 2372/4286/2687
f 2372/4292/2688 2383/4109/2568 2349/4291/2689 2363/4290/2688
f 2354/4140/2690 2391/4084/2690 2343/4085/2690 2385/4113/2690
f 2368/4293/140 2376/4072/140 2365/4073/140 2356/4123/140
f 2347/4170/2595 2334/4102/2562 2357/4064/2562 2348/4110/2595
f 2371/4112/2570 2372/4292/2688 2363/4290/2688 2325/4114/2570
f 2345/4294/2691 2349/4291/2689 2383/4109/2568 2361/4108/2567
f 2347/4298/140 2333/4297/140 2378/4296/140 2334/4295/140
f 2345/4300/2692 2397/4299/2693 2395/4166/2693 2346/4111/2692
f 2334/4295/140 2378/4296/140 2376/4072/140 2368/4293/140
f 2339/1428/887 2408/4152/2586 2406/4143/2586 2324/1427/887
f 2368/4101/2563 2356/4252/2660 2359/4125/2660 2374/4067/2563
f 2361/4108/2567 2328/4179/2694 2397/4180/2694 2345/4294/2691
f 2380/4176/2695 2335/4082/2695 2327/4078/2695 2362/4177/2695
f 2338/4302/140 2407/4151/140 2408/4152/140 2384/4301/140
f 2413/4306/2697 2338/4305/2697 2384/4304/2696 2393/4303/2696
f 2411/4308/2699 2413/4306/2699 2393/4303/2698 2412/4307/2698
f 2409/4310/2701 2411/4308/2701 2412/4307/2700 2410/4309/2700
f 2352/4156/2702 2389/4153/2702 2326/4161/2702 2386/4311/2702
f 2404/4145/2704 2402/4313/2704 2401/4312/2703 2403/4144/2703
f 2349/4076/2551 2345/4300/2692 2346/4111/2692 2350/4065/2551
f 2326/4161/2705 2401/4315/2705 2402/4314/2705 2386/4311/2705
f 2347/4298/140 2390/4172/140 2332/4173/140 2333/4297/140
f 2386/4311/2706 2402/4317/2706 2409/4316/2706 2352/4156/2706
f 2398/4104/2707 2391/4084/2707 2354/4140/2707 2396/4103/2707
f 2395/4166/2708 2397/4299/2708 2341/4165/2708
f 2365/4321/2709 2338/4320/2709 2413/4319/2709 2367/4318/2709
f 2398/4323/2565 2366/4322/2565 2400/4096/2710 2375/4086/2710
f 2396/4324/2711 2354/4140/2711 2399/4141/2711
f 2375/4086/2712 2391/4084/2712 2398/4325/2712
f 2399/4327/2713 2370/4326/2713 2369/4089/2713 2396/4103/2713
f 2402/4289/2714 2372/4286/2714 2371/4329/2714 2409/4328/2714
f 2401/4312/2703 2329/1487/914 2337/1488/914 2403/4144/2703
f 2403/4144/2582 2337/1488/916 2324/1427/916 2406/4143/2582
f 2407/4151/2715 2376/4330/2715 2377/4250/2715 2405/4146/2715
f 2408/4152/140 2339/1428/140 2394/1493/140 2384/4301/140
f 2384/4304/2696 2394/1494/918 2388/1495/918 2393/4303/2696
f 2393/4303/2698 2388/1495/919 2360/1496/919 2412/4307/2698
f 2412/4307/2700 2360/1496/920 2358/1497/920 2410/4309/2700
f 2333/4297/140 718/1498/140 691/1499/140 2378/4296/140
f 2616/4334/2716 2611/4333/2717 2492/4332/2717 2491/4331/2716
f 2611/4333/2717 2610/4336/2718 2493/4335/2718 2492/4332/2717
f 2610/4336/2718 2667/4338/2719 2494/4337/2719 2493/4335/2718
f 2667/4338/2719 2666/4340/2720 2495/4339/2720 2494/4337/2719
f 2600/4344/2721 2599/4343/2722 2605/4342/2722 2607/4341/2721
f 2666/4340/2720 2665/4346/2723 2496/4345/2723 2495/4339/2720
f 2665/4346/2723 2664/4348/2724 2497/4347/2724 2496/4345/2723
f 2664/4348/2724 2638/4350/2725 2498/4349/2725 2497/4347/2724
f 2636/4354/2726 2633/4353/2727 2641/4352/2727 2642/4351/2726
f 2719/4358/2728 2512/4357/2728 2511/4356/2728 2715/4355/2728
f 2669/4362/2729 2773/4361/2729 2774/4360/2729 2716/4359/2729
f 2670/4366/2730 2672/4365/2731 2718/4364/2731 2717/4363/2730
f 2672/4365/2731 2673/4368/2732 2719/4367/2732 2718/4364/2731
f 2673/4368/2733 2513/4370/2733 2512/4369/2733 2719/4367/2733
f 2720/4374/2734 2675/4373/2734 2670/4372/2734 2721/4371/2734
f 2721/4371/2735 2670/4372/2735 2717/4376/2735 2722/4375/2735
f 2638/4350/2725 2628/4378/2736 2499/4377/2736 2498/4349/2725
f 2595/4380/2737 2594/4379/2738 2599/4343/2738 2600/4344/2737
f 2722/4375/2739 2717/4376/2739 2713/4382/2739 2723/4381/2739
f 2723/4381/2740 2713/4382/2740 2709/4384/2740 2724/4383/2740
f 2724/4383/2741 2709/4384/2741 2705/4386/2741 2725/4385/2741
f 2725/4385/2742 2705/4386/2742 2701/4388/2742 2766/4387/2742
f 2766/4387/2743 2701/4388/2743 2697/4390/2743 2767/4389/2743
f 2583/4394/2744 2582/4393/2745 2588/4392/2745 2589/4391/2744
f 2628/4378/2736 2625/4396/2746 2500/4395/2746 2499/4377/2736
f 2625/4396/2746 2622/4398/2747 2501/4397/2747 2500/4395/2746
f 2624/4401/2748 2623/4400/2749 2631/4399/2749 2633/4353/2748
f 2622/4398/2747 2617/4403/2750 2502/4402/2750 2501/4397/2747
f 2617/4403/2750 2616/4334/2716 2491/4331/2716 2502/4402/2750
f 2607/4341/2751 2605/4342/2752 2613/4405/2752 2614/4404/2751
f 2633/4353/2727 2631/4399/2753 2640/4406/2753 2641/4352/2727
f 2699/4410/2754 2504/4409/2754 2505/4408/2754 2693/4407/2754
f 2700/4414/2755 2544/4413/2755 2543/4412/2755 2696/4411/2755
f 2698/4416/2756 2699/4410/2757 2693/4407/2757 2692/4415/2756
f 2710/4420/2758 2711/4419/2759 2707/4418/2759 2706/4417/2758
f 2680/4424/2760 2681/4423/2761 2677/4422/2761 2676/4421/2760
f 2709/4426/2762 2710/4420/2758 2706/4417/2758 2705/4425/2762
f 2582/4393/2745 2581/4428/2763 2587/4427/2763 2588/4392/2745
f 2767/4389/2764 2697/4390/2764 2691/4430/2764 2768/4429/2764
f 2768/4429/2765 2691/4430/2765 2687/4432/2765 2769/4431/2765
f 2769/4431/2766 2687/4432/2766 2683/4434/2766 2770/4433/2766
f 2770/4433/2767 2683/4434/2767 2679/4436/2767 2771/4435/2767
f 2771/4435/2768 2679/4436/2768 2675/4373/2768 2720/4374/2768
f 2701/4439/2769 2702/4438/2770 2698/4416/2770 2697/4437/2769
f 2772/4441/2772 2720/4374/2772 2721/4371/2771 2773/4440/2771
f 2773/4440/2771 2721/4371/2771 2722/4375/2773 2774/4442/2773
f 2599/4343/2722 2598/4444/2774 2604/4443/2774 2605/4342/2722
f 2596/4448/2775 2647/4447/2775 2648/4446/2775 2601/4445/2775
f 2598/4450/2776 2498/4349/2776 2499/4377/2776 2604/4449/2776
f 2774/4442/2773 2722/4375/2773 2723/4381/2777 2775/4451/2777
f 2775/4451/2777 2723/4381/2777 2724/4383/2778 2776/4452/2778
f 2776/4452/2778 2724/4383/2778 2725/4385/2779 2777/4453/2779
f 2777/4453/2779 2725/4385/2779 2766/4387/2780 2544/4454/2780
f 2544/4454/2780 2766/4387/2780 2767/4389/2781 2543/4455/2781
f 2675/4456/2782 2676/4421/2783 2672/4365/2783 2670/4366/2782
f 2697/4437/2784 2698/4416/2756 2692/4415/2756 2691/4457/2784
f 2678/4461/2785 2539/4460/2785 2772/4459/2785 2674/4458/2785
f 2511/4356/2786 2512/4357/2787 2737/4463/2787 2726/4462/2786
f 2510/4465/2788 2511/4356/2786 2726/4462/2786 2727/4464/2788
f 2509/4467/2789 2510/4465/2788 2727/4464/2788 2728/4466/2789
f 2503/4469/2790 2509/4467/2789 2728/4466/2789 2729/4468/2790
f 2504/4471/2791 2503/4469/2790 2729/4468/2790 2730/4470/2791
f 2505/4473/2792 2504/4471/2791 2730/4470/2791 2731/4472/2792
f 2506/4475/2793 2505/4473/2792 2731/4472/2792 2732/4474/2793
f 2507/4477/2794 2506/4475/2793 2732/4474/2793 2733/4476/2794
f 2508/4479/2795 2507/4477/2794 2733/4476/2794 2734/4478/2795
f 2604/4449/2796 2499/4377/2796 2500/4395/2796 2612/4480/2796
f 2514/4482/2797 2508/4479/2795 2734/4478/2795 2735/4481/2797
f 2513/4484/2798 2514/4482/2797 2735/4481/2797 2736/4483/2798
f 2588/4487/2799 2587/4486/2800 2593/4485/2800 2594/4379/2799
f 2512/4357/2787 2513/4484/2798 2736/4483/2798 2737/4463/2787
f 2749/4491/2801 2750/4490/2801 2751/4489/2801 2738/4488/2801
f 2738/4488/2802 2751/4489/2802 2752/4493/2802 2739/4492/2802
f 2742/4495/2803 2739/4492/2803 2752/4493/2803 2753/4494/2803
f 2740/4497/2804 2748/4496/2804 2749/4491/2804 2738/4488/2804
f 2741/4498/2805 2740/4497/2805 2738/4488/2805 2739/4492/2805
f 2743/4499/2806 2741/4498/2806 2739/4492/2806 2742/4495/2806
f 2746/4501/2807 2747/4500/2807 2748/4496/2807 2740/4497/2807
f 2516/4505/2808 2549/4504/2808 2550/4503/2808 2518/4502/2808
f 2620/4509/2809 2619/4508/2810 2624/4507/2810 2626/4506/2809
f 2517/4513/2812 2637/4512/2812 2643/4511/2811 2515/4510/2811
f 2626/4514/2230 2624/4401/2748 2633/4353/2748 2636/4354/2230
f 2608/4518/2813 2649/4517/2813 2488/4516/2813 2615/4515/2813
f 2518/4502/2814 2550/4503/2814 2552/4520/2814 2520/4519/2814
f 2519/4522/2815 2627/4521/2815 2637/4512/2812 2517/4513/2812
f 2520/4519/2816 2552/4520/2816 2553/4524/2816 2522/4523/2816
f 2521/4526/2817 2621/4525/2817 2627/4521/2815 2519/4522/2815
f 2522/4523/2818 2553/4524/2818 2554/4528/2818 2524/4527/2818
f 2523/4530/2819 2615/4529/2819 2621/4525/2817 2521/4526/2817
f 2524/4527/2820 2554/4528/2820 2555/4532/2820 2526/4531/2820
f 2525/4534/2821 2608/4533/2821 2615/4529/2819 2523/4530/2819
f 2526/4531/2822 2555/4532/2822 2556/4536/2822 2528/4535/2822
f 2621/4540/2823 2489/4539/2823 2490/4538/2823 2627/4537/2823
f 2746/4501/2824 2740/4497/2824 2741/4498/2824 2745/4541/2824
f 2745/4541/2825 2741/4498/2825 2743/4499/2825 2744/4542/2825
f 2627/4537/2826 2490/4538/2826 2659/4544/2826 2637/4543/2826
f 2742/4548/2827 2753/4547/2827 2651/4546/2827 2661/4545/2827
f 2743/4550/2828 2742/4548/2828 2661/4545/2828 2671/4549/2828
f 2744/4554/2829 2743/4553/2829 2671/4552/2829 2695/4551/2829
f 2745/4556/2830 2744/4554/2830 2695/4551/2830 2782/4555/2830
f 2746/4558/2831 2745/4556/2831 2782/4555/2831 2780/4557/2831
f 2747/4560/2832 2746/4558/2832 2780/4557/2832 2778/4559/2832
f 2614/4562/2833 2613/4561/2834 2619/4508/2834 2620/4509/2833
f 2527/4564/2835 2601/4563/2835 2608/4533/2821 2525/4534/2821
f 2528/4535/2836 2556/4536/2836 2557/4566/2836 2530/4565/2836
f 2529/4568/2837 2596/4567/2837 2601/4563/2835 2527/4564/2835
f 2530/4565/2838 2557/4566/2838 2561/4570/2838 2532/4569/2838
f 2531/4572/2839 2590/4571/2839 2596/4567/2837 2529/4568/2837
f 2532/4569/2840 2561/4570/2840 2562/4574/2840 2534/4573/2840
f 2533/4576/2841 2584/4575/2841 2590/4571/2839 2531/4572/2839
f 2534/4573/2842 2562/4574/2842 2563/4578/2842 2536/4577/2842
f 2535/4580/2843 2579/4579/2843 2584/4575/2841 2533/4576/2841
f 2536/4577/2844 2563/4578/2844 2551/4582/2844 2538/4581/2844
f 2748/4586/2845 2747/4585/2845 2778/4584/2845 2546/4583/2845
f 2537/4588/2846 2572/4587/2846 2579/4579/2843 2535/4580/2843
f 2538/4581/2847 2551/4582/2847 2549/4504/2847 2516/4505/2847
f 2515/4510/2811 2643/4511/2811 2572/4587/2846 2537/4588/2846
f 2749/4590/2848 2748/4586/2848 2546/4583/2848 2548/4589/2848
f 2750/4592/2849 2749/4590/2849 2548/4589/2849 2630/4591/2849
f 2751/4596/2850 2750/4595/2850 2630/4594/2850 2634/4593/2850
f 2752/4598/2851 2751/4596/2851 2634/4593/2851 2639/4597/2851
f 2753/4547/2852 2752/4600/2852 2639/4599/2852 2651/4546/2852
f 2594/4379/2738 2593/4485/2853 2598/4444/2853 2599/4343/2738
f 2612/4480/2854 2500/4395/2854 2501/4397/2854 2618/4601/2854
f 2631/4603/2855 2491/4331/2855 2492/4332/2855 2640/4602/2855
f 2605/4342/2752 2604/4443/2856 2612/4604/2856 2613/4405/2752
f 2601/4445/2857 2648/4446/2857 2649/4517/2857 2608/4518/2857
f 2623/4605/2858 2502/4402/2858 2491/4331/2858 2631/4603/2858
f 2704/4609/2859 2777/4608/2859 2544/4607/2859 2700/4606/2859
f 2490/4613/2861 2658/4612/2861 2565/4611/2860 2659/4610/2860
f 2489/4615/2862 2657/4614/2862 2658/4612/2861 2490/4613/2861
f 2488/4617/2863 2656/4616/2863 2657/4614/2862 2489/4615/2862
f 2649/4619/2864 2655/4618/2864 2656/4616/2863 2488/4617/2863
f 2589/4620/2217 2588/4487/2799 2594/4379/2799 2595/4380/2217
f 2648/4622/2865 2654/4621/2865 2655/4618/2864 2649/4619/2864
f 2708/4624/2866 2776/4623/2866 2777/4608/2866 2704/4609/2866
f 2647/4626/2867 2653/4625/2867 2654/4621/2865 2648/4622/2865
f 2646/4628/2868 2652/4627/2868 2653/4625/2867 2647/4626/2867
f 2645/4630/2869 2558/4629/2869 2652/4627/2868 2646/4628/2868
f 2644/4632/2870 2559/4631/2870 2558/4629/2869 2645/4630/2869
f 2663/4634/2871 2560/4633/2871 2559/4631/2870 2644/4632/2870
f 2662/4636/2872 2564/4635/2872 2560/4633/2871 2663/4634/2871
f 2659/4610/2860 2565/4611/2860 2564/4635/2872 2662/4636/2872
f 2658/4612/2873 2626/4638/2873 2636/4637/2873 2565/4611/2873
f 2657/4614/2874 2620/4639/2874 2626/4638/2874 2658/4612/2874
f 2656/4616/2875 2614/4640/2875 2620/4639/2875 2657/4614/2875
f 2619/4508/2810 2618/4642/2876 2623/4641/2876 2624/4507/2810
f 2655/4618/2877 2607/4643/2877 2614/4640/2877 2656/4616/2877
f 2654/4621/2878 2600/4644/2878 2607/4643/2878 2655/4618/2878
f 2653/4625/2879 2595/4645/2879 2600/4644/2879 2654/4621/2879
f 2652/4627/2880 2589/4646/2880 2595/4645/2880 2653/4625/2880
f 2674/4458/2881 2772/4459/2881 2773/4361/2881 2669/4362/2881
f 2558/4629/2882 2583/4647/2882 2589/4646/2882 2652/4627/2882
f 2559/4631/2883 2578/4648/2883 2583/4647/2883 2558/4629/2883
f 2560/4633/2884 2571/4649/2884 2578/4648/2884 2559/4631/2884
f 2564/4635/2885 2642/4650/2885 2571/4649/2885 2560/4633/2885
f 2587/4652/2886 2496/4345/2886 2497/4347/2886 2593/4651/2886
f 2637/4543/2887 2659/4544/2887 2662/4654/2887 2643/4653/2887
f 2565/4611/2888 2636/4637/2888 2642/4650/2888 2564/4635/2888
f 2640/4602/2889 2492/4332/2889 2493/4335/2889 2568/4655/2889
f 2641/4352/2890 2640/4406/2891 2568/4657/2891 2569/4656/2890
f 2584/4661/2892 2645/4660/2892 2646/4659/2892 2590/4658/2892
f 2642/4351/2893 2641/4352/2890 2569/4656/2890 2571/4662/2893
f 2643/4653/2894 2662/4654/2894 2663/4664/2894 2572/4663/2894
f 2568/4655/2895 2493/4335/2895 2494/4337/2895 2576/4665/2895
f 2590/4658/2896 2646/4659/2896 2647/4667/2896 2596/4666/2896
f 2569/4656/2897 2568/4657/2898 2576/4669/2898 2577/4668/2897
f 2707/4671/2899 2509/4467/2899 2503/4469/2899 2703/4670/2899
f 2684/4675/2900 2685/4674/2901 2681/4673/2901 2680/4672/2900
f 2545/4679/2903 2669/4678/2903 2716/4677/2902 2779/4676/2902
f 2778/4683/2904 2765/4682/2904 2764/4681/2904 2546/4680/2904
f 2779/4676/2902 2716/4677/2902 2712/4685/2905 2781/4684/2905
f 2780/4687/2906 2754/4686/2906 2765/4682/2906 2778/4683/2906
f 2781/4684/2905 2712/4685/2905 2708/4689/2907 2783/4688/2907
f 2782/4691/2908 2755/4690/2908 2754/4686/2908 2780/4687/2908
f 2783/4688/2907 2708/4689/2907 2704/4693/2909 2694/4692/2909
f 2695/4695/2910 2756/4694/2910 2755/4690/2910 2782/4691/2910
f 2694/4692/2909 2704/4693/2909 2700/4697/2911 2668/4696/2911
f 2571/4662/2912 2569/4656/2897 2577/4668/2897 2578/4698/2912
f 2572/4702/2913 2663/4701/2913 2644/4700/2913 2579/4699/2913
f 2671/4704/2914 2757/4703/2914 2756/4694/2914 2695/4695/2914
f 2576/4665/2915 2494/4337/2915 2495/4339/2915 2581/4705/2915
f 2668/4696/2911 2700/4697/2911 2696/4707/2916 2660/4706/2916
f 2661/4709/2917 2758/4708/2917 2757/4703/2917 2671/4704/2917
f 2660/4706/2916 2696/4707/2916 2690/4711/2918 2650/4710/2918
f 2651/4713/2919 2759/4712/2919 2758/4708/2919 2661/4709/2919
f 2650/4710/2918 2690/4711/2918 2686/4715/2920 2635/4714/2920
f 2639/4717/2921 2760/4716/2921 2759/4712/2921 2651/4713/2921
f 2635/4714/2920 2686/4715/2920 2682/4719/2922 2632/4718/2922
f 2634/4721/2923 2761/4720/2923 2760/4716/2923 2639/4717/2923
f 2577/4723/2924 2576/4722/2925 2581/4428/2925 2582/4393/2924
f 2578/4724/2926 2577/4723/2924 2582/4393/2924 2583/4394/2926
f 2632/4718/2922 2682/4719/2922 2678/4726/2927 2629/4725/2927
f 2630/4728/2928 2762/4727/2928 2761/4720/2928 2634/4721/2928
f 2629/4725/2927 2678/4726/2927 2674/4730/2929 2547/4729/2929
f 2566/4734/2930 2567/4733/2930 2524/4732/2930 2526/4731/2930
f 2567/4738/2931 2570/4737/2931 2522/4736/2931 2524/4735/2931
f 2570/4737/2932 2573/4740/2932 2520/4739/2932 2522/4736/2932
f 2573/4744/2933 2574/4743/2933 2518/4742/2933 2520/4741/2933
f 2574/4743/2934 2575/4746/2934 2516/4745/2934 2518/4742/2934
f 2575/4746/2935 2580/4748/2935 2538/4747/2935 2516/4745/2935
f 2580/4752/2936 2585/4751/2936 2536/4750/2936 2538/4749/2936
f 2585/4751/2937 2586/4754/2937 2534/4753/2937 2536/4750/2937
f 2586/4754/2938 2591/4756/2938 2532/4755/2938 2534/4753/2938
f 2591/4756/2829 2592/4758/2829 2530/4757/2829 2532/4755/2829
f 2592/4762/2939 2597/4761/2939 2528/4760/2939 2530/4759/2939
f 2597/4761/2827 2566/4734/2827 2526/4731/2827 2528/4760/2827
f 2586/4766/2940 2602/4765/2940 2592/4764/2940 2591/4763/2940
f 2585/4768/2824 2603/4767/2824 2602/4765/2824 2586/4766/2824
f 2585/4768/2941 2580/4770/2941 2575/4769/2941 2603/4767/2941
f 2592/4764/2942 2602/4765/2942 2606/4772/2942 2597/4771/2942
f 2602/4765/2943 2603/4767/2943 2609/4773/2943 2606/4772/2943
f 2603/4767/2944 2575/4769/2944 2574/4774/2944 2609/4773/2944
f 2597/4771/2945 2606/4772/2945 2567/4776/2945 2566/4775/2945
f 2609/4773/2946 2570/4777/2946 2567/4776/2946 2606/4772/2946
f 2579/4699/2947 2644/4700/2947 2645/4660/2947 2584/4661/2947
f 2574/4774/2948 2573/4778/2948 2570/4777/2948 2609/4773/2948
f 2581/4705/2949 2495/4339/2949 2496/4345/2949 2587/4652/2949
f 2714/4780/2950 2715/4779/2951 2711/4419/2951 2710/4420/2950
f 2713/4781/2952 2714/4780/2950 2710/4420/2950 2709/4426/2952
f 2712/4783/2953 2775/4782/2953 2776/4623/2953 2708/4624/2953
f 2711/4419/2954 2510/4785/2954 2509/4784/2954 2707/4418/2954
f 2715/4779/2955 2511/4786/2955 2510/4785/2955 2711/4419/2955
f 2686/4790/2956 2541/4789/2956 2540/4788/2956 2682/4787/2956
f 2703/4792/2957 2503/4791/2957 2504/4409/2957 2699/4410/2957
f 2685/4674/2958 2507/4794/2958 2508/4793/2958 2681/4673/2958
f 2688/4796/2959 2689/4795/2960 2685/4674/2960 2684/4675/2959
f 2716/4798/2961 2774/4797/2961 2775/4782/2961 2712/4783/2961
f 2717/4363/2962 2718/4364/2963 2714/4800/2963 2713/4799/2962
f 2548/4802/2964 2763/4801/2964 2762/4727/2964 2630/4728/2964
f 2718/4364/2963 2719/4367/2965 2715/4803/2965 2714/4800/2963
f 2690/4805/2966 2542/4804/2966 2541/4789/2966 2686/4790/2966
f 2615/4515/2967 2488/4516/2967 2489/4807/2967 2621/4806/2967
f 2547/4729/2929 2674/4730/2929 2669/4678/2903 2545/4679/2903
f 2683/4809/2968 2684/4675/2900 2680/4672/2900 2679/4808/2968
f 2546/4680/2969 2764/4681/2969 2763/4801/2969 2548/4802/2969
f 2593/4651/2970 2497/4347/2970 2498/4349/2970 2598/4450/2970
f 2706/4811/2971 2707/4810/2972 2703/4792/2972 2702/4438/2971
f 2691/4457/2973 2692/4415/2974 2688/4813/2974 2687/4812/2973
f 2676/4421/2783 2677/4422/2975 2673/4368/2975 2672/4365/2783
f 2679/4814/2976 2680/4424/2760 2676/4421/2760 2675/4456/2976
f 2682/4816/2977 2540/4815/2977 2539/4460/2977 2678/4461/2977
f 2687/4817/2978 2688/4796/2959 2684/4675/2959 2683/4809/2978
f 2702/4438/2770 2703/4792/2979 2699/4410/2979 2698/4416/2770
f 2689/4795/2980 2506/4818/2980 2507/4794/2980 2685/4674/2980
f 2618/4601/2981 2501/4397/2981 2502/4402/2981 2623/4605/2981
f 2613/4561/2834 2612/4819/2982 2618/4642/2982 2619/4508/2834
f 2677/4422/2983 2514/4820/2983 2513/4370/2983 2673/4368/2983
f 2693/4822/2984 2505/4473/2984 2506/4475/2984 2689/4821/2984
f 2692/4415/2974 2693/4407/2985 2689/4823/2985 2688/4813/2974
f 2696/4411/2986 2543/4412/2986 2542/4804/2986 2690/4805/2986
f 2681/4825/2987 2508/4479/2987 2514/4482/2987 2677/4824/2987
f 2539/4826/2988 2771/4435/2988 2720/4374/2772 2772/4441/2772
f 2540/4827/2989 2770/4433/2989 2771/4435/2988 2539/4826/2988
f 2541/4828/2990 2769/4431/2990 2770/4433/2989 2540/4827/2989
f 2542/4829/2991 2768/4429/2991 2769/4431/2990 2541/4828/2990
f 2705/4830/2992 2706/4811/2971 2702/4438/2971 2701/4439/2992
f 2543/4455/2781 2767/4389/2781 2768/4429/2991 2542/4829/2991
f 2561/4834/2993 2785/4833/2993 2784/4832/2993 2562/4831/2993
f 2562/4831/2994 2784/4832/2994 2786/4836/2994 2563/4835/2994
f 2563/4835/2995 2786/4836/2995 2787/4838/2995 2551/4837/2995
f 2551/4837/2996 2787/4838/2996 2788/4840/2996 2549/4839/2996
f 2549/4844/2997 2788/4843/2997 2789/4842/2997 2550/4841/2997
f 2550/4841/2998 2789/4842/2998 2790/4846/2998 2552/4845/2998
f 2552/4845/2999 2790/4846/2999 2791/4848/2999 2553/4847/2999
f 2553/4847/3000 2791/4848/3000 2792/4850/3000 2554/4849/3000
f 2554/4849/3001 2792/4850/3001 2793/4852/3001 2555/4851/3001
f 2555/4851/3002 2793/4852/3002 2794/4854/3002 2556/4853/3002
f 2556/4858/3003 2794/4857/3003 2795/4856/3003 2557/4855/3003
f 2557/4855/3004 2795/4856/3004 2785/4833/3004 2561/4834/3004
f 2761/4862/3005 2797/4861/3005 2796/4860/3005 2760/4859/3005
f 2762/4864/2999 2798/4863/2999 2797/4861/2999 2761/4862/2999
f 2763/4866/3006 2799/4865/3006 2798/4863/3006 2762/4864/3006
f 2764/4868/3007 2800/4867/3007 2799/4865/3007 2763/4866/3007
f 2765/4872/3008 2801/4871/3008 2800/4870/3008 2764/4869/3008
f 2754/4874/3009 2802/4873/3009 2801/4871/3009 2765/4872/3009
f 2755/4876/3010 2803/4875/3010 2802/4873/3010 2754/4874/3010
f 2756/4878/3011 2804/4877/3011 2803/4875/3011 2755/4876/3011
f 2757/4880/3012 2805/4879/3012 2804/4877/3012 2756/4878/3012
f 2758/4882/3013 2806/4881/3013 2805/4879/3013 2757/4880/3013
f 2759/4886/3014 2807/4885/3014 2806/4884/3014 2758/4883/3014
f 2760/4859/3015 2796/4860/3015 2807/4885/3015 2759/4886/3015
f 2785/4890/3017 2809/4889/3017 2808/4888/3016 2784/4887/3016
f 2784/4887/3016 2808/4888/3016 2810/4892/3018 2786/4891/3018
f 2786/4891/3018 2810/4892/3018 2811/4894/3019 2787/4893/3019
f 2787/4893/3019 2811/4894/3019 2812/4896/3020 2788/4895/3020
f 2788/4895/3020 2812/4896/3020 2813/4898/3021 2789/4897/3021
f 2789/4897/3021 2813/4898/3021 2814/4900/3022 2790/4899/3022
f 2790/4899/3022 2814/4900/3022 2815/4902/3023 2791/4901/3023
f 2791/4901/3023 2815/4902/3023 2816/4904/3024 2792/4903/3024
f 2792/4903/3024 2816/4904/3024 2817/4906/3025 2793/4905/3025
f 2793/4905/3025 2817/4906/3025 2818/4908/3026 2794/4907/3026
f 2794/4907/3026 2818/4908/3026 2819/4910/3027 2795/4909/3027
f 2795/4909/3027 2819/4910/3027 2809/4889/3017 2785/4890/3017
f 2807/4914/3029 2821/4913/3029 2820/4912/3028 2806/4911/3028
f 2796/4916/3030 2822/4915/3030 2821/4913/3029 2807/4914/3029
f 2797/4918/3031 2823/4917/3031 2822/4915/3030 2796/4916/3030
f 2798/4920/3032 2824/4919/3032 2823/4917/3031 2797/4918/3031
f 2799/4922/3033 2825/4921/3033 2824/4919/3032 2798/4920/3032
f 2800/4924/3034 2826/4923/3034 2825/4921/3033 2799/4922/3033
f 2801/4926/3035 2827/4925/3035 2826/4923/3034 2800/4924/3034
f 2802/4928/3036 2828/4927/3036 2827/4925/3035 2801/4926/3035
f 2803/4930/3037 2829/4929/3037 2828/4927/3036 2802/4928/3036
f 2804/4932/3038 2830/4931/3038 2829/4929/3037 2803/4930/3037
f 2805/4934/3039 2831/4933/3039 2830/4931/3038 2804/4932/3038
f 2806/4911/3028 2820/4912/3028 2831/4933/3039 2805/4934/3039
f 3111/4938/3041 3464/4937/3041 3450/4936/3040 3451/4935/3040
f 2830/4942/3042 3476/4941/3043 3119/4940/3043 2829/4939/3042
f 3474/4944/3045 3111/4938/3045 3451/4935/3044 3441/4943/3044
f 2829/4939/3046 3119/4940/3047 3486/4946/3047 2828/4945/3046
f 3118/4950/3049 3474/4949/3049 3441/4948/3048 3440/4947/3048
f 2828/4954/3050 3486/4953/3051 2853/4952/3051 2827/4951/3050
f 3472/4956/3053 3118/4950/3053 3440/4947/3052 3442/4955/3052
f 2827/4951/3054 2853/4952/3055 3098/4958/3055 2826/4957/3054
f 2839/4962/3057 3472/4961/3057 3442/4960/3056 3443/4959/3056
f 2826/4957/3058 3098/4958/3059 3483/4964/3059 2825/4963/3058
f 3470/4966/3061 2839/4962/3061 3443/4959/3060 3444/4965/3060
f 2825/4970/3062 3483/4969/3063 3103/4968/3063 2824/4967/3062
f 3469/4972/3065 3470/4966/3065 3444/4965/3064 3445/4971/3064
f 2824/4967/3066 3103/4968/3067 3481/4974/3067 2823/4973/3066
f 3114/4978/3069 3469/4977/3069 3445/4976/3068 3446/4975/3068
f 2823/4973/3070 3481/4974/3071 3107/4980/3071 2822/4979/3070
f 3467/4982/3073 3114/4978/3073 3446/4975/3072 3447/4981/3072
f 2822/4979/3074 3107/4980/3075 3102/4984/3075 2821/4983/3074
f 3117/4986/3077 3467/4982/3077 3447/4981/3076 3448/4985/3076
f 2821/4990/3078 3102/4989/3079 2846/4988/3079 2820/4987/3078
f 3465/4992/3081 3117/4986/3081 3448/4985/3080 3449/4991/3080
f 2820/4987/3082 2846/4988/3083 3101/4994/3083 2831/4993/3082
f 3464/4937/3085 3465/4996/3085 3449/4995/3084 3450/4936/3084
f 2831/4993/3086 3101/4994/3087 3476/4998/3087 2830/4997/3086
f 2913/5002/3088 3082/5001/3088 3081/5000/3088 2906/4999/3088
f 3054/5006/3089 2866/5005/3089 2867/5004/3089 3053/5003/3089
f 2906/4999/3090 3081/5000/3090 3080/5008/3090 2904/5007/3090
f 3055/5010/3091 2865/5009/3091 2866/5005/3091 3054/5006/3091
f 2904/5007/3092 3080/5008/3092 3071/5012/3092 3073/5011/3092
f 3056/5016/3093 2864/5015/3093 2865/5014/3093 3055/5013/3093
f 3073/5011/3094 3071/5012/3094 3070/5018/3094 3075/5017/3094
f 3062/5022/3095 2858/5021/3095 2859/5020/3095 3061/5019/3095
f 3052/5026/3097 3077/5025/3097 3076/5024/3096 2922/5023/3096
f 3051/5028/3098 3052/5026/3098 2922/5023/3098 2923/5027/3098
f 3050/5030/3099 3079/5029/3099 3077/5025/3097 3052/5026/3097
f 3049/5031/3100 3050/5030/3100 3052/5026/3100 3051/5028/3100
f 3057/5033/3101 2863/5032/3101 2864/5015/3101 3056/5016/3101
f 3048/5035/3102 2882/5034/3102 3079/5029/3099 3050/5030/3099
f 3047/5036/3103 3048/5035/3103 3050/5030/3103 3049/5031/3103
f 3046/5038/3104 2884/5037/3104 2882/5034/3102 3048/5035/3102
f 3045/5039/3105 3046/5038/3105 3048/5035/3105 3047/5036/3105
f 3044/5041/3106 2886/5040/3106 2884/5037/3104 3046/5038/3104
f 3072/5042/3107 3044/5041/3107 3046/5038/3107 3045/5039/3107
f 2918/5044/3108 2916/5043/3108 2886/5040/3106 3044/5041/3106
f 2908/5045/3109 2918/5044/3109 3044/5041/3109 3072/5042/3109
f 2908/5049/3110 2917/5048/3110 2915/5047/3110 2899/5046/3110
f 2918/5044/3111 2908/5045/3111 2899/5051/3111 2902/5050/3111
f 2899/5046/3112 2915/5047/3112 2913/5053/3112 2894/5052/3112
f 2902/5050/3113 2899/5051/3113 2894/5055/3113 2897/5054/3113
f 2894/5052/3114 2913/5053/3114 2906/5057/3114 2890/5056/3114
f 2897/5054/3115 2894/5055/3115 2890/5059/3115 2892/5058/3115
f 2890/5061/3116 2906/4999/3116 2904/5007/3116 2921/5060/3116
f 2892/5058/3117 2890/5059/3117 2921/5063/3117 2920/5062/3117
f 2921/5060/3118 2904/5007/3118 3073/5011/3118 2888/5064/3118
f 2920/5062/3119 2921/5063/3119 2888/5066/3119 2889/5065/3119
f 2888/5070/3120 3073/5069/3120 3075/5068/3120 2923/5067/3120
f 2889/5065/3121 2888/5066/3121 2923/5027/3121 2922/5023/3121
f 3051/5072/3122 2923/5067/3122 3075/5068/3122 3078/5071/3122
f 3049/5074/3123 3051/5072/3123 3078/5071/3123 2881/5073/3123
f 3047/5078/3125 3049/5077/3125 2881/5076/3124 2883/5075/3124
f 3045/5080/3127 3047/5078/3127 2883/5075/3126 2885/5079/3126
f 3072/5082/3129 3045/5080/3129 2885/5079/3128 2887/5081/3128
f 2908/5084/3131 3072/5082/3131 2887/5081/3130 2917/5083/3130
f 2918/5044/3108 2902/5050/3132 2914/5085/3132 2916/5043/3108
f 2902/5050/3132 2897/5054/3133 2911/5086/3133 2914/5085/3132
f 2897/5054/3133 2892/5058/3134 2905/5087/3134 2911/5086/3133
f 2892/5058/3134 2920/5062/3135 2893/5088/3135 2905/5087/3134
f 2920/5062/3135 2889/5065/3136 3074/5089/3136 2893/5088/3135
f 2889/5065/3136 2922/5023/3096 3076/5024/3096 3074/5089/3136
f 3058/5091/3137 2862/5090/3137 2863/5032/3137 3057/5033/3137
f 2859/5095/3138 2878/5094/3138 2877/5093/3138 2860/5092/3138
f 2860/5092/3139 2877/5093/3140 2876/5097/3140 2861/5096/3139
f 2861/5101/3141 2876/5100/3141 2875/5099/3141 2862/5098/3141
f 2862/5090/3142 2875/5103/3143 2874/5102/3143 2863/5032/3142
f 2863/5032/3144 2874/5102/3145 2873/5104/3145 2864/5015/3144
f 2864/5108/3146 2873/5107/3146 2872/5106/3146 2865/5105/3146
f 2865/5009/3147 2872/5110/3148 2871/5109/3148 2866/5005/3147
f 2866/5005/3149 2871/5109/3149 2870/5111/3149 2867/5004/3149
f 2867/5115/3150 2870/5114/3150 2869/5113/3150 2856/5112/3150
f 3063/5117/3151 2857/5116/3151 2858/5021/3151 3062/5022/3151
f 2915/5047/3152 3083/5119/3152 3082/5118/3152 2913/5053/3152
f 2883/5075/3124 2881/5076/3124 3068/5121/3153 3067/5120/3153
f 3053/5125/3154 2867/5124/3154 2856/5123/3154 3064/5122/3154
f 2917/5048/3155 3084/5126/3155 3083/5119/3155 2915/5047/3155
f 3064/5122/3156 2856/5123/3156 2857/5116/3156 3063/5117/3156
f 3060/5128/3157 2860/5092/3157 2861/5096/3157 3059/5127/3157
f 2887/5081/3128 2885/5079/3128 3066/5130/3158 3065/5129/3158
f 2858/5134/3159 2879/5133/3159 2878/5132/3159 2859/5131/3159
f 3059/5136/3160 2861/5135/3160 2862/5090/3160 3058/5091/3160
f 2887/5081/3130 3065/5129/3161 3084/5137/3161 2917/5083/3130
f 2857/5116/3162 2868/5139/3162 2879/5138/3162 2858/5021/3162
f 2856/5123/3163 2869/5140/3163 2868/5139/3163 2857/5116/3163
f 2869/5140/3163 2912/5142/3163 2919/5141/3163 2868/5139/3163
f 3075/5068/3164 3070/5144/3164 3069/5143/3164 3078/5071/3164
f 3078/5071/3165 3069/5143/3165 3068/5145/3165 2881/5073/3165
f 2870/5114/3150 2910/5147/3150 2912/5146/3150 2869/5113/3150
f 3061/5148/3166 2859/5095/3166 2860/5092/3166 3060/5128/3166
f 2871/5109/3149 2909/5150/3149 2910/5149/3149 2870/5111/3149
f 2872/5110/3148 2907/5151/3167 2909/5150/3167 2871/5109/3148
f 2873/5107/3146 2903/5153/3168 2907/5152/3168 2872/5106/3146
f 2874/5102/3145 2901/5155/3145 2903/5154/3145 2873/5104/3145
f 2875/5103/3143 2900/5156/3169 2901/5155/3169 2874/5102/3143
f 2876/5100/3141 2898/5158/3170 2900/5157/3170 2875/5099/3141
f 2877/5093/3140 2896/5160/3171 2898/5159/3171 2876/5097/3140
f 2878/5094/3138 2895/5161/3172 2896/5160/3172 2877/5093/3138
f 2879/5133/3159 2891/5163/3173 2895/5162/3173 2878/5132/3159
f 2868/5139/3162 2919/5141/3174 2891/5164/3174 2879/5138/3162
f 2880/5167/3176 2891/5163/3176 2919/5166/3175 3095/5165/3175
f 3095/5165/3175 2919/5166/3175 2912/5146/3177 3094/5168/3177
f 3094/5168/3177 2912/5146/3177 2910/5147/3178 3093/5169/3178
f 3093/5169/3178 2910/5147/3178 2909/5171/3179 3092/5170/3179
f 3092/5170/3179 2909/5171/3179 2907/5152/3180 3091/5172/3180
f 3091/5172/3180 2907/5152/3180 2903/5153/3181 3090/5173/3181
f 3090/5173/3181 2903/5153/3181 2901/5175/3182 3089/5174/3182
f 3089/5174/3182 2901/5175/3182 2900/5157/3183 3088/5176/3183
f 3088/5176/3183 2900/5157/3183 2898/5158/3184 3087/5177/3184
f 3087/5177/3184 2898/5158/3184 2896/5179/3185 3086/5178/3185
f 3086/5178/3185 2896/5179/3185 2895/5162/3186 3085/5180/3186
f 3085/5180/3186 2895/5162/3186 2891/5163/3176 2880/5167/3176
f 2885/5079/3126 2883/5075/3126 3067/5120/3187 3066/5130/3187
f 2914/5182/3188 3063/5117/3188 3062/5022/3188 2916/5181/3188
f 2911/5183/3189 3064/5122/3189 3063/5117/3189 2914/5182/3189
f 2905/5087/3190 3053/5185/3190 3064/5184/3190 2911/5086/3190
f 2893/5187/3191 3054/5006/3191 3053/5003/3191 2905/5186/3191
f 3074/5188/3192 3055/5010/3192 3054/5006/3192 2893/5187/3192
f 3076/5024/3193 3056/5190/3193 3055/5189/3193 3074/5089/3193
f 3077/5192/3194 3057/5033/3194 3056/5016/3194 3076/5191/3194
f 3079/5193/3195 3058/5091/3195 3057/5033/3195 3077/5192/3195
f 2882/5034/3196 3059/5195/3196 3058/5194/3196 3079/5029/3196
f 2884/5197/3197 3060/5128/3197 3059/5127/3197 2882/5196/3197
f 2886/5198/3198 3061/5148/3198 3060/5128/3198 2884/5197/3198
f 2916/5043/3199 3062/5200/3199 3061/5199/3199 2886/5040/3199
f 2967/5204/2782 3015/5203/2782 3014/5202/2782 2966/5201/2782
f 2950/5208/3200 2951/5207/3201 2938/5206/3201 2936/5205/3200
f 3023/5210/3202 2950/5208/3200 2936/5205/3200 2933/5209/3202
f 3026/5212/3203 3023/5210/3202 2933/5209/3202 2931/5211/3203
f 3030/5214/3204 3026/5212/3203 2931/5211/3203 2929/5213/3204
f 3035/5216/3205 3030/5214/3204 2929/5213/3204 2927/5215/3205
f 3042/5218/3206 3035/5216/3205 2927/5215/3205 2925/5217/3206
f 3038/5222/3208 2934/5221/3208 2948/5220/3207 2924/5219/3207
f 2934/5221/3210 2954/5224/3210 2946/5223/3209 2948/5220/3209
f 2954/5224/3212 2956/5226/3212 2944/5225/3211 2946/5223/3211
f 2956/5226/3214 2958/5228/3214 2942/5227/3213 2944/5225/3213
f 2958/5232/3216 2960/5231/3216 2940/5230/3215 2942/5229/3215
f 2960/5231/3217 2952/5234/3217 2937/5233/3217 2940/5230/3217
f 2950/5208/3218 2949/5236/3218 2952/5235/3218 2951/5207/3218
f 2949/5238/3219 2935/5237/3219 2937/5233/3219 2952/5234/3219
f 3023/5242/3220 3022/5241/3220 2949/5240/3220 2950/5239/3220
f 3022/5241/3221 2932/5244/3221 2935/5243/3221 2949/5240/3221
f 3026/5246/3222 3024/5245/3222 3022/5241/3222 3023/5242/3222
f 3024/5245/3223 2930/5247/3223 2932/5244/3223 3022/5241/3223
f 3030/5214/3224 3027/5249/3224 3024/5248/3224 3026/5212/3224
f 3027/5253/3225 2928/5252/3225 2930/5251/3225 3024/5250/3225
f 3035/5256/3226 3032/5255/3226 3027/5253/3226 3030/5254/3226
f 3032/5255/3227 2926/5257/3227 2928/5252/3227 3027/5253/3227
f 3042/5259/3228 3038/5258/3228 3032/5255/3228 3035/5256/3228
f 3038/5258/3229 2924/5260/3229 2926/5257/3229 3032/5255/3229
f 3038/5263/3230 3042/5218/3230 2953/5262/3230 2934/5261/3230
f 3042/5218/3206 2925/5217/3206 2947/5264/3231 2953/5262/3231
f 2934/5221/3232 2953/5266/3232 2955/5265/3232 2954/5224/3232
f 2953/5262/3231 2947/5264/3231 2945/5268/3233 2955/5267/3233
f 2954/5224/3234 2955/5265/3234 2957/5269/3234 2956/5226/3234
f 2955/5267/3233 2945/5268/3233 2943/5271/3235 2957/5270/3235
f 2956/5274/3236 2957/5270/3236 2959/5273/3236 2958/5272/3236
f 2957/5270/3235 2943/5271/3235 2941/5275/3237 2959/5273/3237
f 2958/5232/3238 2959/5277/3238 2961/5276/3238 2960/5231/3238
f 2959/5273/3237 2941/5275/3237 2939/5279/3239 2961/5278/3239
f 2960/5231/3240 2961/5276/3240 2951/5280/3240 2952/5234/3240
f 2961/5278/3239 2939/5279/3239 2938/5206/3201 2951/5207/3201
f 2946/5223/3211 2944/5225/3211 2976/5282/3241 2975/5281/3241
f 2940/5230/3215 2978/5284/3242 2977/5283/3242 2942/5229/3215
f 2937/5233/3243 2979/5285/3243 2978/5284/3243 2940/5230/3243
f 3021/5289/3244 3008/5288/3245 3009/5287/3245 3020/5286/3244
f 3020/5286/3246 3009/5287/3247 2998/5291/3247 3019/5290/3246
f 2948/5220/3207 2974/5293/3248 2985/5292/3248 2924/5219/3207
f 2968/5295/3249 3016/5294/3249 3015/5203/3249 2967/5204/3249
f 3019/5290/3250 2998/5291/3251 2999/5297/3251 3018/5296/3250
f 2948/5220/3209 2946/5223/3209 2975/5281/3252 2974/5293/3252
f 2969/5301/3253 3017/5300/3253 3016/5299/3253 2968/5298/3253
f 2944/5225/3213 2942/5227/3213 2977/5302/3254 2976/5282/3254
f 3018/5305/3255 2999/5304/3256 3000/5303/3256 3017/5300/3255
f 3017/5300/3257 3000/5303/3258 3001/5306/3258 3016/5299/3257
f 3016/5294/3259 3001/5308/3259 3002/5307/3259 3015/5203/3259
f 3015/5203/3260 3002/5307/3261 3003/5309/3261 3014/5202/3260
f 3014/5202/3262 3003/5309/3263 3004/5311/3263 3013/5310/3262
f 3013/5315/3264 3004/5314/3265 3005/5313/3265 3012/5312/3264
f 3012/5312/3266 3005/5313/3267 3006/5317/3267 3011/5316/3266
f 3011/5316/3268 3006/5317/3269 3007/5319/3269 3010/5318/3268
f 3010/5318/3270 3007/5319/3270 3008/5321/3270 3021/5320/3270
f 3008/5288/3245 3041/5323/3245 3043/5322/3245 3009/5287/3245
f 3007/5319/3270 3040/5325/3271 3041/5324/3271 3008/5321/3270
f 2970/5326/3272 3018/5305/3272 3017/5300/3272 2969/5301/3272
f 3006/5317/3269 3039/5327/3273 3040/5325/3273 3007/5319/3269
f 3005/5313/3267 3037/5328/3274 3039/5327/3274 3006/5317/3267
f 3004/5314/3265 3036/5329/3275 3037/5328/3275 3005/5313/3265
f 3003/5309/3263 3034/5331/3263 3036/5330/3263 3004/5311/3263
f 3002/5307/3261 3033/5332/3261 3034/5331/3261 3003/5309/3261
f 3001/5308/3259 3031/5333/3276 3033/5332/3276 3002/5307/3259
f 3000/5303/3258 3029/5335/3277 3031/5334/3277 3001/5306/3258
f 2999/5304/3256 3028/5336/3278 3029/5335/3278 3000/5303/3256
f 2998/5291/3251 3025/5338/3250 3028/5337/3250 2999/5297/3251
f 3009/5287/3247 3043/5322/3247 3025/5338/3247 2998/5291/3247
f 2997/5342/3280 3025/5341/3280 3043/5340/3279 2996/5339/3279
f 2996/5339/3279 3043/5340/3279 3041/5344/3281 2995/5343/3281
f 2995/5343/3281 3041/5344/3281 3040/5346/3282 2994/5345/3282
f 2994/5345/3282 3040/5346/3282 3039/5348/3283 2993/5347/3283
f 2993/5347/3283 3039/5348/3283 3037/5350/3284 2992/5349/3284
f 2992/5349/3284 3037/5350/3284 3036/5352/3285 2991/5351/3285
f 2991/5351/3285 3036/5352/3285 3034/5354/3286 2990/5353/3286
f 2990/5353/3286 3034/5354/3286 3033/5356/3287 2989/5355/3287
f 2989/5355/3287 3033/5356/3287 3031/5358/3288 2988/5357/3288
f 2988/5357/3288 3031/5358/3288 3029/5360/3289 2987/5359/3289
f 2987/5359/3289 3029/5360/3289 3028/5362/3290 2986/5361/3290
f 2986/5361/3290 3028/5362/3290 3025/5341/3280 2997/5342/3280
f 2927/5366/3291 2972/5365/3291 2971/5364/3291 2925/5363/3291
f 2929/5368/3292 2973/5367/3292 2972/5365/3292 2927/5366/3292
f 2931/5372/3293 2962/5371/3293 2973/5370/3293 2929/5369/3293
f 2933/5374/3294 2963/5373/3294 2962/5371/3294 2931/5372/3294
f 2936/5376/3295 2964/5375/3295 2963/5373/3295 2933/5374/3295
f 2938/5378/3296 2965/5377/3296 2964/5375/3296 2936/5376/3296
f 2939/5381/3297 2966/5201/3297 2965/5380/3297 2938/5379/3297
f 2941/5382/3298 2967/5204/3298 2966/5201/3298 2939/5381/3298
f 2943/5383/3299 2968/5295/3299 2967/5204/3299 2941/5382/3299
f 2945/5385/3300 2969/5301/3300 2968/5298/3300 2943/5384/3300
f 2947/5386/3301 2970/5326/3301 2969/5301/3301 2945/5385/3301
f 2925/5363/3302 2971/5364/3302 2970/5388/3302 2947/5387/3302
f 2972/5365/2784 3020/5286/2784 3019/5290/2784 2971/5364/2784
f 2924/5260/3303 2985/5390/3303 2984/5389/3303 2926/5257/3303
f 2973/5367/2769 3021/5289/2769 3020/5286/2769 2972/5365/2769
f 2926/5257/3304 2984/5389/3304 2983/5391/3304 2928/5252/3304
f 2962/5393/3305 3010/5392/3305 3021/5289/3305 2973/5367/3305
f 2928/5396/3306 2983/5395/3306 2982/5394/3306 2930/5247/3306
f 2963/5373/3307 3011/5316/3307 3010/5318/3307 2962/5371/3307
f 2930/5247/3308 2982/5394/3308 2981/5397/3308 2932/5244/3308
f 2964/5375/3309 3012/5312/3309 3011/5316/3309 2963/5373/3309
f 2932/5244/3310 2981/5397/3310 2980/5398/3310 2935/5243/3310
f 2965/5380/3311 3013/5310/3311 3012/5400/3311 2964/5399/3311
f 2935/5243/3312 2980/5398/3312 2979/5402/3312 2937/5401/3312
f 2971/5364/3313 3019/5290/3313 3018/5296/3313 2970/5388/3313
f 2966/5201/2730 3014/5202/2730 3013/5310/2730 2965/5380/2730
f 2817/5404/3314 3465/4996/3085 3464/4937/3085 2818/5403/3314
f 312/700/3315 311/701/3315 2172/3738/3315 2174/5405/3315
f 2816/5407/3316 3117/4986/3081 3465/4992/3081 2817/5406/3316
f 307/723/3317 306/724/3317 2125/555/3317 2139/5408/3317
f 2815/5409/3318 3467/4982/3077 3117/4986/3077 2816/5407/3318
f 2112/5412/3319 2110/5411/3319 2241/3673/3319 2236/5410/3319
f 2814/5413/3320 3114/4978/3073 3467/4982/3073 2815/5409/3320
f 313/5415/3321 312/700/3321 2174/5405/3321 2175/5414/3321
f 2813/5416/3322 3469/4977/3069 3114/4978/3069 2814/5413/3322
f 2110/5411/3323 2109/5417/3323 3564/3665/3323 2241/3673/3323
f 2812/5419/3324 3470/4966/3065 3469/4972/3065 2813/5418/3324
f 314/694/3325 313/695/3325 2175/5421/3325 2176/5420/3325
f 2811/5422/3326 2839/4962/3061 3470/4966/3061 2812/5419/3326
f 2109/5417/3327 2108/5423/3327 3562/3664/3327 3564/3665/3327
f 2810/5424/3328 3472/4961/3057 2839/4962/3057 2811/5422/3328
f 315/693/3329 314/694/3329 2176/5420/3329 2178/5425/3329
f 2808/5427/3330 3118/4950/3053 3472/4956/3053 2810/5426/3330
f 2108/5423/3331 2107/5429/3331 3560/5428/3331 3562/3664/3331
f 2809/5430/3332 3474/4949/3049 3118/4950/3049 2808/5427/3332
f 303/734/3333 315/5432/3333 2178/5431/3333 2121/546/3333
f 2819/5434/3334 3111/4938/3045 3474/4944/3045 2809/5433/3334
f 2107/5436/3335 2104/5435/3335 3558/788/3335 3560/794/3335
f 2818/5403/3336 3464/4937/3041 3111/4938/3041 2819/5434/3336
f 304/732/3337 303/734/3337 2121/546/3337 2124/547/3337
f 3124/5440/3339 3243/5439/3339 3248/5438/3338 3123/5437/3338
f 3125/5442/3340 3242/5441/3340 3243/5439/3339 3124/5440/3339
f 3126/5444/3341 3299/5443/3341 3242/5441/3340 3125/5442/3340
f 3127/5446/3342 3298/5445/3342 3299/5443/3341 3126/5444/3341
f 3237/5450/3344 3231/5449/3344 3232/5448/3343 3239/5447/3343
f 3128/5452/3345 3297/5451/3345 3298/5445/3342 3127/5446/3342
f 3129/5454/3346 3296/5453/3346 3297/5451/3345 3128/5452/3345
f 3130/5456/3347 3270/5455/3347 3296/5453/3346 3129/5454/3346
f 3273/5460/3349 3265/5459/3349 3268/5458/3348 3274/5457/3348
f 3143/5464/3350 3144/5463/3350 3351/5462/3350 3347/5461/3350
f 3406/5468/3351 3405/5467/3351 3301/5466/3351 3348/5465/3351
f 3350/5472/3352 3304/5471/3352 3302/5470/3315 3349/5469/3315
f 3351/5474/3353 3305/5473/3353 3304/5471/3352 3350/5472/3352
f 3144/5476/3354 3145/5475/3354 3305/5473/3354 3351/5474/3354
f 3302/5480/3355 3307/5479/3355 3352/5478/3355 3353/5477/3355
f 3349/5482/3356 3302/5480/3356 3353/5477/3356 3354/5481/3356
f 3131/5484/3357 3260/5483/3357 3270/5455/3347 3130/5456/3347
f 3231/5449/3359 3226/5486/3359 3227/5485/3358 3232/5448/3358
f 3345/5488/3360 3349/5482/3360 3354/5481/3360 3355/5487/3360
f 3341/5490/3361 3345/5488/3361 3355/5487/3361 3356/5489/3361
f 3337/5492/3362 3341/5490/3362 3356/5489/3362 3357/5491/3362
f 3333/5494/3363 3337/5492/3363 3357/5491/3363 3398/5493/3363
f 3329/5496/3364 3333/5494/3364 3398/5493/3364 3399/5495/3364
f 3220/5500/3366 3214/5499/3366 3215/5498/3365 3221/5497/3365
f 3132/5502/3367 3257/5501/3367 3260/5483/3357 3131/5484/3357
f 3133/5504/3368 3254/5503/3368 3257/5501/3367 3132/5502/3367
f 3263/5507/3370 3255/5506/3370 3256/5505/3369 3265/5459/3369
f 3134/5509/3371 3249/5508/3371 3254/5503/3368 3133/5504/3368
f 3123/5437/3338 3248/5438/3338 3249/5508/3371 3134/5509/3371
f 3245/5511/3373 3237/5450/3373 3239/5447/3372 3246/5510/3372
f 3272/5512/3374 3263/5507/3374 3265/5459/3349 3273/5460/3349
f 3137/5516/3375 3136/5515/3375 3331/5514/3375 3325/5513/3375
f 3175/5520/3376 3176/5519/3376 3332/5518/3376 3328/5517/3376
f 3325/5513/3378 3331/5514/3378 3330/5522/3377 3324/5521/3377
f 3339/5526/3380 3343/5525/3380 3342/5524/3379 3338/5523/3379
f 3309/5530/3382 3313/5529/3382 3312/5528/3381 3308/5527/3381
f 3338/5523/3379 3342/5524/3379 3341/5532/3383 3337/5531/3383
f 3219/5534/3384 3213/5533/3384 3214/5499/3366 3220/5500/3366
f 3323/5536/3385 3329/5496/3385 3399/5495/3385 3400/5535/3385
f 3319/5538/3386 3323/5536/3386 3400/5535/3386 3401/5537/3386
f 3315/5540/3387 3319/5538/3387 3401/5537/3387 3402/5539/3387
f 3311/5542/3388 3315/5540/3388 3402/5539/3388 3403/5541/3388
f 3307/5479/3389 3311/5542/3389 3403/5541/3389 3352/5478/3389
f 3330/5522/3390 3334/5545/3390 3333/5544/3337 3329/5543/3337
f 3353/5477/3391 3352/5478/3392 3404/5547/3392 3405/5546/3391
f 3354/5481/3393 3353/5477/3391 3405/5546/3391 3406/5548/3393
f 3236/5550/3394 3230/5549/3394 3231/5449/3344 3237/5450/3344
f 3280/5554/3395 3279/5553/3395 3228/5552/3395 3233/5551/3395
f 3131/5484/3396 3130/5456/3396 3230/5556/3396 3236/5555/3396
f 3355/5487/3397 3354/5481/3393 3406/5548/3393 3407/5557/3397
f 3356/5489/3398 3355/5487/3397 3407/5557/3397 3408/5558/3398
f 3357/5491/3399 3356/5489/3398 3408/5558/3398 3409/5559/3399
f 3398/5493/3400 3357/5491/3399 3409/5559/3399 3176/5560/3400
f 3399/5495/3401 3398/5493/3400 3176/5560/3400 3175/5561/3401
f 3304/5471/3402 3308/5527/3402 3307/5562/2337 3302/5470/2337
f 3324/5521/3377 3330/5522/3377 3329/5543/3403 3323/5563/3403
f 3404/5567/3404 3171/5566/3404 3310/5565/3404 3306/5564/3404
f 3369/5569/3406 3144/5463/3406 3143/5464/3405 3358/5568/3405
f 3358/5568/3405 3143/5464/3405 3142/5571/3407 3359/5570/3407
f 3359/5570/3407 3142/5571/3407 3141/5573/3408 3360/5572/3408
f 3360/5572/3408 3141/5573/3408 3135/5575/3409 3361/5574/3409
f 3361/5574/3409 3135/5575/3409 3136/5577/3410 3362/5576/3410
f 3362/5576/3410 3136/5577/3410 3137/5579/3411 3363/5578/3411
f 3363/5578/3411 3137/5579/3411 3138/5581/3412 3364/5580/3412
f 3364/5580/3412 3138/5581/3412 3139/5583/3413 3365/5582/3413
f 3365/5582/3413 3139/5583/3413 3140/5585/3414 3366/5584/3414
f 3132/5502/3415 3131/5484/3415 3236/5555/3415 3244/5586/3415
f 3366/5584/3414 3140/5585/3414 3146/5588/3416 3367/5587/3416
f 3367/5587/3416 3146/5588/3416 3145/5590/3417 3368/5589/3417
f 3225/5593/3419 3219/5592/3419 3220/5591/3418 3226/5486/3418
f 3368/5589/3417 3145/5590/3417 3144/5463/3406 3369/5569/3406
f 3383/5597/3420 3382/5596/3420 3381/5595/3420 3370/5594/3420
f 3384/5599/3421 3383/5597/3421 3370/5594/3421 3371/5598/3421
f 3384/5599/3422 3371/5598/3422 3374/5601/3422 3385/5600/3422
f 3381/5595/3423 3380/5603/3423 3372/5602/3423 3370/5594/3423
f 3370/5594/3424 3372/5602/3424 3373/5604/3424 3371/5598/3424
f 3371/5598/3425 3373/5604/3425 3375/5605/3425 3374/5601/3425
f 3380/5603/3426 3379/5607/3426 3378/5606/3426 3372/5602/3426
f 3182/5611/3427 3181/5610/3427 3148/5609/3427 3150/5608/3427
f 3256/5615/3429 3251/5614/3429 3252/5613/3428 3258/5612/3428
f 3275/5619/3430 3269/5618/3431 3149/5617/3431 3147/5616/3430
f 3265/5459/3369 3256/5505/3369 3258/5620/210 3268/5458/210
f 3120/5624/3432 3281/5623/3432 3240/5622/3432 3247/5621/3432
f 3184/5626/3433 3182/5611/3433 3150/5608/3433 3152/5625/3433
f 3269/5618/3431 3259/5628/3434 3151/5627/3434 3149/5617/3431
f 3185/5630/3435 3184/5626/3435 3152/5625/3435 3154/5629/3435
f 3259/5628/3434 3253/5632/3436 3153/5631/3436 3151/5627/3434
f 3186/5634/3437 3185/5630/3437 3154/5629/3437 3156/5633/3437
f 3253/5632/3436 3247/5636/3438 3155/5635/3438 3153/5631/3436
f 3187/5638/3439 3186/5634/3439 3156/5633/3439 3158/5637/3439
f 3247/5636/3438 3240/5640/3440 3157/5639/3440 3155/5635/3438
f 3188/5642/3441 3187/5638/3441 3158/5637/3441 3160/5641/3441
f 3122/5646/3442 3121/5645/3442 3253/5644/3442 3259/5643/3442
f 3373/5604/3443 3372/5602/3443 3378/5606/3443 3377/5647/3443
f 3375/5605/3444 3373/5604/3444 3377/5647/3444 3376/5648/3444
f 3291/5650/3445 3122/5646/3445 3259/5643/3445 3269/5649/3445
f 3283/5654/3446 3385/5653/3446 3374/5652/3446 3293/5651/3446
f 3293/5651/3447 3374/5652/3447 3375/5656/3447 3303/5655/3447
f 3303/5660/3448 3375/5659/3448 3376/5658/3448 3327/5657/3448
f 3327/5657/3449 3376/5658/3449 3377/5662/3449 3414/5661/3449
f 3414/5661/3450 3377/5662/3450 3378/5664/3450 3412/5663/3450
f 3412/5663/3451 3378/5664/3451 3379/5666/3451 3410/5665/3451
f 3251/5614/3453 3245/5668/3453 3246/5667/3452 3252/5613/3452
f 3240/5640/3440 3233/5670/3454 3159/5669/3454 3157/5639/3440
f 3189/5672/3455 3188/5642/3455 3160/5641/3455 3162/5671/3455
f 3233/5670/3454 3228/5674/3456 3161/5673/3456 3159/5669/3454
f 3193/5676/3457 3189/5672/3457 3162/5671/3457 3164/5675/3457
f 3228/5674/3456 3222/5678/3458 3163/5677/3458 3161/5673/3456
f 3194/5680/3459 3193/5676/3459 3164/5675/3459 3166/5679/3459
f 3222/5678/3458 3216/5682/3460 3165/5681/3460 3163/5677/3458
f 3195/5684/3461 3194/5680/3461 3166/5679/3461 3168/5683/3461
f 3216/5682/3460 3211/5686/3462 3167/5685/3462 3165/5681/3460
f 3183/5688/3463 3195/5684/3463 3168/5683/3463 3170/5687/3463
f 3410/5692/3464 3379/5691/3464 3380/5690/3464 3178/5689/3464
f 3211/5686/3462 3204/5694/3465 3169/5693/3465 3167/5685/3462
f 3181/5610/3466 3183/5688/3466 3170/5687/3466 3148/5609/3466
f 3204/5694/3465 3275/5619/3430 3147/5616/3430 3169/5693/3465
f 3178/5689/3467 3380/5690/3467 3381/5696/3467 3180/5695/3467
f 3180/5695/3468 3381/5696/3468 3382/5698/3468 3262/5697/3468
f 3262/5702/3469 3382/5701/3469 3383/5700/3469 3266/5699/3469
f 3266/5699/3470 3383/5700/3470 3384/5704/3470 3271/5703/3470
f 3271/5706/3471 3384/5705/3471 3385/5653/3471 3283/5654/3471
f 3230/5549/3472 3225/5593/3472 3226/5486/3359 3231/5449/3359
f 3133/5504/3473 3132/5502/3473 3244/5586/3473 3250/5707/3473
f 3124/5440/3474 3123/5437/3474 3263/5709/3474 3272/5708/3474
f 3244/5710/3475 3236/5550/3475 3237/5450/3373 3245/5511/3373
f 3281/5623/3476 3280/5554/3476 3233/5551/3476 3240/5622/3476
f 3123/5437/3477 3134/5509/3477 3255/5711/3477 3263/5709/3477
f 3176/5715/3478 3409/5714/3478 3336/5713/3478 3332/5712/3478
f 3197/5719/3479 3290/5718/3480 3122/5717/3480 3291/5716/3479
f 3290/5718/3480 3289/5721/3481 3121/5720/3481 3122/5717/3480
f 3289/5721/3481 3288/5723/3482 3120/5722/3482 3121/5720/3481
f 3288/5723/3482 3287/5725/3483 3281/5724/3483 3120/5722/3482
f 3226/5486/3418 3220/5591/3418 3221/5726/197 3227/5485/197
f 3287/5725/3483 3286/5728/3484 3280/5727/3484 3281/5724/3483
f 3409/5714/3485 3408/5730/3485 3340/5729/3485 3336/5713/3485
f 3286/5728/3484 3285/5732/3486 3279/5731/3486 3280/5727/3484
f 3285/5732/3486 3284/5734/3487 3278/5733/3487 3279/5731/3486
f 3284/5734/3487 3190/5736/3488 3277/5735/3488 3278/5733/3487
f 3190/5736/3488 3191/5738/3489 3276/5737/3489 3277/5735/3488
f 3191/5738/3489 3192/5740/3490 3295/5739/3490 3276/5737/3489
f 3192/5740/3490 3196/5742/3491 3294/5741/3491 3295/5739/3490
f 3196/5742/3491 3197/5719/3479 3291/5716/3479 3294/5741/3491
f 3268/5744/3492 3258/5743/3492 3290/5718/3492 3197/5719/3492
f 3258/5743/3493 3252/5745/3493 3289/5721/3493 3290/5718/3493
f 3252/5745/3494 3246/5746/3494 3288/5723/3494 3289/5721/3494
f 3255/5748/3495 3250/5747/3495 3251/5614/3429 3256/5615/3429
f 3246/5746/3496 3239/5749/3496 3287/5725/3496 3288/5723/3496
f 3239/5749/3497 3232/5750/3497 3286/5728/3497 3287/5725/3497
f 3232/5750/3498 3227/5751/3498 3285/5732/3498 3286/5728/3498
f 3227/5751/3499 3221/5752/3499 3284/5734/3499 3285/5732/3499
f 3405/5467/3500 3404/5567/3500 3306/5564/3500 3301/5466/3500
f 3221/5752/3501 3215/5753/3501 3190/5736/3501 3284/5734/3501
f 3215/5753/3502 3210/5754/3502 3191/5738/3502 3190/5736/3502
f 3210/5754/3503 3203/5755/3503 3192/5740/3503 3191/5738/3503
f 3203/5755/3504 3274/5756/3504 3196/5742/3504 3192/5740/3504
f 3129/5454/3505 3128/5452/3505 3219/5758/3505 3225/5757/3505
f 3294/5760/3506 3291/5650/3506 3269/5649/3506 3275/5759/3506
f 3274/5756/3507 3268/5744/3507 3197/5719/3507 3196/5742/3507
f 3125/5442/3508 3124/5440/3508 3272/5708/3508 3200/5761/3508
f 3200/5763/3510 3272/5512/3510 3273/5460/3509 3201/5762/3509
f 3278/5767/3511 3277/5766/3511 3216/5765/3511 3222/5764/3511
f 3201/5762/3509 3273/5460/3509 3274/5457/3512 3203/5768/3512
f 3295/5770/3513 3294/5760/3513 3275/5759/3513 3204/5769/3513
f 3126/5444/3514 3125/5442/3514 3200/5761/3514 3208/5771/3514
f 3279/5773/3515 3278/5767/3515 3222/5764/3515 3228/5772/3515
f 3208/5775/3517 3200/5763/3517 3201/5762/3516 3209/5774/3516
f 3135/5575/3518 3141/5573/3518 3339/5777/3518 3335/5776/3518
f 3313/5781/3520 3317/5780/3520 3316/5779/3519 3312/5778/3519
f 3348/5785/3521 3301/5784/3522 3177/5783/3522 3411/5782/3521
f 3396/5789/3523 3397/5788/3523 3410/5787/3523 3178/5786/3523
f 3344/5791/3524 3348/5785/3521 3411/5782/3521 3413/5790/3524
f 3397/5788/3525 3386/5793/3525 3412/5792/3525 3410/5787/3525
f 3340/5795/3526 3344/5791/3524 3413/5790/3524 3415/5794/3526
f 3386/5793/3527 3387/5797/3527 3414/5796/3527 3412/5792/3527
f 3336/5799/3528 3340/5795/3526 3415/5794/3526 3326/5798/3528
f 3387/5797/3529 3388/5801/3529 3327/5800/3529 3414/5796/3529
f 3332/5803/3530 3336/5799/3528 3326/5798/3528 3300/5802/3530
f 3209/5774/3516 3201/5762/3516 3203/5768/3531 3210/5804/3531
f 3276/5808/3532 3295/5807/3532 3204/5806/3532 3211/5805/3532
f 3388/5801/3533 3389/5810/3533 3303/5809/3533 3327/5800/3533
f 3127/5446/3534 3126/5444/3534 3208/5771/3534 3213/5811/3534
f 3328/5813/3535 3332/5803/3530 3300/5802/3530 3292/5812/3535
f 3389/5810/3536 3390/5815/3536 3293/5814/3536 3303/5809/3536
f 3322/5817/3537 3328/5813/3535 3292/5812/3535 3282/5816/3537
f 3390/5815/3538 3391/5819/3538 3283/5818/3538 3293/5814/3538
f 3318/5821/3539 3322/5817/3537 3282/5816/3537 3267/5820/3539
f 3391/5819/3540 3392/5823/3540 3271/5822/3540 3283/5818/3540
f 3314/5825/3541 3318/5821/3539 3267/5820/3539 3264/5824/3541
f 3392/5823/3542 3393/5827/3542 3266/5826/3542 3271/5822/3542
f 3213/5533/3544 3208/5829/3544 3209/5828/3543 3214/5499/3543
f 3214/5499/3543 3209/5828/3543 3210/5830/3545 3215/5498/3545
f 3310/5832/3546 3314/5825/3541 3264/5824/3541 3261/5831/3546
f 3393/5827/3547 3394/5834/3547 3262/5833/3547 3266/5826/3547
f 3306/5836/3548 3310/5832/3546 3261/5831/3546 3179/5835/3548
f 3156/5840/3549 3199/5839/3549 3198/5838/3549 3158/5837/3549
f 3154/5844/3550 3202/5843/3550 3199/5842/3550 3156/5841/3550
f 3152/5846/3551 3205/5845/3551 3202/5843/3551 3154/5844/3551
f 3150/5850/3552 3206/5849/3552 3205/5848/3552 3152/5847/3552
f 3148/5852/3553 3207/5851/3553 3206/5849/3553 3150/5850/3553
f 3170/5854/3554 3212/5853/3554 3207/5851/3554 3148/5852/3554
f 3168/5858/3555 3217/5857/3555 3212/5856/3555 3170/5855/3555
f 3166/5860/3556 3218/5859/3556 3217/5857/3556 3168/5858/3556
f 3164/5862/3557 3223/5861/3557 3218/5859/3557 3166/5860/3557
f 3162/5864/3448 3224/5863/3448 3223/5861/3448 3164/5862/3448
f 3160/5868/3558 3229/5867/3558 3224/5866/3558 3162/5865/3558
f 3158/5837/3446 3198/5838/3446 3229/5867/3446 3160/5868/3446
f 3224/5872/3559 3234/5871/3559 3218/5870/3559 3223/5869/3559
f 3234/5871/3443 3235/5874/3443 3217/5873/3443 3218/5870/3443
f 3207/5876/3560 3212/5875/3560 3217/5873/3560 3235/5874/3560
f 3238/5878/3561 3234/5871/3561 3224/5872/3561 3229/5877/3561
f 3241/5879/3562 3235/5874/3562 3234/5871/3562 3238/5878/3562
f 3206/5880/3563 3207/5876/3563 3235/5874/3563 3241/5879/3563
f 3199/5882/3564 3238/5878/3564 3229/5877/3564 3198/5881/3564
f 3199/5882/3565 3202/5883/3565 3241/5879/3565 3238/5878/3565
f 3277/5766/3566 3276/5808/3566 3211/5805/3566 3216/5765/3566
f 3202/5883/3567 3205/5884/3567 3206/5880/3567 3241/5879/3567
f 3128/5452/3568 3127/5446/3568 3213/5811/3568 3219/5758/3568
f 3343/5525/3570 3347/5886/3570 3346/5885/3569 3342/5524/3569
f 3342/5524/3569 3346/5885/3569 3345/5887/3571 3341/5532/3571
f 3408/5730/3572 3407/5889/3572 3344/5888/3572 3340/5729/3572
f 3141/5891/3573 3142/5890/3573 3343/5525/3573 3339/5526/3573
f 3142/5890/3574 3143/5892/3574 3347/5886/3574 3343/5525/3574
f 3172/5896/3575 3173/5895/3575 3318/5894/3575 3314/5893/3575
f 3136/5515/3576 3135/5898/3576 3335/5897/3576 3331/5514/3576
f 3140/5900/3577 3139/5899/3577 3317/5780/3577 3313/5781/3577
f 3317/5780/3579 3321/5902/3579 3320/5901/3578 3316/5779/3578
f 3407/5889/3580 3406/5904/3580 3348/5903/3580 3344/5888/3580
f 3346/5906/3582 3350/5472/3582 3349/5469/3581 3345/5905/3581
f 3394/5834/3583 3395/5908/3583 3180/5907/3583 3262/5833/3583
f 3347/5909/3584 3351/5474/3584 3350/5472/3582 3346/5906/3582
f 3173/5895/3585 3174/5911/3585 3322/5910/3585 3318/5894/3585
f 3121/5913/3586 3120/5624/3586 3247/5621/3586 3253/5912/3586
f 3301/5784/3522 3306/5836/3548 3179/5835/3548 3177/5783/3522
f 3312/5778/3519 3316/5779/3519 3315/5915/3587 3311/5914/3587
f 3395/5908/3588 3396/5789/3588 3178/5786/3588 3180/5907/3588
f 3130/5456/3589 3129/5454/3589 3225/5757/3589 3230/5556/3589
f 3335/5897/3591 3339/5917/3591 3338/5916/3590 3334/5545/3590
f 3320/5919/3593 3324/5521/3593 3323/5563/3592 3319/5918/3592
f 3305/5473/3594 3309/5530/3594 3308/5527/3402 3304/5471/3402
f 3308/5527/3381 3312/5528/3381 3311/5920/3595 3307/5562/3595
f 3171/5566/3596 3172/5922/3596 3314/5921/3596 3310/5565/3596
f 3316/5779/3578 3320/5901/3578 3319/5923/3597 3315/5915/3597
f 3331/5514/3598 3335/5897/3598 3334/5545/3390 3330/5522/3390
f 3139/5899/3599 3138/5924/3599 3321/5902/3599 3317/5780/3599
f 3134/5509/3600 3133/5504/3600 3250/5707/3600 3255/5711/3600
f 3250/5747/3601 3244/5925/3601 3245/5668/3453 3251/5614/3453
f 3145/5475/3602 3146/5926/3602 3309/5530/3602 3305/5473/3602
f 3138/5581/3603 3137/5579/3603 3325/5928/3603 3321/5927/3603
f 3321/5929/3604 3325/5513/3604 3324/5521/3593 3320/5919/3593
f 3174/5911/3605 3175/5520/3605 3328/5517/3605 3322/5910/3605
f 3146/5588/3606 3140/5585/3606 3313/5931/3606 3309/5930/3606
f 3352/5478/3392 3403/5541/3607 3171/5932/3607 3404/5547/3392
f 3403/5541/3607 3402/5539/3608 3172/5933/3608 3171/5932/3607
f 3402/5539/3608 3401/5537/3609 3173/5934/3609 3172/5933/3608
f 3401/5537/3609 3400/5535/3610 3174/5935/3610 3173/5934/3609
f 3334/5545/3590 3338/5916/3590 3337/5936/3611 3333/5544/3611
f 3400/5535/3610 3399/5495/3401 3175/5561/3401 3174/5935/3610
f 3416/5940/3612 3417/5939/3612 3193/5938/3612 3194/5937/3612
f 3418/5942/3613 3416/5940/3613 3194/5937/3613 3195/5941/3613
f 3419/5944/3614 3418/5942/3614 3195/5941/3614 3183/5943/3614
f 3420/5946/3615 3419/5944/3615 3183/5943/3615 3181/5945/3615
f 3421/5950/3616 3420/5949/3616 3181/5948/3616 3182/5947/3616
f 3422/5952/3617 3421/5950/3617 3182/5947/3617 3184/5951/3617
f 3423/5954/3618 3422/5952/3618 3184/5951/3618 3185/5953/3618
f 3424/5956/3619 3423/5954/3619 3185/5953/3619 3186/5955/3619
f 3425/5958/3620 3424/5956/3620 3186/5955/3620 3187/5957/3620
f 3426/5960/3621 3425/5958/3621 3187/5957/3621 3188/5959/3621
f 3427/5964/3622 3426/5963/3622 3188/5962/3622 3189/5961/3622
f 3417/5939/3623 3427/5964/3623 3189/5961/3623 3193/5938/3623
f 3428/5968/3624 3429/5967/3624 3393/5966/3624 3392/5965/3624
f 3429/5967/3618 3430/5970/3618 3394/5969/3618 3393/5966/3618
f 3430/5970/3625 3431/5972/3625 3395/5971/3625 3394/5969/3625
f 3431/5972/3626 3432/5974/3626 3396/5973/3626 3395/5971/3626
f 3432/5978/3627 3433/5977/3627 3397/5976/3627 3396/5975/3627
f 3433/5977/3628 3434/5980/3628 3386/5979/3628 3397/5976/3628
f 3434/5980/3629 3435/5982/3629 3387/5981/3629 3386/5979/3629
f 3435/5982/3630 3436/5984/3630 3388/5983/3630 3387/5981/3630
f 3436/5984/3631 3437/5986/3631 3389/5985/3631 3388/5983/3631
f 3437/5986/3632 3438/5988/3632 3390/5987/3632 3389/5985/3632
f 3438/5992/3633 3439/5991/3633 3391/5990/3633 3390/5989/3633
f 3439/5991/3634 3428/5968/3634 3392/5965/3634 3391/5990/3634
f 3440/5996/3635 3441/5995/3636 3417/5994/3636 3416/5993/3635
f 3442/5998/3637 3440/5996/3635 3416/5993/3635 3418/5997/3637
f 3443/6000/3638 3442/5998/3637 3418/5997/3637 3419/5999/3638
f 3444/6002/3639 3443/6000/3638 3419/5999/3638 3420/6001/3639
f 3445/6004/3640 3444/6002/3639 3420/6001/3639 3421/6003/3640
f 3446/6006/3641 3445/6004/3640 3421/6003/3640 3422/6005/3641
f 3447/6008/3642 3446/6006/3641 3422/6005/3641 3423/6007/3642
f 3448/6010/3643 3447/6008/3642 3423/6007/3642 3424/6009/3643
f 3449/6012/3644 3448/6010/3643 3424/6009/3643 3425/6011/3644
f 3450/6014/3645 3449/6012/3644 3425/6011/3644 3426/6013/3645
f 3451/6016/3646 3450/6014/3645 3426/6013/3645 3427/6015/3646
f 3441/5995/3636 3451/6016/3646 3427/6015/3646 3417/5994/3636
f 3452/6020/3647 3453/6019/3648 3439/6018/3648 3438/6017/3647
f 3453/6019/3648 3454/6022/3649 3428/6021/3649 3439/6018/3648
f 3454/6022/3649 3455/6024/3650 3429/6023/3650 3428/6021/3649
f 3455/6024/3650 3456/6026/3651 3430/6025/3651 3429/6023/3650
f 3456/6026/3651 3457/6028/3652 3431/6027/3652 3430/6025/3651
f 3457/6028/3652 3458/6030/3653 3432/6029/3653 3431/6027/3652
f 3458/6030/3653 3459/6032/3654 3433/6031/3654 3432/6029/3653
f 3459/6032/3654 3460/6034/3655 3434/6033/3655 3433/6031/3654
f 3460/6034/3655 3461/6036/3656 3435/6035/3656 3434/6033/3655
f 3461/6036/3656 3462/6038/3657 3436/6037/3657 3435/6035/3656
f 3462/6038/3657 3463/6040/3658 3437/6039/3658 3436/6037/3657
f 3463/6040/3658 3452/6020/3647 3438/6017/3647 3437/6039/3658
f 2104/5435/3659 2103/6041/3659 3556/787/3659 3558/788/3659
f 3119/4940/3043 3476/4941/3043 3462/6043/3660 3461/6042/3660
f 306/724/3403 304/732/3403 2124/547/3403 2125/555/3403
f 3486/4946/3047 3119/4940/3047 3461/6042/3661 3460/6044/3661
f 2139/5408/3662 2125/555/3662 3557/554/3662 2202/6045/3662
f 2853/4952/3051 3486/4953/3051 3460/6047/3663 3459/6046/3663
f 2144/670/3664 2139/671/3664 2202/6049/3664 2209/6048/3664
f 3098/4958/3055 2853/4952/3055 3459/6046/3665 3458/6050/3665
f 2156/718/3666 2144/670/3666 2209/6048/3666 2212/6051/3666
f 3483/4964/3059 3098/4958/3059 3458/6050/3667 3457/6052/3667
f 2165/725/3668 2156/726/3668 2212/6054/3668 2219/6053/3668
f 3103/4968/3063 3483/4969/3063 3457/6056/3669 3456/6055/3669
f 2172/3738/3670 2165/725/3670 2219/6053/3670 2225/6057/3670
f 3481/4974/3067 3103/4968/3067 3456/6055/3671 3455/6058/3671
f 2174/5405/3672 2172/3738/3672 2225/6057/3672 2229/6059/3672
f 3107/4980/3071 3481/4974/3071 3455/6058/3673 3454/6060/3673
f 2175/5421/3674 2174/6063/3674 2229/6062/3674 2237/6061/3674
f 3102/4984/3075 3107/4980/3075 3454/6060/3675 3453/6064/3675
f 2176/5420/3676 2175/5421/3676 2237/6061/3676 3565/6065/3676
f 2846/4988/3079 3102/4989/3079 3453/6067/3677 3452/6066/3677
f 2178/5425/3678 2176/5420/3678 3565/6065/3678 3563/6068/3678
f 3101/4994/3083 2846/4988/3083 3452/6066/3679 3463/6069/3679
f 2121/6071/3680 2178/5425/3680 3563/6068/3680 3561/6070/3680
f 3476/4998/3087 3101/4994/3087 3463/6069/3681 3462/6072/3681
f 2848/6076/3682 2847/6075/3682 3545/6074/3682 3538/6073/3682
f 3499/6078/3683 3498/6077/3683 3478/3787/3683 3479/3789/3683
f 2849/6080/3684 2848/6076/3684 3538/6073/3684 3536/6079/3684
f 3498/6077/3685 3497/6081/3685 3477/3786/3685 3478/3787/3685
f 3100/6083/3686 2849/6080/3686 3536/6079/3686 3097/6082/3686
f 3497/6086/3687 3496/6085/3687 3475/3772/3687 3477/6084/3687
f 3104/6088/3688 3100/6083/3688 3097/6082/3688 2855/6087/3688
f 3491/6090/3689 3490/3901/3689 3115/3802/3689 3116/6089/3689
f 2854/3778/3690 2852/6093/3691 3480/6092/3691 3554/6091/3690
f 3554/6091/3692 3480/6092/3692 3482/6095/3692 3555/6094/3692
f 2852/6093/3691 2850/3756/3693 3484/6096/3693 3480/6092/3691
f 3480/6092/3694 3484/6096/3694 3485/6097/3694 3482/6095/3694
f 3496/6085/3695 3495/6098/3695 3473/3763/3695 3475/3772/3695
f 2850/3756/3693 3514/3757/3696 3487/6099/3696 3484/6096/3693
f 3484/6096/3697 3487/6099/3697 226/6100/3697 3485/6097/3697
f 3514/3757/3696 3516/6102/3698 227/6101/3698 3487/6099/3696
f 3487/6099/3699 227/6101/3699 228/6103/3699 226/6100/3699
f 3516/6102/3698 3518/3744/3700 229/6104/3700 227/6101/3698
f 227/6101/3701 229/6104/3701 3099/6105/3701 228/6103/3701
f 3518/3744/3700 3548/3745/3702 3550/6106/3702 229/6104/3700
f 229/6104/3703 3550/6106/3703 3540/6107/3703 3099/6105/3703
f 3547/6111/3704 3549/6110/3704 3540/6109/3704 3531/6108/3704
f 3531/6113/3705 3540/6107/3705 3550/6106/3705 3534/6112/3705
f 3545/6115/3706 3547/6111/3706 3531/6108/3706 3526/6114/3706
f 3526/6117/3707 3531/6113/3707 3534/6112/3707 3529/6116/3707
f 3538/6119/3708 3545/6115/3708 3526/6114/3708 3522/6118/3708
f 3522/6121/3709 3526/6117/3709 3529/6116/3709 3524/6120/3709
f 3536/6079/3710 3538/6073/3710 3522/6123/3710 3553/6122/3710
f 3553/6125/3711 3522/6121/3711 3524/6120/3711 3552/6124/3711
f 3097/6082/3712 3536/6079/3712 3553/6122/3712 3520/6126/3712
f 3520/6128/3713 3553/6125/3713 3552/6124/3713 3521/6127/3713
f 2855/3893/3714 3097/6131/3714 3520/6130/3714 3555/6129/3714
f 3555/6094/3715 3520/6128/3715 3521/6127/3715 3554/6091/3715
f 2855/3893/3716 3555/6129/3716 3482/6132/3716 2851/3888/3716
f 2851/3888/3717 3482/6132/3717 3485/6133/3717 3513/3887/3717
f 3513/6136/3718 3485/6135/3719 226/6134/3719 3515/3805/3718
f 3515/3805/2378 226/6134/3720 228/6137/3720 3517/3804/2378
f 3517/3804/3721 228/6137/3722 3099/6138/3722 3519/3903/3721
f 3519/3903/2445 3099/6138/3723 3540/6139/3723 3549/3902/2445
f 3546/6140/3724 3534/6112/3724 3550/6106/3702 3548/3745/3702
f 3543/3790/3725 3529/6116/3725 3534/6112/3724 3546/6140/3724
f 3537/3791/3726 3524/6120/3726 3529/6116/3725 3543/3790/3725
f 3525/6141/3727 3552/6124/3727 3524/6120/3726 3537/3791/3726
f 3096/3777/3728 3521/6127/3728 3552/6124/3727 3525/6141/3727
f 2854/3778/3690 3554/6091/3690 3521/6127/3728 3096/3777/3728
f 3495/6098/3729 3494/3908/3729 3471/3762/3729 3473/3763/3729
f 3509/3854/2414 3510/3855/2414 3491/3883/2414 3492/3884/2414
f 3508/3862/2418 3509/3854/2418 3492/3884/3730 3493/6142/3730
f 3507/3864/2420 3508/3865/2420 3493/6144/2420 3494/6143/2420
f 3506/3866/2423 3507/3867/2423 3494/3908/3731 3495/6098/3731
f 3505/3870/2425 3506/3866/2425 3495/6098/3732 3496/6085/3732
f 3504/3873/2427 3505/3874/2427 3496/6146/2427 3497/6145/2427
f 3503/3875/2429 3504/3876/2429 3497/6081/3733 3498/6077/3733
f 3502/3881/2432 3503/3875/2432 3498/6077/2432 3499/6078/2432
f 3501/3885/2434 3502/3886/2434 3499/6148/2434 3488/6147/2434
f 3490/3901/3734 3489/3899/3734 3113/3798/3734 3115/3802/3734
f 2847/6150/3735 2845/6149/3735 3547/6111/3735 3545/6115/3735
f 3106/6151/3736 3513/6136/3718 3515/3805/3718 3108/3806/3736
f 3488/3900/3737 3499/6153/3737 3479/6152/3737 3112/3797/3737
f 2845/6149/3738 2844/6154/3738 3549/6110/3738 3547/6111/3738
f 3489/3899/3739 3488/3900/3739 3112/3797/3739 3113/3798/3739
f 3493/6142/3740 3492/3884/3740 3466/3751/3740 3468/3755/3740
f 3109/3803/3741 3517/3804/3721 3519/3903/3721 3110/3904/3741
f 3510/3852/2412 3511/3853/2412 3490/6156/2412 3491/6155/2412
f 2454/4247/3742 576/2473/3742 603/2474/3742 1360/4219/3742
f 648/4210/3743 1355/4217/3743 584/1196/736 582/1200/736
f 1355/4217/3744 603/2474/3744 567/1199/734 584/1196/734
f 2465/4206/3745 2463/4241/3745 1385/4220/3745 1395/4215/3745
f 2463/4243/2653 564/2468/2653 591/2476/3746 1385/4229/3746
f 2454/4216/3747 2448/6157/3747 1781/4231/3747 1815/4205/3747
f 2448/4209/3748 588/2475/3748 342/2463/2642 1781/4233/2642
f 574/1161/717 1421/2455/1546 589/1160/716
f 1420/2456/1547 1840/2448/1533 589/1160/716 1421/2455/1546
f 2243/3650/3751 566/3768/3751 631/3769/3750 2214/3639/3749
f 1754/6161/3755 355/6160/3754 2193/6159/3753 1836/6158/3752
f 609/3898/3759 2227/3847/3758 2191/3837/3757 558/3811/3756
f 1428/6164/3762 2193/6159/3753 322/6163/3761 1683/6162/3760
f 2191/3837/3757 2192/3810/3763 558/3811/3756
f 2243/3650/3751 1404/3651/3764 566/3768/3751
f 609/3898/3759 2206/3892/3765 2227/3847/3758
f 329/3823/3768 561/3730/3767 2188/3731/3766
f 2227/6167/3758 2232/6166/3769 2191/6165/3757
f 549/6170/3770 609/6169/3759 558/6168/3756
f 1804/532/3771 1766/533/3772 322/677/3761 319/678/3771
f 329/6174/3768 2188/6173/3766 2214/6172/3749 631/6171/3750
f 549/6170/3770 329/6174/3768 631/6171/3750 609/6169/3759
f 1766/533/3772 258/634/3773 1683/713/3760 322/677/3761
f 1836/705/3752 373/706/3774 1754/729/3755
f 319/678/3771 1679/543/3775 1804/532/3771
f 355/737/3754 1774/781/3776 2193/789/3753
f 258/634/3773 320/635/3777 1683/713/3760
f 2193/789/3753 1428/709/3762 1836/705/3752
f 1759/735/3778 355/737/3754 1754/729/3755
f 3717/6169/3779 3651/6176/3780 3652/6175/3780 3718/6171/3779
f 3621/6180/3781 3644/6179/3781 3646/6178/3781 3622/6177/3781
f 3649/6184/3783 3648/6183/3783 3616/6182/3782 3617/6181/3782
f 3719/6186/3784 3650/6185/3785 3651/6176/3785 3717/6169/3784
f 3617/6181/3786 3616/6182/3786 3609/6188/3786 3701/6187/3786
f 3650/6185/3788 3649/6184/3788 3617/6181/3787 3618/6189/3787
f 3641/6193/3789 3707/6192/3789 3708/6191/3789 3696/6190/3789
f 3724/6196/3791 3716/6168/3791 3643/6195/3790 3645/6194/3790
f 3631/6200/3792 3703/6199/3792 3706/6198/3792 3634/6197/3792
f 3633/6204/3793 3705/6203/3793 3709/6202/3793 3632/6201/3793
f 3705/6203/3794 3698/6206/3794 3699/6205/3794 3709/6202/3794
f 3698/6206/3795 3620/6208/3795 3614/6207/3795 3699/6205/3795
f 3620/6208/3796 3641/6193/3796 3696/6190/3796 3614/6207/3796
f 3646/6178/3797 3704/6209/3797 3705/6203/3797 3633/6204/3797
f 3624/6213/3799 3612/6212/3799 3655/6211/3798 3654/6210/3798
f 3704/6209/3800 3697/6214/3800 3698/6206/3800 3705/6203/3800
f 3622/6177/3802 3623/6216/3802 3653/6215/3801 3652/6175/3801
f 3697/6214/3803 3627/6217/3803 3620/6208/3803 3698/6206/3803
f 3627/6217/3804 3634/6197/3804 3641/6193/3804 3620/6208/3804
f 3716/6168/3806 3715/6170/3806 3642/6218/3805 3643/6195/3805
f 3654/6210/3798 3655/6211/3798 3723/6220/3807 3727/6219/3807
f 3655/6211/3809 3636/6221/3809 3720/6172/3808 3723/6220/3808
f 3615/6225/3810 3700/6224/3810 3711/6223/3810 3629/6222/3810
f 3644/6179/3811 3702/6226/3811 3704/6209/3811 3646/6178/3811
f 3711/6223/3812 3700/6224/3812 3703/6199/3812 3631/6200/3812
f 3730/6174/3814 3729/6229/3814 3639/6228/3813 3640/6227/3813
f 3636/6221/3816 3638/6230/3816 3726/6173/3815 3720/6172/3815
f 3638/6230/3818 3639/6228/3818 3729/6229/3817 3726/6173/3817
f 3618/6189/3819 3710/6231/3819 3644/6179/3819 3621/6180/3819
f 3702/6226/3820 3619/6232/3820 3697/6214/3820 3704/6209/3820
f 3618/6189/3821 3617/6181/3821 3701/6187/3821 3710/6231/3821
f 3648/6183/3823 3647/6233/3823 3615/6225/3822 3616/6182/3822
f 3619/6232/3824 3628/6234/3824 3627/6217/3824 3697/6214/3824
f 3707/6192/3825 3640/6227/3813 3639/6228/3813 3708/6191/3825
f 3701/6187/3826 3609/6188/3826 3619/6232/3826 3702/6226/3826
f 3725/6165/3828 3724/6196/3828 3645/6194/3827 3647/6233/3827
f 3634/6197/3829 3706/6198/3829 3707/6192/3829 3641/6193/3829
f 3706/6198/3830 3642/6218/3831 3640/6227/3831 3707/6192/3830
f 3637/6235/3832 3708/6191/3832 3639/6228/3818 3638/6230/3818
f 3722/6166/3833 3725/6165/3833 3647/6233/3823 3648/6183/3823
f 3657/6239/3834 3665/6238/3834 3666/6237/3834 3573/6236/3834
f 3666/6237/3835 3692/6242/3836 3693/6241/3836 3667/6240/3835
f 3590/6246/3837 3589/6245/3837 3610/6244/3837 3681/6243/3837
f 3630/6249/3838 3742/6158/3839 3736/6248/3839 3661/6247/3838
f 3585/6253/3840 3579/6252/3840 3594/6251/3840 3602/6250/3840
f 3591/6257/3841 3584/6256/3841 3601/6255/3841 3595/6254/3841
f 3685/6259/3842 3684/6258/3842 3584/6256/3842 3591/6257/3842
f 3662/6261/3843 3669/6260/3843 3684/6258/3843 3685/6259/3843
f 3681/6243/3844 3610/6244/3844 3669/6260/3844 3662/6261/3844
f 3584/6256/3845 3582/6263/3845 3664/6262/3845 3601/6255/3845
f 3712/6267/3846 3660/6266/3847 3674/6265/3847 3713/6264/3846
f 3684/6258/3848 3682/6268/3848 3582/6263/3848 3584/6256/3848
f 3714/6272/3849 3673/6271/3850 3672/6270/3850 3695/6269/3849
f 3669/6260/3851 3677/6273/3851 3682/6268/3851 3684/6258/3851
f 3610/6244/3852 3602/6250/3852 3677/6273/3852 3669/6260/3852
f 3626/6274/3853 3737/6164/3854 3742/6158/3854 3630/6249/3853
f 3743/6276/3855 3712/6267/3846 3713/6264/3846 3746/6275/3855
f 3740/6278/3856 3603/6277/3857 3712/6267/3857 3743/6276/3856
f 3593/6282/3858 3686/6281/3858 3663/6280/3858 3679/6279/3858
f 3582/6263/3859 3578/6284/3859 3656/6283/3859 3664/6262/3859
f 3579/6252/3860 3686/6281/3860 3593/6282/3860 3594/6251/3860
f 3607/6287/3861 3733/6286/3862 3745/6162/3862 3608/6285/3861
f 3731/6289/3863 3606/6288/3864 3603/6277/3864 3740/6278/3863
f 3733/6286/3865 3607/6287/3866 3606/6288/3866 3731/6289/3865
f 3660/6266/3867 3591/6257/3867 3595/6254/3867 3674/6265/3867
f 3676/6290/3868 3685/6259/3868 3591/6257/3868 3660/6266/3868
f 3604/6291/3869 3662/6261/3869 3685/6259/3869 3676/6290/3869
f 3590/6246/3870 3681/6243/3870 3662/6261/3870 3604/6291/3870
f 3630/6249/3838 3661/6247/3838 3686/6281/3871 3579/6252/3871
f 3626/6274/3853 3630/6249/3853 3579/6252/3872 3585/6253/3872
f 3608/6285/3873 3745/6162/3874 3737/6164/3874 3626/6274/3873
f 3691/6293/3875 3739/6292/3876 3735/6160/3876 3692/6242/3875
f 3603/6277/3857 3676/6290/3877 3660/6266/3877 3712/6267/3857
f 3578/6284/3878 3573/6236/3878 3592/6294/3878 3656/6283/3878
f 3695/6269/3879 3672/6270/3880 3671/6296/3880 3694/6295/3879
f 3692/6242/3836 3735/6160/3881 3744/6297/3881 3693/6241/3836
f 3602/6250/3882 3594/6251/3882 3678/6298/3882 3677/6273/3882
f 3713/6264/3884 3714/6272/3884 3732/6299/3883 3746/6275/3883
f 3594/6251/3885 3593/6282/3885 3679/6279/3885 3678/6298/3885
f 3595/6254/3886 3601/6255/3886 3673/6271/3886 3674/6265/3886
f 3713/6264/3884 3674/6265/3887 3673/6271/3887 3714/6272/3884
f 3694/6295/3888 3671/6296/3889 3667/6240/3889 3693/6241/3888
f 3714/6272/3849 3695/6269/3849 3734/6163/3890 3732/6299/3890
f 3601/6255/3891 3664/6262/3891 3672/6270/3891 3673/6271/3891
f 3678/6298/3892 3679/6279/3892 3657/6239/3892 3668/6300/3892
f 3686/6281/3893 3661/6247/3894 3670/6301/3894 3663/6280/3893
f 3632/6201/3895 3709/6202/3895 3612/6212/3895 3624/6213/3895
f 3709/6202/3896 3699/6205/3896 3625/6302/3896 3612/6212/3896
f 3699/6205/3897 3614/6207/3897 3637/6235/3897 3625/6302/3897
f 3614/6207/3898 3696/6190/3898 3708/6191/3898 3637/6235/3898
f 3700/6224/3899 3645/6194/3790 3643/6195/3790 3703/6199/3899
f 3703/6199/3900 3643/6195/3805 3642/6218/3805 3706/6198/3900
f 3715/6170/3901 3730/6174/3901 3640/6227/3831 3642/6218/3831
f 3721/6167/3902 3722/6166/3902 3648/6183/3783 3649/6184/3783
f 3612/6212/3903 3625/6302/3903 3636/6221/3809 3655/6211/3809
f 3710/6231/3904 3701/6187/3904 3702/6226/3904 3644/6179/3904
f 3621/6180/3905 3622/6177/3905 3652/6175/3780 3651/6176/3780
f 3719/6186/3906 3721/6167/3906 3649/6184/3788 3650/6185/3788
f 3628/6234/3907 3631/6200/3907 3634/6197/3907 3627/6217/3907
f 3728/6303/3908 3653/6215/3909 3654/6210/3909 3727/6219/3908
f 3629/6222/3910 3711/6223/3910 3631/6200/3910 3628/6234/3910
f 3623/6216/3911 3633/6204/3911 3632/6201/3911 3624/6213/3911
f 3623/6216/3912 3624/6213/3912 3654/6210/3909 3653/6215/3909
f 3618/6189/3913 3621/6180/3913 3651/6176/3785 3650/6185/3785
f 3718/6171/3914 3652/6175/3801 3653/6215/3801 3728/6303/3914
f 3622/6177/3915 3646/6178/3915 3633/6204/3915 3623/6216/3915
f 3609/6188/3916 3629/6222/3916 3628/6234/3916 3619/6232/3916
f 3647/6233/3827 3645/6194/3827 3700/6224/3917 3615/6225/3917
f 3625/6302/3918 3637/6235/3918 3638/6230/3816 3636/6221/3816
f 3616/6182/3919 3615/6225/3919 3629/6222/3919 3609/6188/3919
f 3670/6301/3920 3738/6161/3921 3739/6292/3921 3691/6293/3920
f 3607/6287/3866 3590/6246/3922 3604/6291/3922 3606/6288/3866
f 3608/6285/3873 3626/6274/3873 3585/6253/3923 3589/6245/3923
f 3589/6245/3924 3585/6253/3924 3602/6250/3924 3610/6244/3924
f 3661/6247/3894 3736/6248/3925 3738/6161/3925 3670/6301/3894
f 3668/6300/3926 3657/6239/3926 3573/6236/3926 3578/6284/3926
f 3607/6287/3861 3608/6285/3861 3589/6245/3927 3590/6246/3927
f 3677/6273/3928 3678/6298/3928 3668/6300/3928 3682/6268/3928
f 3663/6280/3929 3670/6301/3920 3691/6293/3920 3665/6238/3929
f 3573/6236/3930 3666/6237/3930 3667/6240/3930 3592/6294/3930
f 3682/6268/3931 3668/6300/3931 3578/6284/3931 3582/6263/3931
f 3656/6283/3932 3592/6294/3932 3667/6240/3932 3671/6296/3932
f 3694/6295/3888 3693/6241/3888 3744/6297/3933 3741/6159/3933
f 3665/6238/3934 3691/6293/3875 3692/6242/3875 3666/6237/3934
f 3664/6262/3935 3656/6283/3935 3671/6296/3935 3672/6270/3935
f 3695/6269/3879 3694/6295/3879 3741/6159/3936 3734/6163/3936
f 3679/6279/3937 3663/6280/3937 3665/6238/3937 3657/6239/3937
f 3606/6288/3864 3604/6291/3938 3676/6290/3938 3603/6277/3864
f 3718/6171/3940 3581/6171/3940 3580/6169/3939 3717/6169/3939
f 3717/6169/3939 3580/6169/3939 3596/6186/3941 3719/6186/3941
f 3724/6196/3943 3611/6196/3943 3577/6168/3942 3716/6168/3942
f 3716/6168/3942 3577/6168/3942 3576/6170/3944 3715/6170/3944
f 3723/6220/3946 3600/6220/3946 3687/6219/3945 3727/6219/3945
f 3720/6172/3947 3597/6172/3947 3600/6220/3946 3723/6220/3946
f 3730/6174/3949 3690/6174/3949 3689/6229/3948 3729/6229/3948
f 3726/6173/3950 3635/6173/3950 3597/6172/3947 3720/6172/3947
f 3729/6229/3948 3689/6229/3948 3635/6173/3950 3726/6173/3950
f 3725/6165/3951 3613/6165/3951 3611/6196/3943 3724/6196/3943
f 3722/6166/3952 3599/6166/3952 3613/6165/3951 3725/6165/3951
f 3715/6170/3944 3576/6170/3944 3690/6174/3949 3730/6174/3949
f 3721/6167/3953 3598/6167/3953 3599/6166/3952 3722/6166/3952
f 3719/6186/3941 3596/6186/3941 3598/6167/3953 3721/6167/3953
f 3727/6219/3945 3687/6219/3945 3688/6303/3954 3728/6303/3954
f 3728/6303/3954 3688/6303/3954 3581/6171/3940 3718/6171/3940
f 3742/6158/3956 3658/6158/3956 3575/6248/3955 3736/6248/3955
f 3737/6164/3957 3583/6164/3957 3658/6158/3956 3742/6158/3956
f 3746/6275/3959 3683/6275/3959 3659/6276/3958 3743/6276/3958
f 3743/6276/3958 3659/6276/3958 3588/6278/3960 3740/6278/3960
f 3733/6286/3962 3571/6286/3962 3680/6162/3961 3745/6162/3961
f 3740/6278/3960 3588/6278/3960 3569/6289/3963 3731/6289/3963
f 3731/6289/3963 3569/6289/3963 3571/6286/3962 3733/6286/3962
f 3745/6162/3961 3680/6162/3961 3583/6164/3957 3737/6164/3957
f 3739/6292/3965 3587/6292/3965 3574/6160/3964 3735/6160/3964
f 3735/6160/3964 3574/6160/3964 3675/6297/3966 3744/6297/3966
f 3732/6299/3967 3570/6299/3967 3683/6275/3959 3746/6275/3959
f 3734/6163/3968 3572/6163/3968 3570/6299/3967 3732/6299/3967
f 3738/6161/3969 3586/6161/3969 3587/6292/3965 3739/6292/3965
f 3736/6248/3955 3575/6248/3955 3586/6161/3969 3738/6161/3969
f 3744/6297/3966 3675/6297/3966 3605/6159/3970 3741/6159/3970
f 3741/6159/3970 3605/6159/3970 3572/6163/3968 3734/6163/3968

